id,match_id,player_color,player_name,opponent_name,result,status,player_rating,opponent_rating,rating_difference,variant,speed,perf,clock_time_control,clock_increment,time_control_with_increment,source,division_middle,opening_eval,division_end,middlegame_eval,created_at,last_move_at,time_spent_playing,opening_eco,opening_name,normalized_opening_name,opening_ply,player_rating_diff,player_final_clock,player_avg_time_per_move,player_inaccuracy,player_mistake,player_blunder,player_accuracy,opponent_rating_diff,opponent_final_clock,opponent_avg_time_per_move,opponent_inaccuracy,opponent_mistake,opponent_blunder,opponent_accuracy,half_moves,full_moves,moves,clocks
12452,S8TGhJFw,white,Drac25,Khung999,loss,outoftime,1032,1049,-17,standard,blitz,blitz,300,0,5+0,lichess.org,27.0,4.46,63.0,,04/12/25 02:30,2025-12-04 05:39:34.604+00,573.949,B00,Nimzowitsch Defense: Declined Variation,Nimzowitsch Defense,3,-14,0,6.67,11.0,0.0,2.0,67.0,5,6268,5.39,9.0,3.0,2.0,66.0,90,45,e4 Nc6 Nf3 b6 d4 a5 c3 Ba6 d5 Bxf1 Rxf1 Na7 e5 d6 Bf4 f6 exf6 exf6 Nbd2 Qe7+ Be3 g5 Nd4 c5 Ne6 Bh6 f4 Nb5 a4 Nc7 f5 Nxe6 dxe6 g4 Bxh6 Nxh6 Ne4 O-O-O Qb3 d5 Ng3 c4 Qxb6 Rd6 Qc5+ Kd8 Qxa5+ Ke8 Qc5 Kf8 Kf2 Kg7 Qd4 Ng8 Kg1 h5 a5 Ra6 Ra3 Qa7 Rfa1 Qxd4+ cxd4 Ne7 b3 h4 Ne2 h3 g3 Nxf5 bxc4 dxc4 Kf2 Rxe6 Nf4 Re4 a6 Nxd4 a7 Nc2 a8=Q Rxa8 Rxa8 Nxa1 Rxa1 c3 Rc1 Rc4 Nd5 Kg6,"{30003,30003,29563,25251,29219,25019,28899,24731,28211,24139,28019,23683,25851,23515,24931,22179,24531,22043,23875,21923,23483,21227,23035,20779,22723,19659,21875,18603,21051,18171,18603,17747,18019,17523,17563,17371,15731,17219,15291,17011,14531,16211,14251,15755,12563,15019,12331,14291,11307,13547,10107,13323,8955,11187,8563,10979,5811,10819,5131,10563,4763,10323,4523,9971,4131,9803,3635,9603,3379,9283,3003,8587,2675,8435,2411,7619,2035,7379,1283,7187,832,7019,627,6915,391,6771,261,6467,31,6268,0}"
12453,C0HHmVOS,white,Drac25,gggguuibcfd,win,resign,1021,1009,12,standard,blitz,blitz,300,0,5+0,lichess.org,22.0,1.8,37.0,,04/12/25 02:26,2025-12-04 05:29:48.223+00,215.684,D00,Queen's Pawn Game: Accelerated London System,Queen's Pawn Game,3,11,16481,7.51,,,,,-97,23215,3.77,,,,,37,19,d4 d5 Bf4 e5 dxe5 Nc6 Nf3 Bf5 a3 f6 e3 Be7 Bb5 a6 Bxc6+ bxc6 exf6 Nxf6 Ne5 O-O Nxc6 Qd7 Ne5 Qe6 Nc3 Bd6 O-O Bxe5 Re1 Bxf4 exf4 Qb6 Nxd5 Nxd5 Qxd5+ Qe6 Rxe6,"{30003,30003,29403,29011,29171,28907,27939,28763,27507,28763,25963,28171,25603,27795,25419,27795,25155,27643,24883,27299,24339,26763,23123,26315,20211,26075,18859,25803,18211,24339,18003,23747,17075,23363,16915,23235,16481,23215}"
12454,4KaGxG8n,black,Drac25,Nikosalev,win,timeout,1006,1000,6,standard,blitz,blitz,300,0,5+0,lichess.org,18.0,0.44,,,04/12/25 02:22,2025-12-04 05:25:31.833+00,165.134,C50,Italian Game: Giuoco Pianissimo,Italian Game,7,15,20442,6.83,,,,,-6,20983,6.01,,,,,30,15,e4 e5 Nf3 Nc6 Bc4 Bc5 d3 h6 Bd2 Nd4 Nxd4 Bxd4 c3 Bc5 Be3 d6 Bxc5 dxc5 d4 cxd4 cxd4 exd4 O-O Qg5 Qxd4 c5 Bb5+ Kf8 Rd1 cxd4,"{30003,30003,29931,29627,29851,28179,29483,27955,29019,27739,28731,27563,28603,27283,28483,26907,28363,26763,28195,26283,28059,26043,27499,23731,26123,22739,24619,20971,24171,20442,20983}"
12455,YpN36uF9,white,Drac25,Zemaroth,win,resign,1001,966,35,standard,blitz,blitz,180,2,3+2,lichess.org,14.0,-0.33,31.0,,30/09/25 01:43,2025-09-30 04:46:06.666+00,156.299,B10,Caro-Kann Defense: Hillbilly Attack,Caro-Kann Defense,3,5,13121,2.44,0.0,1.0,0.0,92.0,-5,16247,0.88,3.0,0.0,1.0,70.0,41,21,e4 c6 Bc4 d5 exd5 cxd5 Bb5+ Bd7 Qe2 Bxb5 Qxb5+ Qd7 Qxd7+ Nxd7 Nf3 e5 d4 e4 Ne5 Nxe5 dxe5 f6 e6 O-O-O Nc3 Bb4 Bd2 Re8 Nxd5 Bxd2+ Kxd2 Rxe6 Ke3 f5 g3 g6 h4 Nf6 Nf4 h6 Nxe6,"{18003,18003,17987,18203,18043,18331,18091,18323,17363,18307,17411,18099,17443,18251,17323,18187,17211,18219,17299,18227,17395,18291,17187,17971,16291,17947,15755,17811,15459,17851,15307,17859,14491,17803,14059,17795,13867,17779,13411,16691,13121,16247}"
12456,P23TAQO7,black,Drac25,Zemaroth,loss,outoftime,1007,959,48,standard,blitz,blitz,180,2,3+2,lichess.org,19.0,5.79,,,30/09/25 01:35,2025-09-30 04:43:18.449+00,447.786,C50,Italian Game,Italian Game,5,-6,0,7.2,,,,,7,2190,6.33,,,,,51,26,e4 e5 Nf3 Nc6 Bc4 Bb4 O-O Nf6 d3 d5 exd5 Nxd5 Bd2 b5 Bxd5 Bxd2 Bxc6+ Bd7 Bxa8 Qxa8 Qxd2 Qd8 Re1 O-O Nxe5 Bf5 c4 f6 Nc6 Qd6 Nxa7 Qd4 Nxb5 Qc5 a4 Bd7 N1c3 Qf5 Nxc7 Qg6 Qe3 Bc6 f3 Qf7 N7d5 Bd7 b4 Qg6 Nf4 Qg5 g3,"{18003,18003,18139,18131,18099,17715,17779,17179,17635,15611,17451,15643,16755,12643,16643,12187,16499,11011,16083,10403,15939,10059,16035,9923,16011,8027,15307,7435,14483,6683,13651,6427,13163,5787,12795,4435,11547,3907,10859,3515,8387,2931,7571,1347,4795,961,3627,981,2315,597,2190,0}"
12457,Fhexec10,white,Drac25,gwelain,win,outoftime,1001,1039,-38,standard,blitz,blitz,180,2,3+2,lichess.org,27.0,0.37,41.0,,30/09/25 01:28,2025-09-30 04:35:04.589+00,406.307,B20,Sicilian Defense: Bowdler Attack,Sicilian Defense,3,6,6024,4.99,,,,,-6,0,7.5,,,,,49,25,e4 c5 Bc4 Nc6 Qh5 g6 Qxc5 d6 Qd5 e6 Qd3 Bg7 Nf3 Nf6 Qb3 O-O Nc3 Nd7 d3 Nd4 Nxd4 Bxd4 Ne2 Nc5 Qa3 Bg7 Be3 b6 O-O Ba6 Bxc5 Bxc4 dxc4 dxc5 Rad1 Qf6 c3 Rfd8 f3 Rxd1 Rxd1 Qe5 Qa4 f5 Ng3 fxe4 Nxe4 Qf4 Qd7,"{18003,18003,17883,18107,17571,17603,17547,15579,17531,15363,17139,14499,16715,14259,14891,13579,14803,12179,13059,12083,12507,12075,12363,9851,10923,7915,9035,7411,8851,5083,8571,5155,8051,4667,8027,3403,7995,3379,7803,3099,7859,2363,7515,1331,6419,1123,6403,355,6024,0}"
12458,Qf9JcmPH,white,Drac25,kvu1126,loss,outoftime,1006,1020,-14,standard,blitz,blitz,180,2,3+2,lichess.org,22.0,-3.4,42.0,,30/09/25 01:20,2025-09-30 04:27:56.638+00,461.027,B16,Caro-Kann Defense: Bronstein-Larsen Variation,Caro-Kann Defense,10,-5,0,6.21,,,,,12,2318,5.6,,,,,58,29,e4 c6 Nc3 d5 d4 dxe4 Nxe4 Nf6 Nxf6+ gxf6 Bc4 h5 Nf3 Be6 Bf4 Bxc4 b3 Ba6 c4 Nd7 a4 e5 dxe5 fxe5 Bg5 Be7 O-O Bxg5 Nxe5 Nxe5 Qxd8+ Rxd8 Rae1 f6 g3 Bd2 Re2 b5 Rd1 Bb4 f4 Rxd1+ Kf2 Bc5+ Kg2 Bd4 fxe5 fxe5 axb5 cxb5 c5 Rg1+ Kf3 b4 c6 Kd8 Ke4 Bxe2,"{18003,18003,17667,18115,17243,18083,17283,17755,14347,17955,13555,16867,12019,15075,9763,14883,8539,14659,8587,14395,7715,14403,7155,14603,7115,13763,4891,13571,4475,12371,4075,12571,4179,11851,4211,9803,4027,9227,3395,6955,2995,6779,2395,6843,2171,4683,2123,4451,1723,4371,1787,4155,1603,2467,1435,2267,858,2318,0}"
12459,20YPjcPo,black,Drac25,BertosaChess,loss,outoftime,1012,1030,-18,standard,blitz,blitz,180,2,3+2,lichess.org,15.0,-2.25,,,30/09/25 00:39,2025-09-30 03:43:56.98+00,263.201,C46,Three Knights Opening,Three Knights Opening,6,-6,0,10.59,,,,,5,11927,3.57,,,,,35,18,e4 e5 Nf3 Nc6 Nc3 Bb4 Bc4 Bxc3 dxc3 Nf6 Ng5 O-O Bxf7+ Rxf7 Nxf7 Kxf7 O-O d6 Qf3 h6 Qg3 Be6 f4 Nxe4 Qd3 Nc5 fxe5+ Ke8 Qg6+ Kd7 Qxg7+ Ne7 Bxh6 Kc6 Rf8,"{18003,18003,18091,18091,17715,18187,17515,18139,17219,17475,16811,16875,15627,16875,15651,16971,15755,14907,15731,14571,14179,12483,14235,12123,13459,10995,13307,10947,13363,7547,13339,6771,12563,6705,11927,0}"
12460,9c8ELLvX,white,Drac25,malektamimi,win,mate,1011,988,23,standard,blitz,blitz,180,2,3+2,lichess.org,19.0,3.01,,,30/09/25 00:35,2025-09-30 03:38:35.624+00,162.968,C20,King's Pawn Game: Wayward Queen Attack,King's Pawn Game,3,6,13752,3.54,,,,,-6,11691,5.74,,,,,25,13,e4 e5 Qh5 Nc6 Bc4 Nh6 c3 g6 Qf3 Na5 Bd3 Bc5 b4 Bxf2+ Qxf2 Nc6 Bc4 O-O d4 exd4 Bxh6 Re8 Qxf7+ Kh8 Qg7#,"{18003,18003,17987,17675,18059,17467,17475,16995,17067,16027,15507,14787,15347,13979,14899,13539,14411,12939,14243,12867,14291,11843,13899,11691,13752}"
12461,a8STNdWi,black,Drac25,rueds,loss,outoftime,1011,1047,-36,standard,blitz,blitz,180,2,3+2,lichess.org,22.0,-2.13,35.0,,30/09/25 00:31,2025-09-30 03:35:03.962+00,216.653,C64,Ruy Lopez: Classical Variation,Ruy Lopez,6,-5,0,10.0,,,,,5,16075,1.07,,,,,37,19,e4 e5 Nf3 Nc6 Bb5 Bc5 Bxc6 dxc6 O-O Nf6 d3 Bg4 h3 Bh5 Nbd2 O-O Re1 Ng4 Rf1 Ne3 Qe2 Nxf1 Qxf1 Bxf3 Nxf3 Qf6 Bg5 Qg6 Bh4 Qh6 Bg3 Bd6 Nxe5 Bxe5 Bxe5 Rac8 Qe2,"{18003,18003,18051,18091,17931,18051,17979,18027,18027,17651,18059,17603,17947,17531,17867,15923,17835,13979,17467,12579,16755,12379,16739,12251,16787,11315,16523,11123,16491,9547,16387,8971,16211,8963,16251,7236,16075,0}"
12462,n8zldTlQ,white,Drac25,VNSAntos,loss,resign,1016,1074,-58,standard,blitz,blitz,180,2,3+2,lichess.org,15.0,-0.7,41.0,,30/09/25 00:21,2025-09-30 03:31:06.989+00,570.968,B01,Scandinavian Defense,Scandinavian Defense,2,-5,827,3.18,,,,,4,2046,3.01,,,,,108,54,e4 d5 Qh5 dxe4 Bc4 g6 Qd5 Qxd5 Bxd5 Nf6 Nc3 c6 Bxe4 Nxe4 Nxe4 Bg7 c3 Nd7 Nf3 b6 d4 Bb7 Bf4 Ba6 Ne5 Nxe5 dxe5 Rd8 b3 Bd3 Rd1 O-O f3 f6 e6 g5 Bc7 Rc8 Bg3 Bxe4 fxe4 f5 exf5 Rxf5 c4 Bc3+ Ke2 Rcf8 Rhf1 Rxf1 Rxf1 Rxf1 Kxf1 Kg7 Ke2 Kf6 Kd3 Be5 Ke4 Bxg3 hxg3 Kxe6 a4 c5 g4 h6 g3 Kd6 Kf5 e6+ Kg6 e5 Kxh6 e4 Kxg5 e3 Kf4 e2 Kf3 e1=Q g5 Qe7 Kg4 Qe6+ Kh5 Qf7+ g6 Qg7 g4 Ke5 g5 Kf4 b4 cxb4 a5 bxa5 c5 b3 c6 b2 c7 Qxc7 Kh6 b1=Q g7 Qxg7+ Kxg7 Kxg5,"{18003,18003,18147,17811,18291,17483,18251,17403,18347,17075,18187,16979,18155,16987,18227,16899,16891,16107,16747,15387,16691,15139,14595,14907,14187,14571,13883,13675,12107,13379,10219,12899,8987,10499,7699,9075,7283,6603,6715,4827,6099,4819,3203,4123,3035,3819,2643,2939,2411,2139,2419,2075,2483,2059,1867,2171,1763,1875,1195,1763,1243,1867,1107,1339,909,1339,971,942,1003,1091,1035,1195,924,1347,1083,1499,1235,1659,1387,1763,1083,1667,1123,1603,1051,1571,1139,1595,1179,1747,1115,1899,991,1795,1003,1827,1107,1915,1235,2019,1379,1947,1371,1971,1387,1947,1435,2046,827}"
12463,WsEm2Onk,white,Drac25,rhd47,win,mate,1011,951,60,standard,blitz,blitz,180,2,3+2,lichess.org,,,,,30/09/25 00:20,2025-09-30 03:21:17.895+00,20.841,B20,Sicilian Defense: Bowdler Attack,Sicilian Defense,3,5,17333,2.23,,,,,-5,17947,0.28,,,,,7,4,e4 c5 Bc4 Nc6 Qh5 Nf6 Qxf7#,"{18003,18003,17915,18123,17835,17947,17333}"
12464,VFncxlWd,white,Drac25,celestine_14,loss,outoftime,1016,1069,-53,standard,blitz,blitz,180,2,3+2,lichess.org,20.0,-0.26,36.0,,29/09/25 20:51,2025-09-29 23:58:26.999+00,444.54,B06,Modern Defense,Modern Defense,2,-5,0,5.46,,,,,4,4295,4.28,,,,,66,33,e4 g6 Bc4 Bg7 Nf3 b6 d4 Bb7 e5 e6 Bg5 Ne7 O-O O-O Bf6 d6 Bxg7 Kxg7 Nc3 Nd7 exd6 cxd6 Ng5 d5 Nxd5 exd5 Bb5 Nf5 Qf3 Qf6 Bxd7 Qxg5 Bxf5 gxf5 Qg3 Qxg3 fxg3 Kg6 h4 Rae8 Rf4 Re4 c3 Re3 Raf1 Bc8 R1f3 Re2 h5+ Kxh5 Rh4+ Kg6 Kh2 Rxb2 Rff4 Rxa2 Kh3 Be6 g4 fxg4+ Rhxg4+ Bxg4+ Kxg4 Rxg2+ Kf3 Rh2,"{18003,18003,17835,18203,17715,17923,17243,18019,17203,17795,17019,17811,16051,17315,16115,16931,15979,16859,14163,16171,12963,16067,12835,14899,12747,14211,11859,12363,11187,10723,9315,10131,9043,9979,8379,9979,8435,9603,8171,9211,7611,9051,7491,6867,7195,6603,6187,6123,5403,5915,5467,5899,4331,5899,3819,5771,2883,5507,2867,5075,2859,5099,2931,4835,2492,4295,0}"
12465,cMjdnff7,black,Drac25,celestine_14,loss,mate,1021,1064,-43,standard,blitz,blitz,180,2,3+2,lichess.org,27.0,1.0,,,29/09/25 20:46,2025-09-29 23:50:54.749+00,243.184,A00,Hungarian Opening,Hungarian Opening,1,-5,8893,6.07,,,,,5,10532,4.67,,,,,33,17,g3 d5 Bg2 Bf5 e3 e5 Ne2 e4 O-O Nf6 b3 Bd6 Bb2 Ng4 Bxg7 Rg8 Bb2 h5 d3 h4 Nd2 hxg3 fxg3 Nxe3 Qe1 Nxc2 Qf2 Bxg3 hxg3 d4 Qxf5 Ne3 Qxf7#,"{18003,18003,18203,18027,18075,17915,18171,17947,18251,17787,18331,17587,18403,16747,17083,16411,16163,16291,15795,16323,15299,14411,15099,13723,12723,11915,12091,10723,11787,9059,11259,8893,10532}"
13161,Nt1nkXt2,white,Drac25,kacperskivaleryj,win,mate,997,999,-2,standard,blitz,blitz,300,0,5+0,lichess.org,,,,,15/07/25 00:29,2025-07-15 03:31:28.472+00,108.349,C20,King's Pawn Game: Wayward Queen Attack,King's Pawn Game,3,6,26478,5.88,,,,,-8,23555,12.9,,,,,13,7,e4 e5 Qh5 g6 Qxe5+ Be7 Qxh8 Kf8 Bc4 Bf6 Qxh7 d6 Qxf7#,"{30003,30003,29795,29515,29571,28051,29355,25923,27227,25451,26811,23555,26478}"
13412,0x9luD2q,white,Drac25,ABDULKHAN_2050,win,mate,970,1008,-38,standard,blitz,blitz,300,0,5+0,lichess.org,,2.72,,,01/07/25 14:51,2025-07-01 17:53:58.239+00,134.084,B01,Scandinavian Defense,Scandinavian Defense,2,7,23886,7.65,0.0,0.0,0.0,91.0,-7,24057,8.49,0.0,1.0,2.0,60.0,17,9,e4 d5 e5 d4 Nf3 c5 Bc4 f6 d3 fxe5 Nxe5 e6 Qh5+ g6 Qf3 h5 Qf7#,"{30003,30003,29651,29875,28339,29755,27491,29451,26635,29123,26347,26115,24563,24667,24363,24057,23886}"
13413,FnGNtjSz,black,Drac25,Yogendrasai,win,timeout,964,967,-3,standard,blitz,blitz,300,0,5+0,lichess.org,,-3.08,,,01/07/25 14:47,2025-07-01 17:50:39.823+00,162.788,B00,Nimzowitsch Defense,Nimzowitsch Defense,2,6,21841,9.07,,,,,-6,17252,12.75,,,,,20,10,e4 Nc6 Bd3 e5 f4 Nf6 fxe5 Nxe5 Nf3 Nxd3+ cxd3 d5 exd5 Nxd5 Qe2+ Be6 d4 Nf4 Qe4 Nxg2+,"{30003,30003,29707,29787,28211,27387,27699,27203,26443,25323,25899,24611,25139,23827,24139,23523,23747,22435,23131,21841,17252}"
12469,GeOA10gQ,black,Drac25,AldoCapablanca10,win,timeout,1017,857,160,standard,blitz,blitz,180,2,3+2,lichess.org,22.0,-7.65,,,29/09/25 20:33,2025-09-29 23:35:28.56+00,126.831,C40,King's Pawn Game: Busch-Gass Gambit,King's Pawn Game,4,3,12822,4.71,,,,,-10,0,15.0,,,,,24,12,e4 e5 Nf3 Bc5 Bc4 d6 Ng5 Qxg5 O-O Nf6 d4 Qg6 dxc5 Nxe4 Qe2 O-O Bd3 Bf5 f3 Ng3 Bxf5 Nxe2+ Kh1 Qxf5,"{18003,18003,18083,17363,18051,17291,18043,16739,17115,15795,17083,15523,17035,14771,16803,13379,16843,13347,16675,13075,16323,12795,16011,12822,0}"
12479,ody59cA7,white,Drac25,GunnerVzla,win,mate,1019,1027,-8,standard,blitz,blitz,180,2,3+2,lichess.org,,,,,28/09/25 17:30,2025-09-28 20:30:50.73+00,25.493,C20,King's Pawn Game: Wayward Queen Attack,King's Pawn Game,3,6,17737,0.89,,,,,-6,16994,5.04,,,,,7,4,e4 e5 Qh5 Nc6 Bc4 Nf6 Qxf7#,"{18003,18003,18083,17755,18115,16994,17737}"
12867,jjRwVUwM,black,Drac25,cssddv,win,mate,914,845,69,standard,blitz,blitz,300,0,5+0,lichess.org,22.0,-7.92,,,14/08/25 20:58,2025-08-15 00:02:34.27+00,247.626,D00,Queen's Pawn Game: Accelerated London System,Queen's Pawn Game,3,5,17920,10.07,,,,,-5,18947,9.21,,,,,26,13,d4 d5 Bf4 Nc6 Nc3 a6 Qd3 Nf6 e4 dxe4 Nxe4 Bf5 Qb3 Bxe4 Kd1 Nxd4 Qa4+ c6 Ke1 Nxc2+ Ke2 Nxa1 Ke3 Nc2+ Ke2 Qd3#,"{30003,30003,29923,29291,29691,28659,29387,27539,29155,27283,28795,27075,27067,24595,25499,23763,24507,23043,21971,21667,21587,19979,19723,18067,18947,17920}"
13348,DcqHaejF,black,Drac25,Oirali,loss,mate,978,962,16,standard,blitz,blitz,300,0,5+0,lichess.org,28.0,5.77,,,04/07/25 21:29,2025-07-05 00:32:46.756+00,170.968,C50,Italian Game: Anti-Fried Liver Defense,Italian Game,6,-6,17364,9.03,,,,,8,26620,2.26,,,,,31,16,e4 e5 Nf3 Nc6 Bc4 h6 d4 exd4 Nxd4 Nxd4 Qxd4 Nf6 e5 Nh5 Qd5 Qe7 e6 Nf6 Qd4 dxe6 O-O Bd7 Re1 O-O-O Nc3 c6 Qxa7 Kc7 Bf4+ Kc8 Qb8#,"{30003,30003,29907,29827,29843,29651,29523,29275,29523,29187,29443,27387,29267,26451,29147,24187,28691,23075,27683,22459,27395,21475,27227,21099,27083,20275,26939,17715,26731,17364,26620}"
13366,oN36VqHj,black,Drac25,Darksnaf,win,resign,1020,1115,-95,standard,blitz,blitz,180,2,3+2,lichess.org,15.0,-0.51,,,03/07/25 19:38,2025-07-03 22:39:22.842+00,63.394,C46,Three Knights Opening,Three Knights Opening,6,7,16461,1.71,,,,,-7,11189,6.81,,,,,20,10,e4 e5 Nf3 Nc6 Nc3 Bb4 g3 Bxc3 bxc3 d5 d3 dxe4 dxe4 Qxd1+ Kxd1 Bg4 Be2 Nf6 Ba3 Nxe4,"{18003,18003,18139,17939,18275,17475,17635,17491,17659,17467,17635,17315,17707,17451,17907,17347,17875,17395,17555,16461,11189}"
12932,x8lOoYOe,black,Drac25,TheReignHR,win,mate,948,932,16,standard,blitz,blitz,300,0,5+0,lichess.org,21.0,-3.08,,,30/07/25 02:01,2025-07-30 05:07:36.217+00,387.51,C44,Scotch Game: Haxo Gambit,Scotch Game,8,6,15339,9.16,,,,,-20,7394,14.13,,,,,34,17,e4 e5 Nf3 Nc6 d4 exd4 Bc4 Bc5 c3 Qf6 Bg5 Qg6 Qd2 Qxe4+ Be2 f6 cxd4 Nxd4 Nxd4 Bxd4 Nc3 Qxg2 O-O-O Bxc3 Qe3+ Be5 Rhg1 Qc6+ Kb1 d6 Bf3 Qb5 Be2 Qxb2#,"{30003,30003,29555,29907,29347,29643,29187,28803,28907,27939,27579,27539,25355,26083,24275,24339,21995,23411,20707,23019,19051,22083,18835,21499,17395,20467,16899,20019,15635,15891,8011,15619,7394,15339}"
13367,RQWxHX9k,white,Drac25,enaero_v2,win,mate,1016,900,116,standard,blitz,blitz,180,2,3+2,lichess.org,,,,,03/07/25 19:37,2025-07-03 22:38:02.023+00,49.998,C20,King's Pawn Game: Wayward Queen Attack,King's Pawn Game,3,4,17768,0.47,,,,,-6,15939,5.16,,,,,11,6,e4 e5 Qh5 Nc6 Bc4 Nh6 d3 d6 Bxh6 gxh6 Qxf7#,"{18003,18003,18139,17883,18179,17819,17915,16907,17899,15939,17768}"
13400,UXng3xQX,black,Drac25,TRADG,loss,mate,970,956,14,standard,blitz,blitz,300,0,5+0,lichess.org,16.0,-1.18,,,01/07/25 21:34,2025-07-02 00:38:08.814+00,199.517,A00,Van Geet Opening,Van Geet Opening,1,-6,20104,7.61,,,,,6,22129,5.62,,,,,29,15,Nc3 Nc6 e4 Nf6 Bb5 e5 Bxc6 bxc6 d4 Bb4 dxe5 Nxe4 Bd2 Qh4 Nxe4 Qxe4+ Qe2 Bxd2+ Kxd2 Qxg2 Nf3 O-O Rhg1 Qh3 Ng5 Qf5 Qh5 g6 Qxh7#,"{30003,30003,29707,29851,29539,29587,29363,28755,29251,27947,28899,27819,28275,26795,26675,26371,25755,25603,25363,25147,25011,24691,24259,24003,23611,22683,22747,20104,22129}"
12466,Wn8z4pM4,white,Drac25,Gorec09rus,win,resign,1017,922,95,standard,blitz,blitz,180,2,3+2,lichess.org,19.0,0.0,33.0,,29/09/25 20:41,2025-09-29 23:45:38.718+00,222.353,C20,"King's Pawn Game: Wayward Queen Attack, Kiddie Countergambit",King's Pawn Game,4,4,14031,2.21,,,,,-4,8293,5.39,,,,,37,19,e4 e5 Qh5 Nf6 Qxe5+ Be7 Nc3 d6 Qg3 Nc6 Qxg7 Rf8 d3 Be6 Bg5 Ne5 Be2 c6 Nf3 Nxf3+ Bxf3 Bg4 Bxg4 Nxg4 Bxe7 Qxe7 Qxg4 Rh8 O-O-O h5 Qg7 Qf8 Qxf8+ Rxf8 f4 O-O-O h3,"{18003,18003,18115,18027,18147,18003,17875,17955,17867,17459,17907,16579,17491,15763,17427,15187,16019,12835,14859,12707,14899,12163,14723,12275,14739,11635,14803,9395,14739,9475,14595,8987,14611,9083,14147,9147,14031,8293}"
12467,xIZ6yKgv,black,Drac25,Gorec09rus,loss,resign,1024,915,109,standard,blitz,blitz,180,2,3+2,lichess.org,25.0,7.43,,,29/09/25 20:39,2025-09-29 23:41:36.008+00,135.301,B01,Scandinavian Defense: Mieses-Kotroc Variation,Scandinavian Defense,4,-7,12060,3.5,,,,,7,16843,0.68,,,,,35,18,e4 d5 exd5 Qxd5 Nc3 Qe5+ Be2 Qd5 Nxd5 Be6 Nf4 g5 Nxe6 fxe6 Nf3 Nf6 Nd4 e5 Nb5 Na6 b3 c6 Nc3 e6 Bxa6 bxa6 Bb2 e4 O-O Bd6 Ne2 Rd8 Bxf6 e3 fxe3,"{18003,18003,18051,18059,17947,17907,17899,17563,17987,17323,18027,16107,18059,16211,18115,16403,18227,16427,18267,15747,17467,15795,17475,15363,17611,15419,17811,14739,17883,14347,17299,14283,17123,13795,16843,12060}"
12468,mktsK2mG,white,Drac25,Gorec09rus,win,resign,1020,919,101,standard,blitz,blitz,180,2,3+2,lichess.org,11.0,7.53,,,29/09/25 20:38,2025-09-29 23:39:08.906+00,52.878,C20,King's Pawn Game: Wayward Queen Attack,King's Pawn Game,3,4,17619,0.64,,,,,-4,15525,4.96,,,,,12,6,e4 e5 Qh5 g6 Qxe5+ Be7 Qxh8 d6 Qxg8+ Kd7 Qxd8+ Bxd8,"{18003,18003,18123,17963,18187,17795,18243,15379,18163,15323,18107,15525,17619}"
12470,yDPXcV7h,white,Drac25,unbecomingduck,loss,resign,1022,1054,-32,standard,blitz,blitz,180,2,3+2,lichess.org,28.0,3.07,50.0,,29/09/25 20:26,2025-09-29 23:32:56.564+00,373.316,C20,"King's Pawn Game: Wayward Queen Attack, Kiddie Countergambit",King's Pawn Game,4,-5,4239,3.72,,,,,5,12256,1.6,,,,,74,37,e4 e5 Qh5 Nf6 Qxe5+ Be7 Bc4 d5 exd5 O-O Nc3 Re8 Qg3 Bd6+ Qe3 Ng4 Qxe8+ Qxe8+ Nge2 Bf5 d3 c6 O-O cxd5 Bxd5 Bb4 Bxb7 Qe5 Re1 Qxh2+ Kf1 Qh1+ Ng1 Nh2+ Ke2 Bg4+ Nf3 Bxf3+ gxf3 Qxf3+ Kd2 Qxb7 a3 Nf3+ Kd1 Nxe1 Bd2 Qf3+ Kxe1 Bxc3 bxc3 Nc6 Kf1 Qh3+ Kg1 Qg4+ Kf1 Re8 Re1 Qh3+ Kg1 Rxe1+ Bxe1 Qg4+ Kf1 Qd1 d4 Qxc2 d5 Qd3+ Kg2 Qxd5+ f3 Ne5,"{18003,18003,18107,18203,18003,18139,17515,17899,17523,17275,16667,16803,16203,16851,15187,16251,14627,16451,14243,15387,13835,15307,13363,15179,13027,14995,12803,14403,12139,14275,12163,14395,12227,14379,11995,14451,12067,14139,11939,14339,11755,14107,9067,13947,8275,13347,7163,13219,7091,13123,6563,13027,6187,13011,5875,12851,5923,12323,5859,12443,5803,12427,5867,12355,5827,12443,4523,12131,4507,12283,4275,12411,4299,12256,4239}"
12471,DmuNF8Tu,black,Drac25,aizen1219,loss,outoftime,1027,1087,-60,standard,blitz,blitz,180,2,3+2,lichess.org,17.0,0.89,45.0,,29/09/25 20:18,2025-09-29 23:26:04.49+00,471.493,C46,Three Knights Opening,Three Knights Opening,6,-5,0,5.81,,,,,4,2361,5.05,,,,,63,32,e4 e5 Nf3 Nc6 Nc3 Bb4 Bc4 Bxc3 dxc3 Nf6 O-O Nxe4 Bxf7+ Kxf7 Qd5+ Kf8 Qxe4 h6 Nh4 d5 Ng6+ Kg8 Qf3 Rh7 Qd3 e4 Qd4 Bf5 Ne5 Nxd4 cxd4 Qe8 f4 b6 Bd2 c5 dxc5 bxc5 b4 c4 b5 Rc8 Nc6 Rxc6 bxc6 Qxc6 c3 Qc5+ Kh1 d4 Rfe1 e3 Bc1 dxc3 Bxe3 Qd5 Rad1 Qc6 Bd4 Kf7 Bxc3 Kg6 Re5,"{18003,18003,18155,18011,18307,18099,18235,18163,18243,18027,17811,17587,17139,16019,17083,13371,16971,12627,15803,11027,12459,10531,10579,8667,8563,7563,8299,7403,7779,6083,7539,5171,7379,3827,6835,3275,6603,3339,6411,3331,5819,3355,5075,2659,5131,2763,4883,2403,5011,2395,3643,2259,3019,1747,3011,1235,3011,1083,2763,950,2755,821,2361,0}"
12472,Ko2HNCdh,white,Drac25,aizen1219,loss,resign,1032,1082,-50,standard,blitz,blitz,180,2,3+2,lichess.org,,3.5,,,29/09/25 20:14,2025-09-29 23:17:48.193+00,226.79,C20,King's Pawn Game: Wayward Queen Attack,King's Pawn Game,3,-5,9254,6.73,,,,,5,9009,7.5,,,,,26,13,e4 e5 Qh5 Nc6 Bc4 g6 Qf3 Nf6 c3 Bc5 h3 O-O d3 Ne7 b4 Bxf2+ Qxf2 d5 Bb3 dxe4 Bg5 Nfd5 c4 Nf4 g3 Nxd3+,"{18003,18003,18099,18067,18227,16267,16859,16099,16931,16131,16803,15643,16643,14435,16043,12723,15939,12011,14075,11555,14027,9915,12187,9659,10763,9009,9254}"
12473,kgJOKJwZ,white,Drac25,burakhoca23,loss,outoftime,1038,1014,24,standard,blitz,blitz,180,2,3+2,lichess.org,27.0,-6.24,46.0,,29/09/25 19:52,2025-09-29 23:00:15.173+00,454.683,B10,Caro-Kann Defense: Hillbilly Attack,Caro-Kann Defense,3,-6,0,4.87,,,,,7,8830,2.55,,,,,74,37,e4 c6 Bc4 d5 exd5 cxd5 Bb5+ Bd7 Bxd7+ Nxd7 Nf3 e6 Nd4 Ngf6 Nc3 Bc5 Ndb5 a6 Na3 O-O d4 Bb4 Bg5 h6 Bh4 Rc8 Qd3 Qa5 O-O Bxc3 bxc3 Rxc3 Qd2 Ne4 Qe1 Qxa3 f3 Nef6 Rb1 b5 Rb3 Rxb3 axb3 Rc8 Qc1 Qxc1 Rxc1 Nh5 g4 g5 Bf2 Nf4 Be3 f6 Kf2 Nh3+ Kg3 Nf4 Bxf4 gxf4+ Kxf4 e5+ Kf5 Kg7 dxe5 fxe5 h4 d4 g5 Rf8+ Ke6 Nc5+ Kxe5 hxg5,"{18003,18003,17507,17963,17347,18163,17435,18083,15195,17995,15043,18107,15019,18099,14867,18027,13243,17979,12771,17883,12419,17731,11931,17547,11883,15835,11515,15299,10627,14307,9235,14219,7371,13651,6683,12875,6107,12003,5603,11667,5571,11523,5443,10923,4155,10579,4203,10547,3507,10523,3187,10491,2155,9755,2035,9763,1883,9867,1899,10067,2019,10171,1979,10107,2067,9539,1523,9267,623,9227,559,8771,220,8830,0}"
12474,O218wCJh,black,Drac25,burakhoca23,loss,mate,1044,1008,36,standard,blitz,blitz,180,2,3+2,lichess.org,13.0,0.86,,,29/09/25 19:46,2025-09-29 22:52:11.636+00,314.654,D02,Queen's Pawn Game: Anti-Torre,Queen's Pawn Game,4,-6,6695,8.7,,,,,6,7957,7.18,,,,,29,15,Nf3 d5 d4 Bg4 e3 Nf6 h3 Bh5 c4 Ne4 Bd3 f5 g4 fxg4 hxg4 Bxg4 cxd5 Nf6 Nc3 h5 Bd2 Nxd5 Qa4+ c6 Ne5 b5 Qc2 Nd7 Bg6#,"{18003,18003,17923,18075,16763,17947,16859,17419,16123,15899,15099,13763,13843,13595,12739,13571,12827,12443,11195,12483,11043,10203,10491,9555,9555,8267,8539,6695,7957}"
12475,nsA31TQ2,black,Drac25,jbn0604,win,resign,1040,967,73,standard,blitz,blitz,180,2,3+2,lichess.org,18.0,-0.35,,,29/09/25 19:40,2025-09-29 22:46:27.19+00,334.788,C25,Vienna Game: Max Lange Defense,Vienna Game,4,4,7288,4.66,,,,,-6,5950,5.02,,,,,48,24,e4 e5 Nc3 Nc6 Bc4 Bb4 d3 Bxc3+ bxc3 d6 Nf3 Nf6 O-O Bg4 Bg5 h6 Bh4 g5 Bg3 Nd7 h3 Bh5 Bh2 g4 hxg4 Bxg4 Qd2 Qf6 Rab1 Bxf3 gxf3 Rg8+ Bg3 O-O-O d4 Qxf3 dxe5 Ndxe5 Be2 Qxe4 Rbe1 h5 Bf3 Nxf3+ Kg2 Nh4+ Kh3 Qg4+,"{18003,18003,18139,18123,18115,18219,17691,18267,17795,17947,17883,18019,17891,18051,17843,17603,17915,17611,17947,15963,17787,15531,16995,14467,15907,14427,13643,14243,12043,14291,11771,13547,11203,13211,10275,12091,9499,11835,9147,10891,8659,8147,7667,8155,6779,7387,6395,7288,5950}"
12476,1SA2R32b,white,Drac25,saglave,win,resign,1036,897,139,standard,blitz,blitz,180,2,3+2,lichess.org,18.0,-0.55,43.0,,29/09/25 19:31,2025-09-29 22:39:58.968+00,493.288,C20,King's Pawn Game: Wayward Queen Attack,King's Pawn Game,3,4,1893,3.22,,,,,-4,7553,2.09,,,,,101,51,e4 e5 Qh5 Nc6 Bc4 g6 Qf3 Qe7 c3 d6 h3 Nf6 d3 Be6 Bg5 Bxc4 dxc4 Bg7 Nd2 O-O-O b4 a6 Ne2 h6 Bxf6 Bxf6 c5 dxc5 b5 Na5 bxa6 b6 a7 Kb7 Nb3 Nxb3 axb3 Ra8 O-O Rxa7 Ra4 Rxa4 bxa4 Bg5 Ra1 Ra8 c4 Qd7 Qc3 f6 a5 Bd2 Rd1 Bxc3 Rxd7 Rxa5 Nxc3 Ra1+ Kh2 Kc6 Rh7 h5 Rg7 g5 Rh7 h4 Rf7 Ra3 Nd5 g4 hxg4 Ra4 Rxf6+ Kb7 Rh6 Rxc4 Ne3 Rxe4 Rxh4 c4 f3 Rd4 Nxc4 Rxc4 Kg3 e4 g5 e3 Re4 Rxe4 fxe4 e2 Kf2 e1=Q+ Kxe1 Kc6 g6 Kd7 g7 Ke7 g8=Q,"{18003,18003,18051,18019,18155,18099,18251,16627,18003,16379,17739,16451,17603,16243,17555,16099,17571,15331,14875,14203,12283,13475,11227,13563,10923,13643,10451,13555,8979,12739,8403,12755,7827,12763,7123,11283,7115,11419,6291,10675,5411,10475,5475,9811,4851,9819,3411,8931,3307,8883,3275,8475,2667,8507,2715,8643,2387,8723,2515,8539,2539,8611,2571,8587,2491,8675,2483,8555,2331,7467,2323,7379,2387,7395,1443,7307,1459,7419,1411,7347,1331,6923,1251,7003,1139,7051,1267,7155,1235,7131,1307,7251,1443,7139,1563,7339,1675,7539,1819,7739,1893,7553}"
12477,JbACPP5J,white,Drac25,saglave,win,mate,1032,900,132,standard,blitz,blitz,180,2,3+2,lichess.org,,,,,29/09/25 19:31,2025-09-29 22:31:30.949+00,25.33,C20,King's Pawn Game: Wayward Queen Attack,King's Pawn Game,3,4,17436,1.89,,,,,-3,17404,3.0,,,,,7,4,e4 e5 Qh5 Nc6 Bc4 Nf6 Qxf7#,"{18003,18003,18107,17739,18195,17404,17436}"
12478,F4n8YZpL,black,Drac25,EpicDeath,win,resign,1025,1126,-101,standard,blitz,blitz,180,2,3+2,lichess.org,22.0,0.85,39.0,,28/09/25 17:31,2025-09-28 20:34:41.634+00,212.981,D01,Rapport-Jobava System,Rapport-Jobava System,6,7,10520,3.4,,,,,-8,12977,2.19,,,,,46,23,d4 d5 Nc3 Nf6 Bf4 e6 e3 Bb4 Qd2 c6 a3 Ba5 b4 Ne4 Qd3 Nxc3 Qxc3 Bb6 a4 Bc7 Bxc7 Qxc7 Bd3 Nd7 Nf3 Nf6 O-O Ne4 Bxe4 dxe4 Nd2 f5 Nxe4 fxe4 b5 O-O bxc6 Qxc6 Qxc6 bxc6 c4 Ba6 Rac1 Rae8 c5 Bxf1,"{18003,18003,18203,17971,18339,16539,17179,16627,17011,16395,17107,15355,16099,15259,15595,13787,15467,13779,15491,13667,15563,13731,15419,13171,15467,13051,15539,12955,15531,13043,15643,12835,15651,12843,15675,12251,15123,11931,15123,11963,15267,11035,14515,10491,14563,10520,12977}"
12480,8tJqmjpi,black,Drac25,GunnerVzla,loss,outoftime,1025,1021,4,standard,blitz,blitz,180,2,3+2,lichess.org,17.0,-0.24,,,28/09/25 17:22,2025-09-28 20:30:11.319+00,460.0,C48,"Four Knights Game: Spanish Variation, Classical Variation",Four Knights Game,8,-6,0,7.5,,,,,6,1153,7.02,,,,,49,25,e4 e5 Nf3 Nc6 Bb5 Bc5 Nc3 Nf6 d3 Qe7 Bg5 h6 Bh4 g5 Bg3 Qe6 b3 Nd4 Nxd4 exd4 Nd5 Nxd5 O-O Nc3 Qf3 Nxb5 Rfe1 Nc3 Bxc7 Bd6 Ba5 Nb5 c4 Nc3 g3 Qe5 a4 b6 Bxc3 dxc3 Rac1 Bb4 Red1 f6 Rc2 O-O Rdc1 Kg7 h4,"{18003,18003,18139,18067,18251,17947,18219,18019,18331,16771,18331,16643,18475,16547,18587,15187,16611,14243,16595,14171,16323,10091,16259,9667,13107,8795,12371,7115,12059,6635,11947,5411,10483,4851,4843,3723,2251,2291,2107,2267,2235,2291,1875,1547,1843,1139,1923,699,1153,0}"
12481,KEiXxPxK,white,Drac25,GermChess65,loss,outoftime,1030,1061,-31,standard,blitz,blitz,180,2,3+2,lichess.org,25.0,1.41,,,28/09/25 16:38,2025-09-28 19:46:10.117+00,433.194,C20,"King's Pawn Game: Wayward Queen Attack, Kiddie Countergambit",King's Pawn Game,4,-5,0,7.83,,,,,5,3233,6.71,,,,,46,23,e4 e5 Qh5 Nf6 Qxe5+ Be7 d3 Nc6 Qg3 g6 Bh6 d5 e5 Nh5 Qe3 f6 d4 fxe5 Bb5 Bf6 dxe5 d4 Qe4 Kf7 g4 Bxe5 Bxc6 bxc6 Qxe5 Nf6 Qc5 Qe8+ Ne2 Bxg4 Qc4+ Nd5 Qd3 Qe6 Nd2 Rae8 f3 Bf5 Qc4 g5 Ne4 Qxh6,"{18003,18003,18115,18075,18099,18219,17563,18323,17475,17731,17267,17715,16907,17187,14099,14243,10843,13835,10603,12795,10235,11987,9339,11547,7011,10075,6595,10171,5819,10243,3451,9491,2331,9099,2059,7699,1299,7347,1187,5859,901,5667,601,4443,655,3233,0}"
12482,NOlvekUj,white,Drac25,R3lay,win,resign,1023,1097,-74,standard,blitz,blitz,180,2,3+2,lichess.org,,0.15,,,28/09/25 16:36,2025-09-28 19:38:35.645+00,112.912,C20,King's Pawn Game: Wayward Queen Attack,King's Pawn Game,3,7,16204,2.0,,,,,-7,12353,7.06,,,,,18,9,e4 e5 Qh5 Nc6 Bc4 g6 Qf3 Nf6 c3 Bc5 h3 O-O d3 d6 Bg5 d5 exd5 Ne7,"{18003,18003,18115,17971,18235,17715,18339,17875,18371,17691,18075,17739,18075,17555,16611,14803,16507,12353,16204}"
12483,KkXCKdaH,black,Drac25,Loupi57450,loss,outoftime,1028,1057,-29,standard,blitz,blitz,180,2,3+2,lichess.org,18.0,1.83,,,28/09/25 16:28,2025-09-28 19:36:01.521+00,459.037,C25,Vienna Game,Vienna Game,3,-5,0,6.67,,,,,5,3507,5.37,,,,,55,28,e4 e5 Nc3 Bb4 Nf3 Bxc3 dxc3 d6 c4 Bg4 Be2 Nf6 h3 Bh5 Ng5 h6 Bxh5 hxg5 Be2 Nxe4 f3 Ng3 Rh2 Nc6 Kf2 Nf5 Bd3 Qf6 Bxf5 Qxf5 g4 Qf6 a3 O-O-O Qd5 Nd4 Be3 c6 Qe4 d5 cxd5 cxd5 Qd3 Qxf3+ Ke1 Qg3+ Rf2 Nf3+ Ke2 Ng1+ Kd2 Nf3+ Kc3 d4+ Kb3,"{18003,18003,18131,17883,18195,17955,18259,17763,18299,17835,18315,17371,18411,15875,18339,15075,18219,14075,17659,13595,16723,13363,15659,12995,15531,12115,14755,9779,14155,9739,14163,9155,13051,6915,11867,5883,9995,5219,8099,3027,7907,3075,6883,2875,5971,1987,5283,1435,4459,723,4131,460,3803,241,3507,0}"
12484,qOqcyvQj,white,Drac25,Marquise_de_Sade,win,timeout,1023,1003,20,standard,blitz,blitz,180,2,3+2,lichess.org,,,,,28/09/25 16:26,2025-09-28 19:27:15.255+00,27.063,C20,King's Pawn Game: Wayward Queen Attack,King's Pawn Game,3,5,17849,0.31,,,,,-5,11845,12.32,,,,,11,6,e4 e5 Qh5 g6 Qxe5+ Ne7 Qxh8 f6 Qxh7 c5 Bc4,"{18003,18003,18139,18059,18203,18219,18219,18123,18139,18011,17849,11845}"
12485,7MMUEQWS,white,Drac25,klodo,win,timeout,1017,1009,8,standard,blitz,blitz,180,2,3+2,lichess.org,,-0.13,,,28/09/25 16:23,2025-09-28 19:26:16.944+00,142.886,C20,King's Pawn Game: Wayward Queen Attack,King's Pawn Game,3,6,13709,3.58,,,,,-5,11043,5.8,,,,,25,13,e4 e5 Qh5 Nc6 Bc4 g6 Qf3 Nf6 c3 a6 d3 b5 Bd5 Nxd5 exd5 Ne7 d6 Nf5 Qxa8 Nxd6 Nf3 Bb7 Qa7 Nf5 Nxe5,"{18003,18003,18131,17547,18187,17691,18227,17851,18283,17795,18347,17907,18435,17923,18427,17971,18347,16715,18187,15907,16115,15947,16027,13555,13709,11043}"
12486,R6UL8CQy,white,Drac25,nsanver,loss,outoftime,1023,1025,-2,standard,blitz,blitz,180,2,3+2,lichess.org,19.0,-0.11,38.0,,28/09/25 16:16,2025-09-28 19:23:19.118+00,380.429,C24,Bishop's Opening: Vienna Hybrid,Bishop's Opening,7,-6,0,9.0,,,,,5,7409,5.58,,,,,40,20,e4 Nc6 Bc4 Nf6 Nc3 e5 d3 Bc5 Bg5 d6 Nd5 h6 Bxf6 gxf6 h3 Be6 Qf3 Bxd5 Bxd5 Nd4 Qh5 Rf8 O-O-O c6 Bc4 b5 Bb3 a5 a4 Nxb3+ cxb3 Bxf2 Nf3 Be3+ Kc2 Bd4 Nxd4 exd4 Rhe1 Rb8,"{18003,18003,17987,17699,17739,17595,17435,17555,16883,17211,15507,16555,15435,16531,14939,16555,14547,16331,14435,16339,13899,15795,12459,14547,11819,14403,10291,14131,7787,12371,7683,11155,7195,10467,6611,8979,1363,9067,1182,7409,0}"
12487,IE8VVvYC,black,Drac25,nsanver,win,mate,1017,1031,-14,standard,blitz,blitz,180,2,3+2,lichess.org,20.0,-1.44,33.0,,28/09/25 16:07,2025-09-28 19:16:50.762+00,542.608,A04,Zukertort Opening: Black Mustang Defense,Zukertort Opening,2,6,1633,3.56,,,,,-6,1715,3.54,,,,,94,47,Nf3 Nc6 Nc3 d5 d4 Bg4 Bf4 Bxf3 exf3 e6 Nb5 Bd6 Qd2 a6 Nc3 Nf6 Bg5 h6 Bxf6 Qxf6 O-O-O e5 Nxd5 Qg5 Nxc7+ Bxc7 d5 e4 dxc6 Bf4 cxb7 Bxd2+ Rxd2 Rb8 Bxa6 O-O h4 Qxg2 Re1 exf3 Re7 Qg1+ Rd1 Qxf2 b3 Qxh4 Red7 f2 Rc7 Qh3 Rc8 Rxb7 Bxb7 Rxc8 Bxc8 Qxc8 Rf1 Qf5 Kd2 Qf3 a4 h5 a5 h4 a6 h3 a7 h2 a8=Q+ Qxa8 Rxf2 h1=Q Re2 Qhg2 Ke1 Qxe2+ Kxe2 g5 Kf2 f5 Kg3 Qe4 c4 f4+ Kg4 f3+ Kxg5 f2 c5 f1=R b4 Qg2+ Kh6 Rh1#,"{18003,18003,17707,17955,17803,17963,17715,17659,17787,16803,17827,16075,17739,15027,15915,14627,15715,10803,15771,10595,15651,9771,15043,9627,14811,9563,13787,8171,13147,8219,11179,8179,11235,7995,11131,7907,10179,7555,9427,5475,8403,4667,8347,4643,8315,4579,7603,3619,7115,2851,3723,2531,3523,2491,3483,1971,3451,1875,3315,1779,2955,1555,2867,1691,2939,1467,2515,1435,1947,1331,1843,1355,1779,1387,1867,1379,1987,1347,1987,1371,1915,1499,1883,1595,1899,1643,1947,1747,2035,1707,2075,1771,1715,1633}"
12488,DpLTZcCj,white,Drac25,FERCHESSS,win,outoftime,1012,967,45,standard,blitz,blitz,180,2,3+2,lichess.org,17.0,1.18,40.0,,28/09/25 15:57,2025-09-28 19:07:04.459+00,555.356,C20,King's Pawn Game: Wayward Queen Attack,King's Pawn Game,3,5,731,3.93,5.0,1.0,5.0,67.0,-5,0,4.09,6.0,2.0,3.0,78.0,89,45,e4 e5 Qh5 Qf6 Bc4 g6 Qf3 Qxf3 Nxf3 Nf6 Nxe5 Nxe4 d3 d6 Nxg6 hxg6 dxe4 Nd7 Nc3 Ne5 b3 Be6 Nd5 Nxc4 Nxc7+ Kd8 Nxa8 Bh6 O-O d5 f4 dxe4 bxc4 Bxc4 Rd1+ Kc8 g3 Kb8 Nb6 axb6 a4 Ka7 Rb1 Bg7 Rd5 Bxd5 Rb5 Bc4 Rb4 Be6 Rxe4 Rd8 Kf2 Bd4+ Be3 Bxe3+ Kxe3 Rc8 c4 Ka6 Kf3 Ka5 g4 Kxa4 c5+ Kb5 cxb6 Kxb6 f5 Rc3+ Kf4 gxf5 gxf5 Bc8 Re7 f6 Rf7 Rc4+ Ke3 Rc3+ Kd4 Rh3 Rxf6+ Ka7 Rf8 Bd7 f6 Rxh2 Ke5,"{18003,18003,18091,17611,18067,17355,18115,17275,18147,17123,18139,17107,17755,16579,17147,16475,17179,15779,16915,15443,16091,15075,15483,14939,15411,14227,13923,13779,13387,12043,12571,11083,12595,10747,11691,10051,11099,9435,8923,9315,9019,8915,8651,8659,8043,8587,5283,7787,4851,7155,4611,6675,4307,5947,4315,5803,4275,5467,4211,5203,2051,4683,1243,4651,981,4099,1043,3683,1155,3355,1011,3219,1019,2723,933,2555,886,2203,780,1747,839,1675,683,1547,607,1299,619,1211,731,0}"
12489,KzilCu4C,black,Drac25,Thou2001,loss,mate,1018,1005,13,standard,blitz,blitz,180,2,3+2,lichess.org,20.0,-2.75,43.0,,28/09/25 15:52,2025-09-28 18:57:28.077+00,296.593,C50,Italian Game: Giuoco Piano,Italian Game,6,-6,3617,7.19,,,,,6,13057,2.36,,,,,43,22,e4 e5 Nf3 Nc6 Bc4 Bc5 O-O d6 d4 exd4 Bf4 Bg4 h3 Bh5 c3 Nf6 cxd4 Bxd4 g4 Bxb2 gxh5 Nxe4 Nbd2 Bxa1 Nxe4 Be5 Bxe5 Nxe5 Nxe5 dxe5 Qb3 O-O Kh1 Kh8 Rg1 h6 Qg3 g6 hxg6 Rg8 g7+ Rxg7 Qxg7#,"{18003,18003,18099,18147,18211,18267,18227,18187,18155,17715,17835,17739,17843,17259,17523,16915,17491,16979,17203,16811,17107,15075,16971,14963,17035,14195,16387,11523,15795,11603,15523,10403,15419,9731,15443,8131,14875,4091,13667,3747,13235,3617,13057}"
12490,FPvHDco1,white,Drac25,RaulRB,loss,outoftime,1023,1099,-76,standard,blitz,blitz,180,2,3+2,lichess.org,23.0,4.99,,,27/09/25 23:04,2025-09-28 02:08:30.104+00,269.856,C40,King's Pawn Game: Busch-Gass Gambit,King's Pawn Game,4,-5,0,9.48,,,,,4,12331,3.15,,,,,38,19,e4 e5 Nf3 Bc5 Bc4 Bxf2+ Kxf2 Qf6 d3 h6 Nc3 Nc6 Kg1 d6 Nd5 Qd8 Bb5 Nf6 h3 Nxd5 exd5 Bd7 dxc6 bxc6 Bc4 d5 Bb3 a5 c4 a4 Bc2 e4 Ne5 Qf6 Nxd7 Kxd7 dxe4 Rhd8,"{18003,18003,18019,18051,17755,18091,17643,18091,17155,17819,16243,17651,14899,17131,14915,16339,14027,15643,13715,15619,13659,15051,12187,14931,12235,14851,11451,14547,11243,14587,10163,14515,9435,13195,8779,13235,6505,12331,0}"
12491,WNIKIu72,black,Drac25,sofia2304,win,resign,1016,1073,-57,standard,blitz,blitz,180,2,3+2,lichess.org,22.0,-6.44,33.0,,27/09/25 22:59,2025-09-28 02:02:32.972+00,174.821,C46,Three Knights Opening,Three Knights Opening,6,7,11771,3.46,,,,,-12,15755,1.18,,,,,38,19,e4 e5 Nf3 Nc6 Nc3 Bb4 a3 Bxc3 bxc3 Nf6 Bc4 Nxe4 O-O d5 Bb3 Bg4 h3 Bh5 d3 Nxc3 Bd2 Nxd1 Raxd1 Bxf3 gxf3 Nd4 Ba4+ c6 Rde1 Nxf3+ Kg2 Nxe1+ Rxe1 O-O Rxe5 Qd6 Bc3 Qxa3,"{18003,18003,18099,17963,18123,17627,18171,17395,18107,17475,18123,17195,17675,15803,17363,15419,17235,15331,17291,14931,17227,14739,17171,14611,17163,13979,17043,13979,16651,13947,16651,13883,16699,13187,16763,12155,16691,11771,15755}"
12492,LztsbXqi,white,Drac25,chesseveryman,loss,outoftime,1021,1072,-51,standard,blitz,blitz,180,2,3+2,lichess.org,16.0,-0.41,,,27/09/25 22:45,2025-09-28 01:48:38.993+00,161.788,C20,King's Pawn Game: Wayward Queen Attack,King's Pawn Game,3,-5,0,18.0,1.0,0.0,0.0,88.0,5,14213,4.21,1.0,0.0,0.0,89.0,20,10,e4 e5 Qh5 Qe7 Nc3 c6 Bc4 Nf6 Qf3 d6 h3 h6 d3 Nbd7 Be3 b5 Bb3 Nc5 Bxc5 dxc5,"{18003,18003,18099,17035,17507,16419,17155,16099,17171,15187,16915,15051,16707,14931,11019,14755,10835,14683,10319,14213,0}"
12493,BfdM1W50,white,Drac25,Juanoshvili,win,mate,1017,928,89,standard,blitz,blitz,180,2,3+2,lichess.org,17.0,-0.85,42.0,,27/09/25 16:03,2025-09-27 19:11:26.88+00,471.371,C20,King's Pawn Game: Wayward Queen Attack,King's Pawn Game,3,4,7490,2.84,,,,,-5,341,4.91,,,,,75,38,e4 e5 Qh5 Nc6 Bc4 g6 Qf3 Nf6 c3 d6 h3 Bg7 Na3 O-O d3 Na5 Bg5 Nxc4 Nxc4 Qd7 Bxf6 Bxf6 Qxf6 c6 Ne3 d5 Nf3 dxe4 dxe4 b5 O-O Re8 Ng4 Re6 Qg5 Ba6 Nf6+ Rxf6 Qxf6 b4 Qxe5 Bxf1 Rxf1 bxc3 bxc3 a5 Ng5 Re8 Qxa5 f6 Nf3 Rxe4 Qa8+ Re8 Qa4 Qd3 c4 Re4 Qa7 Rxc4 Qb8+ Kg7 Qc7+ Kh6 g3 c5 a4 Rxa4 Qxc5 Rc4 Qf8+ Kh5 Qxf6 Rd4 Qg5#,"{18003,18003,18123,17987,18227,17251,18275,17331,18275,17003,18267,16827,18099,16851,17771,16923,17131,16763,17179,16075,16819,14635,16899,13739,15939,12891,15731,11547,15531,8211,15523,7331,14635,6843,14219,5171,14235,5019,14315,5107,13635,4579,13435,4435,13475,4227,12915,3683,12403,1683,9707,1611,9635,1491,9467,650,9115,422,8883,369,8891,414,8803,456,8051,539,8003,534,7811,535,7635,493,7691,341,7490}"
12494,ywdl4z3X,black,Drac25,Corrado58,win,outoftime,1010,1066,-56,standard,blitz,blitz,180,2,3+2,lichess.org,27.0,4.76,48.0,,27/09/25 15:53,2025-09-27 19:03:05.576+00,547.569,C44,Ponziani Opening,Ponziani Opening,5,7,863,4.29,,,,,-7,0,4.39,,,,,82,41,e4 e5 Nf3 Nc6 c3 Bc5 d3 Nf6 Be2 d6 O-O d5 b4 Bb6 exd5 Qxd5 c4 Qd8 c5 Bxc5 bxc5 Nd4 Nxd4 exd4 Bg5 h6 Bxf6 Qxf6 Nd2 O-O Ne4 Qe7 Bg4 f5 Bf3 fxe4 Bxe4 Qg5 Qb3+ Kh8 Bxb7 Rb8 Rab1 Bxb7 f3 Bxf3 g3 Rxb3 Rxb3 Qe3+ Rf2 Qe1+ Rf1 Qe3+ Rf2 Qe7 Rbb2 Bd5 Rbe2 Qd8 Rxf8+ Qxf8 Rf2 Qe7 Kf1 Qxc5 a4 Qb4 a5 Qxa5 Rf8+ Kh7 Rf5 Qc5 Ke2 Qc2+ Ke1 Bg8 Rd5 Qxd3 Rd8 Qc2,"{18003,18003,18059,17571,18155,17603,18267,17579,18347,17603,18435,16955,18267,16747,18147,16523,17387,15467,17179,12563,17195,12347,17211,12387,16291,12243,16339,12299,16139,12123,15243,11563,14387,9883,11595,9595,11627,8819,8427,8571,6467,6931,6307,6363,5867,5011,4875,4811,4907,3019,4771,2331,4731,1691,4715,1107,4651,931,4411,567,3363,465,3443,482,1691,566,1075,562,1067,646,1051,699,782,609,881,668,843,802,332,874,274,863,0}"
12495,kjfCyxrF,black,Drac25,panicJCG,loss,resign,1015,1038,-23,standard,blitz,blitz,180,2,3+2,lichess.org,17.0,-2.02,54.0,,27/09/25 15:45,2025-09-27 18:53:28.733+00,485.344,B01,Scandinavian Defense,Scandinavian Defense,2,-5,994,4.05,,,,,9,5936,2.87,,,,,85,43,e4 d5 Nc3 d4 Nce2 Nc6 d3 e5 Bg5 Be7 Bxe7 Ngxe7 Nf3 Bg4 h3 Bxf3 gxf3 Ng6 Bg2 Nf4 Nxf4 exf4 Qd2 Qf6 O-O-O O-O-O h4 Ne5 Bh3+ Kb8 Bg4 g6 Kb1 h5 Bh3 Nxf3 Qb4 Nxh4 Bf1 Qb6 Qe7 Nf3 Qxf7 Ne5 Qxf4 Rhf8 Qxe5 Rxf2 Bh3 Qc6 Rc1 a6 Rhf1 Rxf1 Rxf1 Re8 Qxd4 Qd6 Qxd6 cxd6 Rf6 Rg8 Rxd6 Kc7 Rd7+ Kb6 a4 g5 Rh7 h4 b4 Kc6 b5+ Kc5 bxa6 bxa6 Be6 Kb4 Bxg8 g4 Rxh4 g3 Rg4 Kxa4 Rxg3,"{18003,18003,18203,17963,17707,17787,17835,17827,17875,17755,17955,17635,17939,17203,17939,17203,18139,17211,18283,17243,18379,17315,18187,16531,18043,16411,17907,16291,17899,16099,17243,15339,16467,15347,15459,15155,14363,13755,12651,11467,11675,11427,11259,9763,11059,9691,10907,9315,10355,9227,8907,8243,8787,7395,8987,6011,7707,3731,7603,3763,7659,2563,7635,2587,7235,2443,7131,2227,6875,2171,6411,1659,6195,1643,6211,1731,5915,1203,5755,1107,5795,1155,5835,1259,5936,994}"
12496,0oB9LxEz,black,Drac25,Zahra_MHM,win,resign,1012,852,160,standard,blitz,blitz,180,2,3+2,lichess.org,18.0,-3.97,,,27/09/25 15:43,2025-09-27 18:44:54.051+00,81.298,D00,Blackmar-Diemer Gambit,Blackmar-Diemer Gambit,6,3,14313,4.1,,,,,-3,18682,-0.68,,,,,20,10,d4 d5 Nc3 Nf6 e4 dxe4 Bb5+ Bd7 Bxd7+ Qxd7 f3 exf3 Nxf3 Nc6 Ng5 h6 Nxf7 Kxf7 Qh5+ Nxh5,"{18003,18003,18155,17875,18355,17707,18403,17235,18507,17147,18467,15395,18667,14875,18787,14179,18755,14251,18851,14313,18682}"
12497,VAwYPn9h,white,Drac25,loibarriu,loss,outoftime,1017,1085,-68,standard,blitz,blitz,180,2,3+2,lichess.org,15.0,-0.02,,,27/09/25 15:36,2025-09-27 18:43:08.243+00,375.286,B00,"Nimzowitsch Defense: Scandinavian Variation, Advance Variation",Nimzowitsch Defense,5,-5,0,6.0,,,,,7,12292,1.97,,,,,60,30,e4 d5 e5 Nc6 d4 e6 Bb5 Bd7 Nf3 a6 Ba4 b5 Bb3 Nge7 Bg5 h6 Bh4 Qb8 c3 Na5 Bc2 Nc4 Qc1 Nf5 b3 Nxh4 Nxh4 Nb6 Nd2 Be7 Ndf3 O-O O-O c5 dxc5 Bxc5 b4 Be7 a3 Nc4 Bd3 Nxe5 Nxe5 Qxe5 Nf3 Qf6 Qc2 g6 Rae1 Rac8 Nd4 e5 Nf3 e4 Bxe4 dxe4 Rxe4 Rfe8 Rfe1 Rxc3,"{18003,18003,17987,17715,17891,17523,17899,17235,17739,17323,17651,17307,17675,17259,17643,17211,17163,17139,15675,16963,15571,17019,14587,16723,13731,16715,13723,16419,12419,15979,12339,16035,11587,16107,10779,16139,10859,15747,10443,15803,9067,15547,8955,15747,7915,15315,4795,14619,4395,14563,4267,13187,2723,13283,1179,13139,1115,12899,1094,12292,0}"
12498,FrBbJBI9,black,Drac25,The_Real_Iron_Sheikh,loss,outoftime,1020,1137,-117,standard,blitz,blitz,180,2,3+2,lichess.org,18.0,3.96,38.0,,27/09/25 15:30,2025-09-27 18:36:17.22+00,341.106,C65,Ruy Lopez: Berlin Defense,Ruy Lopez,6,-3,0,8.57,,,,,3,11924,2.89,,,,,43,22,e4 e5 Nf3 Nc6 Bb5 Nf6 Bxc6 dxc6 d3 Bc5 Nbd2 Bg4 O-O Bd4 c3 Bc5 Qb3 Qxd3 Nxe5 Bxf2+ Rxf2 Qd6 Qxf7+ Kd8 Nxg4 Nxg4 Qf4 Nxf2 Qxf2 Rf8 Qh4+ Kd7 h3 Qc5+ Kh2 Qd6+ Qg3 Qxg3+ Kxg3 Rf6 Nc4 Raf8 Bg5,"{18003,18003,18107,18139,18187,18067,18251,18139,18355,18067,18379,18123,18379,16803,18227,16259,17819,15483,17507,7875,16971,2923,16651,2443,15459,1475,13467,1235,13027,802,12995,739,12755,781,12635,541,11923,561,11987,342,11979,312,11924,0}"
12499,NplflHuw,white,Drac25,vivaanghade,loss,outoftime,1025,1097,-72,standard,blitz,blitz,180,2,3+2,lichess.org,23.0,-1.7,40.0,,27/09/25 15:23,2025-09-27 18:30:13.583+00,388.061,C20,King's Pawn Game: Wayward Queen Attack,King's Pawn Game,3,-5,0,5.63,,,,,4,12110,1.9,,,,,64,32,e4 e5 Qh5 Bd6 Nc3 g6 Qf3 Bc5 Bc4 Nf6 Nd5 Nxd5 Bxd5 O-O d3 c6 Bc4 Qa5+ Bd2 Qb6 Be3 Bxe3 Qxe3 Qxb2 Qc1 Qc3+ Kf1 b5 Ne2 Qa5 Bb3 Na6 a3 Nc5 c4 Nxb3 Qc3 Qxc3 Nxc3 Nxa1 f3 Nc2 Ke2 Nxa3 Ra1 Nc2 Rc1 Nd4+ Ke3 b4 Na4 b3 Nc5 Rb8 f4 d6 Na4 Nc2+ Kd2 Nd4 fxe5 b2 Re1 b1=N+,"{18003,18003,18115,17587,17587,17699,17627,17139,17187,17275,16779,16403,16707,16355,16051,16299,15923,16307,14883,16411,14547,16283,13763,16395,13139,16259,12227,16067,11147,15531,11059,15419,10723,14883,9667,14571,8979,13915,8739,14067,7083,14123,6579,14067,6203,13883,5939,13995,5499,13859,5283,13819,5163,13387,4875,13107,4395,12747,3963,12243,3675,12371,1286,12110,0}"
12500,CG6eVwAZ,black,Drac25,vivaanghade,loss,outoftime,1030,1092,-62,standard,blitz,blitz,180,2,3+2,lichess.org,25.0,-5.0,,,27/09/25 15:15,2025-09-27 18:23:02.677+00,429.687,C50,Italian Game,Italian Game,5,-5,0,8.18,,,,,5,4071,6.33,,,,,45,23,e4 e5 Bc4 Nc6 Nf3 Nh6 O-O Bc5 Re1 Ng4 h3 Bxf2+ Kh1 Bxe1 Qxe1 Nf6 d3 h6 Qf2 d6 g4 Qe7 g5 hxg5 Bxg5 Rxh3+ Kg2 Rh8 Nh4 Be6 Nc3 Bxc4 dxc4 Nd4 Nd5 Qd7 Bxf6 Qg4+ Kf1 Qf4 Nxf4 gxf6 Nd5 O-O-O Nxf6,"{18003,18003,17595,18083,17523,17659,17243,16491,17147,16075,16707,15827,16363,15443,16451,14627,15915,14531,14443,13739,13747,11811,13459,11803,13019,11131,12851,7779,12219,5923,11163,5683,11163,5747,5843,4667,5531,3219,4939,577,4963,490,4291,473,4071,0}"
12501,uGtyIWGL,white,Drac25,JohnnyStreet,win,resign,1024,1023,1,standard,blitz,blitz,180,2,3+2,lichess.org,17.0,-2.12,53.0,,27/09/25 15:05,2025-09-27 18:15:34.959+00,590.404,C20,King's Pawn Game: Wayward Queen Attack,King's Pawn Game,3,6,2467,2.59,,,,,-6,3120,2.52,,,,,120,60,e4 e5 Qh5 Nc6 Bc4 g6 Qf3 Nf6 c3 Bg7 Na3 d6 h3 a6 d3 b5 Bd5 Ne7 Bxa8 d5 Bxd5 Nexd5 exd5 Nxd5 c4 Nf4 Qc6+ Bd7 Qf3 bxc4 Bxf4 exf4 Nxc4 Qe7+ Qe2 Be6 Nf3 Qb4+ Qd2 O-O O-O Qxd2 Nfxd2 Rb8 Rab1 Rd8 Nf3 Rxd3 b3 Bf5 Rbd1 h6 Rxd3 Bxd3 Rd1 Be2 Rd7 Bxf3 gxf3 c5 Rc7 Bf8 Rc8 Kg7 Ra8 h5 Rxa6 Kh6 Kg2 h4 Ne5 Bg7 Nxf7+ Kh7 Ng5+ Kh6 Ne6 Bh8 Nxc5 Kh5 Ne6 Bf6 a4 Kh6 b4 Kh7 b5 Kg8 b6 Kf7 Nxf4 Bg5 Nd5 Be7 Nxe7 Kxe7 b7 Kf7 b8=Q Kg7 Qb7+ Kh6 Rxg6+ Kh5 a5 Kxg6 a6 Kf5 a7 Ke5 a8=R Kd4 Re8 Kd3 Qd7+ Kc4 Rc8+ Kb4 Qb7+ Ka5,"{18003,18003,18019,18067,18131,17883,18147,18019,18147,17571,17643,16843,17603,16875,17115,16963,17131,16051,17027,15555,16667,15531,16691,15675,16627,14987,15859,14963,15099,13947,14715,13331,13667,11555,13019,10723,12027,10819,10203,10451,9099,10499,9011,9587,8803,8827,6899,8227,5427,6323,5067,5419,4939,5619,4731,4667,4659,3811,4683,3299,4323,3299,4083,3363,4083,2867,3739,2955,3467,2779,3267,2555,3163,2387,3091,2323,3155,2203,3203,2075,2979,1931,2787,1859,2851,1939,2851,2083,2851,2283,2739,2019,2259,1755,2195,1955,2323,1699,2419,1787,2203,1987,2259,2187,2307,2187,2507,2331,2451,2531,2179,2731,2275,2931,2387,2859,2507,2923,2643,3120,2467}"
12502,YQfhhJxD,white,Drac25,lynxx_r,loss,resign,1030,1008,22,standard,blitz,blitz,180,2,3+2,lichess.org,24.0,-4.4,52.0,,27/09/25 14:54,2025-09-27 18:05:05.373+00,627.803,A00,Van't Kruijs Opening,Van't Kruijs Opening,1,-6,1776,2.9,,,,,32,1611,2.98,,,,,112,56,e3 Nf6 Bc4 g6 d4 d5 Bb5+ Bd7 Nc3 a6 Ba4 Bxa4 Nxa4 Qd7 Nf3 Qxa4 b3 Qd7 Ne5 Qd6 O-O Nbd7 Bb2 Bg7 f4 O-O Qf3 Ne4 Qg4 f5 Qe2 Nxe5 dxe5 Qc5 Bd4 Qb5 c4 Qb4 Rad1 c5 Bb2 e6 Bc1 Nc3 Qd2 Nxa2 Qxa2 dxc4 Bd2 cxb3 Bxb4 bxa2 Bxc5 Rfc8 Bd4 Rc2 Ba1 Rac8 Rc1 Rxc1 Rxc1 Rxc1+ Kf2 Rc2+ Kf3 Rc1 Bb2 Rc2 Ba1 Bf8 e4 fxe4+ Kxe4 Rxg2 h4 Be7 Kf3 Rc2 Ke3 Bxh4 Kd3 Rg2 Kc3 Bg3 Kb3 Bxf4 Ka3 h5 Bb2 Rxb2 Kxb2 Bxe5+ Kxa2 Ba1 Kxa1 h4 Kb1 Kh7 Kc1 Kh6 Kd1 Kg5 Ke1 Kg4 Kf1 a5 Kg1 a4 Kh1 a3 Kg1 a2,"{18003,18003,17667,17843,17539,17771,17403,17667,17315,17235,17195,17051,17259,17131,16923,17035,17067,15395,17075,13507,16283,13499,15643,9643,14059,8667,12987,8579,12075,8011,10867,7883,10715,6651,8899,4531,8387,3835,5771,3699,4955,2667,2499,2403,2963,1739,2787,1291,2395,1011,1507,1099,1475,979,1075,919,665,876,537,829,568,1027,584,827,1843,840,1891,899,1907,970,1611,1019,1643,1083,1579,988,1443,948,1435,1011,1155,1035,1131,1003,997,1107,620,1171,459,1123,474,576,561,664,640,768,643,872,843,1019,1019,1179,1219,1283,1419,1347,1619,1427,1819,1483,2019,1611,1776}"
12503,rtDQd129,black,Drac25,lynxx_r,loss,resign,1036,969,67,standard,blitz,blitz,180,2,3+2,lichess.org,17.0,5.23,35.0,,27/09/25 14:49,2025-09-27 17:54:24.942+00,322.981,D02,"Queen's Pawn Game: Symmetrical Variation, Pseudo-Catalan",Queen's Pawn Game,5,-6,9311,4.83,2.0,0.0,1.0,76.0,39,2073,8.85,0.0,0.0,0.0,98.0,37,19,d4 d5 Nf3 Nf6 g3 Bg4 Bg2 Nc6 O-O Bxf3 Bxf3 Nxd4 Qxd4 e6 c4 b6 Bg5 Be7 cxd5 exd5 Nc3 h6 Bxf6 Bxf6 Qa4+ Kf8 Bxd5 Rb8 Rad1 Qe7 Qxa7 Bxc3 Qxb8+ Qe8 Qxe8+ Kxe8 bxc3,"{18003,18003,18035,18099,18171,18083,17835,17779,17715,17803,17787,17915,17819,17555,17635,17547,17267,17243,16587,15595,12627,14803,8547,14811,6659,12875,5515,12179,3011,11083,1939,10635,1979,10283,2011,10291,2073,9311}"
12504,owMlcSrl,black,Drac25,idkgg6966,win,resign,1031,986,45,standard,blitz,blitz,180,2,3+2,lichess.org,12.0,0.55,38.0,,27/09/25 14:42,2025-09-27 17:48:35.552+00,393.289,C45,Scotch Game: Classical Variation,Scotch Game,8,5,2370,6.51,,,,,-5,5584,5.17,,,,,49,25,e4 e5 Nf3 Nc6 d4 exd4 Nxd4 Bc5 Nxc6 dxc6 Qxd8+ Kxd8 Bc4 Bb4+ c3 Bc5 O-O Nf6 Bg5 Be7 Rd1+ Nd7 Bxf7 Bxg5 e5 Ke7 e6 Ne5 Bh5 Bxe6 Nd2 g6 Bf3 Rad8 Ne4 Rxd1+ Rxd1 Nxf3+ gxf3 Bh4 Rd4 h6 Nc5 Bf6 Re4 Kd6 b4 Bxa2 Re6+,"{18003,18003,18115,18115,18315,18011,18515,18011,17283,16827,17291,16931,17051,15867,17099,15947,17187,15683,17163,15307,16811,14379,16219,14419,15235,13179,14115,12859,9899,12779,9699,11699,9619,10499,7587,10355,7571,10355,7683,9747,6931,8451,6547,6811,6483,3643,6299,2971,5584,2370}"
12505,39FJ20Mb,white,Drac25,nyashkov,loss,mate,1036,1069,-33,standard,blitz,blitz,180,2,3+2,lichess.org,29.0,,,,27/09/25 14:38,2025-09-27 17:41:42.489+00,211.71,C20,King's Pawn Game: Wayward Queen Attack,King's Pawn Game,3,-5,8163,7.03,,,,,5,14413,2.56,,,,,30,15,e4 e5 Qh5 Qf6 Bc4 Bc5 Nf3 g6 Qg4 Nc6 c3 d5 exd5 Bxg4 d4 exd4 Bg5 Qf5 dxc6 bxc6 O-O Bxf3 Re1+ Kf8 Bd2 dxc3 Bxc3 Bxg2 Bxh8 Qxf2#,"{18003,18003,17931,18019,17987,17915,17483,17939,16411,17923,15859,18003,15523,18059,14595,18107,14427,16779,12843,16603,12419,16451,12395,15083,11187,14619,9027,14651,8163,14413}"
12506,wSg0QVHW,black,Drac25,nyashkov,loss,resign,1042,1063,-21,standard,blitz,blitz,180,2,3+2,lichess.org,22.0,4.89,38.0,,27/09/25 14:34,2025-09-27 17:38:00.798+00,231.481,C23,Bishop's Opening,Bishop's Opening,3,-6,7159,5.71,,,,,6,15679,1.22,,,,,39,20,e4 e5 Bc4 Nc6 Qf3 Nf6 Nh3 Nd4 Qc3 Bc5 Ng5 Nxe4 Nxe4 Qh4 d3 Nxc2+ Qxc2 d6 Bg5 Qg4 g3 Bf5 h3 Qf3 Rh2 Bxe4 dxe4 f6 Be2 Bb4+ Nc3 Bxc3+ bxc3 Qh5 Bxh5+ g6 Bxf6 gxh5 Bxh8,"{18003,18003,18059,18003,18075,17707,17987,17379,17979,16683,17811,16427,17771,15827,17355,15755,17443,14827,17027,13579,16219,12491,16251,12371,15627,11411,15627,9995,15659,8627,15619,8595,15539,7603,15603,7563,15603,7555,15679,7159}"
12507,qZVeRlsM,black,Drac25,Fabiyanskii,loss,resign,1048,1004,44,standard,blitz,blitz,180,2,3+2,lichess.org,26.0,0.81,,,27/09/25 14:27,2025-09-27 17:33:37.276+00,380.899,C46,Three Knights Opening,Three Knights Opening,5,-6,537,7.28,,,,,7,8149,3.94,,,,,50,25,e4 e5 Nf3 Nc6 Nc3 Bc5 Nd5 Nge7 a3 Nd4 Nxe5 Nxd5 exd5 O-O b4 Bb6 Nc4 d6 d3 f6 a4 a6 a5 Ba7 c3 Nb5 Be2 Nxc3 Qd2 Nxd5 O-O Nxb4 Qxb4 Bc5 Qb3 b6 Nxb6+ Kh8 Nxa8 Qe7 Bf3 Be6 Qb7 Qd7 Bc6 Qd8 Nxc7 d5 Nxe6 Qd6,"{18003,18003,18083,18035,18179,17875,18131,17731,17971,16491,17339,16323,17331,15619,17291,15427,16571,14555,15747,11363,15563,10883,15523,10843,15275,10403,14675,9955,13883,9699,13147,8459,12955,8195,12611,7363,12139,5731,12123,5403,11051,5211,10355,2779,10075,2467,9251,1891,9235,537,8149}"
12508,zWX9UDmc,black,Drac25,rrs93,win,resign,1043,1001,42,standard,blitz,blitz,180,2,3+2,lichess.org,,,,,27/09/25 14:26,2025-09-27 17:26:53.935+00,31.733,A04,Zukertort Opening: Black Mustang Defense,Zukertort Opening,2,5,16751,2.5,,,,,-12,18410,-0.81,,,,,11,6,Nf3 Nc6 Ng5 h6 Nxf7 Kxf7 e4 Nf6 e5 Nxe5 Bc4+,"{18003,18003,18075,17651,18147,17523,18259,17019,18251,17043,18410,16751}"
12509,LeBaKm94,white,Drac25,Luis3200,win,resign,1039,917,122,standard,blitz,blitz,180,2,3+2,lichess.org,16.0,4.66,39.0,,27/09/25 01:06,2025-09-27 04:09:54.249+00,188.721,C20,King's Pawn Game: Wayward Queen Attack,King's Pawn Game,3,4,13857,2.07,,,,,-6,13166,2.55,,,,,40,20,e4 e5 Qh5 Qe7 Bc4 Nf6 Qf3 d6 Nc3 Bg4 Qg3 Nc6 Nd5 O-O-O Nxe7+ Bxe7 Bxf7 Nxe4 Qxg4+ Kb8 Qxe4 Nb4 a3 d5 Qxe5 Nxc2+ Kf1 Nxa1 Qxe7 Rd6 Nf3 Rf6 Bxd5 Nc2 Qxg7 Rhf8 Qxh7 Rxf3 Bxf3 Rxf3,"{18003,18003,18099,18019,18139,18043,18163,17979,18147,17947,17819,17683,17379,17203,17355,17195,16963,16947,16651,16571,16715,16555,15979,15891,15779,15907,15363,15955,15291,14963,14971,14763,14539,14411,14291,14227,14067,13107,14011,13166,13857}"
12510,y5lqfDKw,white,Drac25,victory_68,draw,draw,1039,1020,19,standard,blitz,blitz,180,2,3+2,lichess.org,21.0,-2.57,35.0,,27/09/25 00:57,2025-09-27 04:06:28.753+00,519.659,B00,Pirc Defense,Pirc Defense,2,0,6601,1.93,,,,,0,6066,2.02,,,,,120,60,e4 d6 Bc4 e6 d4 Be7 d5 Nf6 dxe6 Bxe6 Bxe6 fxe6 Bg5 O-O Nf3 h6 Bh4 Nc6 e5 dxe5 Qxd8 Rfxd8 Bg3 Bd6 Bh4 Rf8 Nc3 e4 Bxf6 Rxf6 Nd2 Bb4 O-O-O Bxc3 bxc3 Rxf2 Nxe4 Rxg2 Rd7 Rc8 Nc5 b6 Nxe6 Ne5 Rxc7 Rxc7 Nxc7 Nc4 a4 a5 Nd5 Ne5 Nxb6 Nf3 h3 g5 Nc4 h5 Nxa5 Kf7 Rf1 Rg3 Rh1 Ke7 Nc4 Kd7 a5 Kc7 Kb2 Kb7 Kb3 Ka6 Kb4 Nh4 Ne5 Nf5 c4 Nd4 c3 Nc2+ Kb3 Ne3 c5 Kxa5 c6 Nd5 Kc4 Nxc3 c7 Ne4 c8=Q Rc3+ Kd4 Rxc8 Kxe4 Rb8 Nc6+ Kb6 Nxb8 Kc7 Na6+ Kb6 Nb4 Kc5 Nd3+ Kd6 h4 gxh4 Rxh4 Ke6 Rxh5 Kf6 Rc5 Ke6 Rd5 Kf6 Kf4 Ke6 Nc5+ Kxd5,"{18003,18003,17883,18203,17579,18403,17587,18475,17627,18595,17483,18707,17411,18907,17099,18995,16979,18403,16819,18363,16539,17811,16411,17307,16003,16027,15915,16051,15707,15995,14187,15131,14163,15179,14211,14939,14275,14555,14075,14291,13899,14059,13699,13131,13587,13219,13627,12387,13499,12275,12899,12083,12787,12163,12611,11539,12363,11459,12347,10883,11971,10475,10795,10491,10371,10579,9987,10675,9931,10611,10051,10763,9979,10475,9595,10347,9491,9939,9291,9419,8779,9027,8619,8907,8635,8915,7915,8459,7299,6403,7243,6467,6883,6523,6891,6139,6931,5995,6995,6059,6979,6187,7107,6299,7147,6411,7099,6491,7179,6531,7275,6675,7107,6027,6883,6099,6963,6187,6601,6066}"
12511,1jDUG68K,black,Drac25,victory_68,draw,draw,1040,1019,21,standard,blitz,blitz,180,2,3+2,lichess.org,27.0,-3.88,40.0,,27/09/25 00:47,2025-09-27 03:57:29.75+00,623.753,A00,Van't Kruijs Opening,Van't Kruijs Opening,1,-1,791,2.39,,,,,1,7524,1.46,,,,,145,73,e3 e5 d3 Nc6 Be2 Nf6 Nf3 Bc5 O-O e4 dxe4 Nxe4 Nfd2 d5 Bf3 Bf5 Bxe4 dxe4 b3 O-O Bb2 f6 f3 Bg6 Nc4 exf3 Qxd8 Raxd8 gxf3 b5 Ncd2 Bxe3+ Kg2 Bxc2 Ne4 Bxe4 fxe4 Bd4 Bxd4 Nxd4 Na3 Ne6 Rfc1 c5 Nxb5 a6 Nc3 Ng5 a4 Rd2+ Kh1 Re8 Re1 Rc2 Rac1 Rxc1 Rxc1 Nxe4 Nxe4 Rxe4 Rxc5 Kf7 Rc6 a5 Ra6 Re5 Kg2 g5 Kf3 Kg6 Kg4 h5+ Kg3 Kf5 h4 gxh4+ Kxh4 Kf4 Kh3 f5 Kg2 h4 Kh3 Kg5 Ra8 f4 Rg8+ Kh5 Rh8+ Kg5 Rg8+ Kf5 Kxh4 f3 Rf8+ Ke4 Kg3 Ke3 Rxf3+ Kd4 Kf2 Kc5 Kf1 Kb4 Kf2 Rc5 Ke2 Rc2+ Kd1 Rb2 Kc1 Rxb3 Rf4+ Ka3 Rf5 Kxa4 Rf4+ Rb4 Rf2 Rc4+ Kb1 Kb4 Rb2+ Kc3 Ra2 Rc5 Rc2+ Kb4 Rb2+ Ka4 Ra2+ Kb4 Rb2+ Kc4 Rc2+ Kd4 Rd2+ Kc4 Rc2+ Kd3 Ra2 Kc3 Rc2+ Kb4 Rb2+,"{18003,18003,18203,18043,18403,17715,18603,16899,18627,16723,18715,16795,18779,15027,18835,13587,18843,12683,18747,12003,18803,11563,18411,10331,17771,10019,17339,9851,16787,9427,15891,9467,15459,8915,14027,8043,13763,7995,13659,8059,13739,7043,13523,6267,13275,6067,12939,5819,12347,4955,12251,4571,11635,3251,10931,3043,11051,2979,11163,3051,11307,2867,11051,2891,10667,2499,10547,2235,10627,1939,10683,1939,10707,1891,10411,1547,10499,1507,10083,1531,9987,1499,10067,1451,9907,1043,9867,998,9947,1059,10059,1123,10051,1123,10131,1131,9987,1059,9891,859,9547,805,9643,873,9427,841,9107,837,8403,730,8275,800,7419,615,7219,538,7259,569,7147,605,7187,678,7139,735,7171,792,7155,809,7259,752,7363,802,7491,816,7579,921,7467,919,7587,986,7451,760,7427,791,7524,791}"
12512,vRwsTtji,white,Drac25,theRealLebronjamesJR,loss,outoftime,1047,949,98,standard,blitz,blitz,180,2,3+2,lichess.org,20.0,-1.63,44.0,,27/09/25 00:37,2025-09-27 03:46:43.11+00,552.203,B00,Nimzowitsch Defense,Nimzowitsch Defense,2,-7,0,3.33,,,,,7,7954,1.9,,,,,108,54,e4 Nc6 Bc4 b6 d3 Bb7 Qh5 g6 Qf3 Ne5 Qf4 Nxc4 dxc4 d6 e5 e6 exd6 Qxd6 Qxd6 cxd6 Nf3 Bxf3 gxf3 Nf6 Nc3 Rd8 Be3 d5 cxd5 exd5 O-O-O Bb4 Nb5 a6 Nc7+ Ke7 Bxb6 Nd7 Rhe1+ Kf6 Nxd5+ Kg7 Bxd8 Bxe1 Bf6+ Nxf6 Nxf6 Kxf6 Rxe1 Kg5 Rg1+ Kh6 Rd1 Re8 c4 Re2 c5 Rxf2 c6 Rxf3 Kc2 Rf6 c7 Rc6+ Kb3 Rxc7 Rd6 a5 Ka4 f5 b3 f4 Rf6 Kg5 Rf8 h5 a3 Rc3 Kxa5 f3 Kb4 Re3 a4 Kh4 a5 Kh3 a6 Kg2 a7 f2 Rxf2+ Kxf2 a8=Q Re6 Qg8 Rb6+ Kc5 Rxb3 Qxg6 Rc3+ Kd5 Rh3 Qf5+ Rf3 Qxh5 Kg2 h3 Rxh3,"{18003,18003,17571,18059,16939,18115,16795,17995,16859,17107,14731,16643,14635,16283,14339,15803,13603,15595,12763,15587,12571,15515,12563,15611,12203,15155,11547,14947,11491,15051,10963,14715,9635,13923,9323,13411,8603,11771,8019,11523,7963,10715,7683,10811,7307,10811,7307,10939,7491,10539,7291,10643,7019,10459,6723,10403,6659,10499,6539,10619,5971,10683,6011,10827,6027,11027,5979,10555,5835,10667,5187,10563,5123,10547,4635,10563,4267,10651,2915,10587,2403,10427,2307,9915,1947,9779,1995,9923,1963,10051,1795,9819,1203,9259,397,9307,431,9035,549,9003,583,8267,241,8043,213,7867,263,7954,0}"
12513,aNWLqzMK,black,Drac25,cAmIlA_pOzO,loss,resign,1052,1111,-59,standard,blitz,blitz,180,2,3+2,lichess.org,28.0,1.04,,,27/09/25 00:32,2025-09-27 03:36:48.576+00,270.413,C25,Vienna Game: Paulsen Variation,Vienna Game,5,-5,5750,5.33,3.0,4.0,2.0,70.0,7,14249,1.63,2.0,2.0,2.0,75.0,47,24,e4 e5 Nc3 Nc6 g3 Nf6 Bg2 Bc5 Nge2 Nd4 O-O d6 d3 Bg4 h3 Nxe2+ Nxe2 Bh5 Kh2 d5 Qe1 a5 f4 exf4 Nxf4 Bg6 Nxg6 hxg6 Bg5 Be7 exd5 Qd6 Bxf6 gxf6 c4 O-O-O a3 Rhe8 Qxa5 Qc5 Qa8+ Kd7 Qa4+ c6 dxc6+ Qxc6 Bxc6+,"{18003,18003,18139,17955,18307,17795,18435,16971,18491,16139,18355,16163,17051,15659,17019,15659,17003,14947,17051,14131,16459,13139,16107,12627,16139,11963,16123,11763,16115,10859,15995,9915,15539,9699,15515,9395,15195,8331,15155,7483,14395,7011,14387,6771,14339,6427,14249,5750}"
12514,ovgR7djH,white,Drac25,KOTuK_CDOX,loss,mate,1056,1130,-74,standard,blitz,blitz,180,2,3+2,lichess.org,19.0,-0.04,54.0,,27/09/25 00:20,2025-09-27 03:31:15.24+00,649.218,C20,King's Pawn Game: Wayward Queen Attack,King's Pawn Game,3,-4,1756,2.35,,,,,5,2762,2.21,,,,,140,70,e4 e5 Qh5 Nc6 Bc4 Qe7 c3 Nf6 Qf3 d6 d3 Be6 Bg5 Bxc4 dxc4 Qd8 Na3 Be7 Nh3 a6 b4 h6 Bh4 Qd7 Bxf6 Bxf6 b5 axb5 Nxb5 O-O O-O Ne7 Rad1 Rxa2 c5 Qxb5 cxd6 cxd6 Rb1 Rb2 Rbc1 Ng6 g3 Qc4 Rb1 Rxb1 Rxb1 Qc8 Qg2 Qxc3 f4 exf4 Nxf4 Nxf4 gxf4 Bd4+ Kh1 Qc6 Rd1 Bf6 Re1 Ra8 e5 Qxg2+ Kxg2 dxe5 fxe5 Ra2+ Kf1 Bg5 e6 fxe6 Rxe6 b5 Re8+ Kf7 Rb8 Rb2 Ke1 b4 h3 Bd2+ Kd1 Bc3 Kc1 Rh2 h4 g5 h5 g4 Rb7+ Ke6 Rb6+ Kd5 Rxh6 g3 Rg6 Rxh5 Rxg3 Rh1+ Kc2 Rh2+ Kb3 Rh8 Rxc3 bxc3 Kxc3 Rc8+ Kd3 Rc4 Ke3 Ke5 Kd3 Kd5 Ke3 Rc3+ Kf4 Rc1 Ke3 Kc4 Ke4 Rd1 Ke5 Rd5+ Ke4 Rd4+ Ke5 Kc5 Kf5 Kd6 Kg5 Ke6 Kh5 Kf5 Kh6 Kf6 Kh5 Ra4 Kh6 Rh4#,"{18003,18003,18043,18027,18147,18155,18139,18283,18147,18395,18091,18547,17923,18547,16939,17747,16331,17851,15611,17875,15259,17347,14827,17411,14587,17427,14227,17459,14251,16747,14131,15899,13715,15331,13691,15091,12531,15203,12043,14859,11763,13819,11579,12739,10787,12667,10835,12771,9091,9699,8883,9259,8699,9219,8547,9043,8523,7507,7163,6779,6595,6403,5891,6451,5915,6515,5939,6547,5459,6435,4443,6523,4483,5891,4139,5963,4003,5731,3275,5659,3131,5523,3059,5587,2691,5499,1875,5267,1691,5379,1459,4755,1507,4819,1395,4899,1475,3747,1547,3531,1611,3499,1475,3555,1443,3627,1507,3635,1539,3691,1643,3627,1707,3723,1835,3859,1883,3675,1955,3755,2067,3883,2155,3795,2275,3827,2387,3723,2315,3563,2275,3491,2155,3235,2203,3219,2067,2835,1756,2762}"
12515,OLfdAUK3,white,Drac25,Fwze755,win,mate,1050,1067,-17,standard,blitz,blitz,180,2,3+2,lichess.org,22.0,5.15,51.0,,27/09/25 00:11,2025-09-27 03:20:00.453+00,534.009,B00,Owen Defense,Owen Defense,2,6,730,3.39,,,,,-6,5716,2.46,,,,,103,52,e4 b6 Bc4 Bb7 Qh5 Nh6 Bd5 c6 Bc4 Qc7 d3 b5 Bb3 Qa5+ c3 b4 Bxh6 Na6 Qxf7+ Kd8 Bxg7 Bxg7 Qxg7 Kc7 Qe5+ d6 Qxe7+ Kb6 Qxd6 Rhf8 Nf3 bxc3 Nxc3 Rad8 Qh6 Rxd3 O-O Rfxf3 gxf3 Rxf3 Kg2 Rxc3 bxc3 Qxc3 Rab1 Ka5 Rfc1 Qd3 Qd2+ Nb4 Qxd3 Nxd3 Rc5+ Kb4 Rf5 c5 Bd5+ Kc3 Bxb7 Ne1+ Kf1 Nd3 e5 Kc2 Rb5 c4 e6 c3 Rbc5 Kb2 a4 c2 Rfd5 Nxc5 Rxc5 c1=Q+ Rxc1 Kxc1 e7 Kb2 e8=Q Ka3 Qe4 a5 Bd5 h5 Qc2 Kb4 Qd2+ Kxa4 f4 Kb5 f5 a4 Qd3+ Kb4 Qc4+ Ka3 Bc6 Kb2 Bxa4 Ka3 Qb3#,"{18003,18003,17923,18131,17483,17707,17067,16483,16731,16267,15667,15859,15195,15763,14299,15603,13867,15283,13507,15299,13059,14371,13051,13923,11715,13931,11659,13707,10067,13507,8643,13555,8651,12987,7275,12955,6859,12259,6411,12227,5515,11187,5235,11195,5163,9723,4123,8803,3731,8563,3619,8619,3659,8627,2779,7867,2715,7187,2571,6987,2499,6395,2371,6163,2019,5699,1987,5763,1787,5571,1755,5635,1235,5651,1275,5635,1163,5707,1307,5755,1339,5907,1195,5699,888,5579,830,5611,672,5683,750,5659,893,5755,902,5803,990,5699,868,5755,910,5716,730}"
12516,o8paJ9Rq,black,Drac25,Mr_CasYYY,loss,outoftime,1055,1084,-29,standard,blitz,blitz,180,2,3+2,lichess.org,19.0,2.53,44.0,,26/09/25 23:58,2025-09-27 03:04:55.79+00,389.841,C50,Italian Game: Giuoco Pianissimo,Italian Game,7,-5,0,6.67,2.0,1.0,4.0,62.0,6,9758,3.05,2.0,1.0,3.0,70.0,55,28,e4 e5 Nf3 Nc6 Bc4 Bc5 d3 h6 Nc3 d6 Na4 Bd4 Nxd4 Nxd4 Nc3 Bg4 Qxg4 Nxc2+ Kd2 Nxa1 b3 Nxb3+ axb3 Nf6 Qe2 O-O Re1 c6 b4 b5 Bb3 a5 Ba3 axb4 Bxb4 d5 exd5 Nxd5 Nxd5 cxd5 Qxe5 Re8 Qxd5 Qxd5 Bxd5 Rxe1 Bxa8 Re8 Bc6 Rb8 Kc3 Rb6 Bf3 f5 Bc5,"{18003,18003,18131,18043,18275,17555,18291,15579,18219,14891,18259,13843,17891,13603,17659,12859,17363,12843,16155,12867,16163,12555,16235,12547,16179,12203,16323,10147,15043,10131,14939,9307,13811,9011,13819,8883,12851,8539,12531,8379,12643,7363,11699,6683,11715,4619,10827,3859,10691,3019,10483,2315,10243,390,9758,0}"
12517,3UBnFg04,white,Drac25,alejcuevas_84,win,outoftime,1049,1112,-63,standard,blitz,blitz,180,2,3+2,lichess.org,22.0,0.78,,,26/09/25 22:01,2025-09-27 01:08:21.165+00,415.639,B01,Scandinavian Defense,Scandinavian Defense,2,6,6161,5.15,,,,,-7,0,7.83,,,,,47,24,e4 d5 e5 c5 d4 cxd4 Qxd4 Nc6 Qa4 Bd7 Qf4 e6 Bb5 Qb6 Nc3 a6 Be3 Qa5 Ba4 b5 Bb3 Nb4 Kd1 Nh6 Bd2 Qb6 Be3 Qc7 a3 Nc6 Qg3 Nf5 Qf3 Nxe3+ Qxe3 f6 exf6 gxf6 Nf3 Rg8 Rg1 Nb4 axb4 Bc6 Nd4 Rd8 Nxe6,"{18003,18003,17923,17931,17899,17939,18003,18131,17859,18139,16811,15835,16355,14363,16299,13683,15211,10971,14091,10371,13699,9291,11771,8731,11243,4875,10723,3467,10635,3459,9843,3219,9259,3275,9259,2747,8323,2515,7027,2147,6427,416,6147,301,6115,260,6161,0}"
12518,J8WtrSHf,black,Drac25,particle_physics,loss,outoftime,1053,1175,-122,standard,blitz,blitz,180,2,3+2,lichess.org,19.0,1.53,56.0,,26/09/25 21:51,2025-09-27 01:01:00.522+00,574.792,C20,King's Pawn Game: Leonardis Variation,King's Pawn Game,3,-4,0,3.33,,,,,4,2356,2.9,,,,,109,55,e4 e5 d3 Bc5 Nf3 d6 Nc3 Bg4 Be2 c6 Bg5 f6 Bh4 g5 Bg3 Nh6 h3 Bh5 Qd2 Na6 O-O-O Qa5 Kb1 Bxf3 Bxf3 Nb4 a3 Na6 h4 Bd4 hxg5 Ng8 gxf6 Bxc3 Bh5+ Kd7 Bg4+ Kc7 Qxc3 Qxc3 bxc3 Nxf6 Bf3 Nc5 d4 Na4 Rd3 exd4 cxd4 Kb6 e5 dxe5 dxe5 Nd5 Bxd5 cxd5 Rxd5 Nc3+ Kb2 Nxd5 e6 Rhe8 Rd1 Rad8 Re1 Rd6 f4 Rc6 f5 Nc7 Bf4 h5 g3 Nd5 Bd2 Nf6 Be3+ Kc7 Bd2 a5 Kb3 b6 c4 b5 cxb5 Rd6 a4 Rxd2 Kc4 Ne4 Rxe4 Kb6 Rh4 Red8 Rxh5 R8d4+ Kb3 Rb4+ Kc3 Rg2 e7 Rxg3+ Kc2 Rc4+ Kd2 Rg2+ Kd3 Rg3+ Kxc4,"{18003,18003,18099,17531,17931,17507,18051,17603,17995,16307,17955,14755,17931,14379,17995,13219,17947,12227,13811,11715,13411,10691,13235,10595,13147,9347,12755,7763,11211,7307,11011,6451,11043,5307,9787,4971,9027,4787,8403,4651,8603,4115,6899,2355,5259,2051,3619,1123,3651,712,3723,697,3923,513,3931,591,3843,672,3747,772,3691,772,3523,711,3235,728,3139,745,3203,513,3083,551,2995,484,2747,552,2683,539,2611,549,2603,652,2659,685,2715,668,2659,722,2547,432,2483,546,2491,580,2611,680,2683,601,2739,591,2595,704,2659,747,2227,751,2283,651,2356,0}"
12519,lxQa54G7,black,Drac25,Gentillionaire,loss,resign,1056,1182,-126,standard,blitz,blitz,180,2,3+2,lichess.org,26.0,9.01,,,26/09/25 21:48,2025-09-27 00:51:14.397+00,173.395,C65,"Ruy Lopez: Classical Variation, Zukertort Gambit",Ruy Lopez,9,-3,8108,7.61,,,,,6,16532,1.13,,,,,27,14,e4 e5 Nf3 Nc6 Bb5 Bc5 c3 Nf6 O-O O-O d4 Nxe4 dxc5 Nxc5 Bc4 d6 Ng5 Be6 Bd3 f5 Qh5 h6 Nxe6 Nxe6 Bxf5 Qg5 Bxg5,"{18003,18003,18155,18107,18267,17915,18347,17603,18475,17251,18267,16491,18219,14643,18219,13315,17867,12475,17843,11219,17067,10563,16707,10139,16819,8435,16532,8108}"
12520,elkSkBmL,black,Drac25,edisoncarflo,win,outoftime,1053,907,146,standard,blitz,blitz,180,2,3+2,lichess.org,28.0,-0.37,60.0,,26/09/25 21:39,2025-09-27 00:47:49.638+00,495.137,A00,Van't Kruijs Opening,Van't Kruijs Opening,1,3,1543,5.14,,,,,-4,0,5.46,,,,,66,33,e3 e5 Qh5 Nc6 Bc4 g6 Qf3 Nf6 g4 e4 Qf4 Bd6 Qg5 h6 Qh4 g5 Qh3 Be5 f3 d5 Bb3 exf3 Nxf3 Bxg4 Qg2 Bxf3 Qxf3 Qd6 d4 Bxh2 c4 Bg3+ Ke2 Ne4 cxd5 O-O-O Qxe4 Nxd4+ Qxd4 c5 Qg7 Rhe8 Qxf7 Bf4 Kf3 Kb8 exf4 gxf4 Qxf4 Rf8 Qxf8 Rxf8+ Ke4 Qg6+ Ke3 Re8+ Kd2 Qg2+ Kc3 Qxh1 d6 Rd8 Be6 Qxc1+ Kb3 Rxd6,"{18003,18003,18075,17995,18171,17939,18211,18043,18195,17163,17643,16827,16939,15907,16059,15915,15931,14459,15699,14451,15675,14019,15691,14011,14611,12867,14387,12259,13987,10883,12955,9763,12515,8283,11755,7851,11027,7107,10891,6411,9891,5811,9227,5123,7899,3635,7443,3467,5323,3163,3299,2955,2643,2019,2363,1635,2419,1267,2011,1371,1779,1419,398,1483,367,1543,0}"
12521,ChTh3mrm,white,Drac25,saglave,win,resign,1048,968,80,standard,blitz,blitz,180,2,3+2,lichess.org,16.0,-0.2,45.0,,26/09/25 21:33,2025-09-27 00:39:16.567+00,329.76,C20,King's Pawn Game: Wayward Queen Attack,King's Pawn Game,3,5,5935,3.55,,,,,-4,12856,1.51,,,,,69,35,e4 e5 Qh5 Nc6 Bc4 g6 Qf3 Qe7 c3 Nf6 d3 d6 Bg5 Bg7 h3 Be6 Na3 O-O-O Qe3 b6 Bd5 Bxd5 exd5 Nxd5 Bxe7 Nxe3 Bxd8 Nxg2+ Kf1 Nf4 Bg5 Nxd3 b4 f6 Be3 h5 Ne2 Bh6 Nc1 Bxe3 Nxd3 Bd2 Nb1 e4 Nxd2 exd3 Rd1 Re8 Nc4 b5 Nb2 Re2 Nxd3 Rxa2 Kg2 a5 Ra1 Rd2 Rhd1 Rxd1 Rxd1 axb4 Nxb4 Nxb4 cxb4 c5 Rxd6 Kc7 Rxf6,"{18003,18003,18115,18083,18067,18219,18187,18139,17851,17939,17771,17979,17435,17795,17427,17619,17171,17619,16827,17195,16755,17259,16811,17411,16235,17491,16091,17315,15947,17051,14627,16803,13995,16355,13483,15107,13475,15027,12451,14307,12443,13939,11883,13819,10507,13899,10435,14019,9179,13747,8307,13291,7851,13275,7379,12747,7187,12675,6299,12339,6355,12379,6219,12467,6291,12667,6067,12867,5935,12856}"
12522,eRAzDKWE,black,Drac25,saglave,loss,resign,1056,961,95,standard,blitz,blitz,180,2,3+2,lichess.org,24.0,8.19,,,26/09/25 21:30,2025-09-27 00:33:33.915+00,170.453,C20,King's Pawn Game: Leonardis Variation,King's Pawn Game,3,-8,7855,8.46,,,,,7,15685,1.93,,,,,25,13,e4 e5 d3 Nc6 Nf3 Bc5 Nc3 d6 Nd5 Bg4 Be2 Nd4 O-O c6 Ne3 Qf6 Nxg4 Qg6 Nh4 Nxe2+ Qxe2 Qe6 Nf5 Nh6 Nxg7+,"{18003,18003,18115,18075,18243,18003,18331,17835,18163,17171,18131,17147,17371,16579,16827,14419,16747,13259,16083,10939,16115,9483,15715,8939,15685,7855}"
12523,CLDBMI6p,white,Drac25,K9BA,win,resign,1050,1046,4,standard,blitz,blitz,180,2,3+2,lichess.org,15.0,-0.11,34.0,,26/09/25 18:54,2025-09-26 22:04:44.499+00,607.31,B20,Sicilian Defense: Bowdler Attack,Sicilian Defense,3,6,2499,2.28,,,,,-6,4061,2.05,,,,,137,69,e4 c5 Bc4 Nc6 Nf3 g6 Nc3 Bg7 d3 d6 Bg5 Bg4 h3 Bxf3 Qxf3 Nf6 Bxf6 Bxf6 Nd5 Nd4 Nxf6+ exf6 Qd1 O-O c3 Nc6 Bd5 Re8 Qb3 Rb8 Bxf7+ Kg7 Bxe8 Qxe8 O-O Qe5 Qa4 h5 d4 cxd4 cxd4 Qxe4 Rae1 Qxd4 Qxd4 Nxd4 Re7+ Kh6 Rd1 Nf5 Re6 b5 Rxf6 Kg5 Rf7 a5 g4 Nh6 Rd7 Rb6 Rd5+ Kf4 R7xd6 Rxd6 Rxd6 hxg4 Rd4+ Kf3 Rxg4 Nxg4 hxg4 Kxg4 Kg2 Kf4 Kh3 Ke4 Kg3 Kd3 f3 Kc2 b3 Kb2 a4 bxa4 bxa4 Ka3 f4 Kxa4 Kg4 Kb4 Kg5 a4 Kxg6 a3 f5 a2 f6 a1=Q f7 Qb1+ Kg7 Qb2+ Kf8 Qh8+ Ke7 Qe5+ Kf8 Qd6+ Kg7 Qg3+ Kf6 Qd6+ Kg7 Qg3+ Kf6 Qc3+ Kg6 Qd3+ Kf6 Qd4+ Kg6 Qe4+ Kf6 Qc6+ Kg7 Qg2+ Kf6 Kc4 f8=Q Qf2+ Ke7 Qe3+ Kf7 Qf4+ Kg7 Qd6 Qxd6,"{18003,18003,17883,17851,17531,17723,17019,17803,17027,17875,16459,17571,16339,17355,16403,17451,15787,17403,15811,15571,15139,15523,13707,15427,12819,15011,12507,14795,11755,14035,11715,13947,11779,14147,11003,13523,10043,12931,9939,12979,9963,13011,9451,12779,9075,12979,9163,13011,8955,12579,8683,11811,8667,11747,7851,11459,7811,11035,6555,10539,5915,10331,4875,10019,4931,9963,4587,9915,4211,9787,4323,9987,4219,10187,4251,10387,4147,10467,4107,10515,3611,10435,3603,10147,3667,10235,3299,10291,3203,10371,3355,10355,3555,10467,3755,10595,3955,10667,4155,9883,4163,9651,4131,9467,4171,8963,4171,8667,4283,7819,3803,7027,3875,6883,3779,6595,3715,6107,3555,6147,3499,6187,3371,5771,3435,5475,3427,4875,2915,4859,3003,4827,2571,4451,2619,4251,2499,4061}"
12524,2kU9u5MZ,white,Drac25,Grifon_75,loss,outoftime,1055,1095,-40,standard,blitz,blitz,180,2,3+2,lichess.org,24.0,0.85,,,26/09/25 18:46,2025-09-26 21:54:07.113+00,461.241,C41,Philidor Defense,Philidor Defense,5,-5,0,6.67,,,,,5,1706,6.27,,,,,54,27,e4 e5 Nf3 d6 Bc4 h6 Nc3 a6 Bd5 c6 Bc4 Nf6 d4 d5 exd5 cxd5 Bb3 e4 Ne5 Qd6 Bf4 Qe6 h3 Bb4 Qd2 O-O a3 Bd6 Qe3 g5 Bxg5 Bxe5 dxe5 Qxe5 Bxh6 Rd8 Bf4 Qh5 g4 Nxg4 O-O-O Nxe3 fxe3 Bxh3 Bxd5 Rxd5 Nxd5 Qf3 Ne7+ Kf8 Nd5 Nc6 Nb6 Rd8,"{18003,18003,17723,18075,17683,18139,17483,18203,17155,18203,16387,18203,15851,17627,15803,17451,14995,16035,14379,14203,13419,13603,13091,13563,12835,13555,11955,13483,10323,12491,10163,8843,9163,6555,8139,5163,6379,4083,5931,3659,4579,3571,4579,2875,3851,2387,3619,2067,1451,1923,870,1795,513,1706,0}"
12525,F3yZtLQD,black,Drac25,fookinrooki,win,resign,1050,1018,32,standard,blitz,blitz,180,2,3+2,lichess.org,17.0,-0.9,,,26/09/25 18:43,2025-09-26 21:46:01.752+00,172.35,C44,"Scotch Game: Scotch Gambit, Cochrane-Anderssen Variation",Scotch Game,12,5,9480,6.09,,,,,-5,15152,2.04,,,,,29,15,e4 e5 Nf3 Nc6 Bc4 Bc5 O-O d6 c3 Bg4 d4 exd4 Nbd2 dxc3 bxc3 Qf6 Qb3 Nh6 e5 Nxe5 Ne4 Qg6 Bxh6 gxh6 Nxe5 Qxe4 Bxf7+ Kd8 Qxb7,"{18003,18003,18203,18027,18403,16539,18419,16219,18531,16075,18603,15915,18339,14915,18259,14867,18011,13659,16867,13371,16915,12131,16491,11931,16091,10475,15739,10027,15152,9480}"
12526,nzP3ZTb5,white,Drac25,xd007,win,resign,1043,1120,-77,standard,blitz,blitz,180,2,3+2,lichess.org,14.0,1.28,31.0,,26/09/25 18:35,2025-09-26 21:42:40.428+00,418.005,C20,King's Pawn Game: Wayward Queen Attack,King's Pawn Game,3,7,7990,3.03,,,,,-7,3356,4.44,,,,,67,34,e4 e5 Qh5 Qf6 Bc4 g6 Qf3 Qxf3 Nxf3 Nc6 Bb5 a6 Bxc6 dxc6 Nxe5 Bg7 d4 Bxe5 dxe5 Ne7 Bh6 Bd7 Nc3 O-O-O O-O-O Kb8 f4 Be6 Kb1 Rxd1+ Nxd1 Rd8 Bg5 Re8 h3 Nc8 g4 Nb6 b3 c5 c4 Rh8 f5 gxf5 exf5 Bd7 Be7 Re8 Bxc5 Rxe5 Bxb6 cxb6 Nb2 Bc6 Rh2 Re1+ Kc2 Be4+ Nd3 Bxd3+ Kxd3 Rd1+ Ke4 Re1+ Kf4 Rf1+ Kg5,"{18003,18003,18043,18019,18083,17883,18107,17795,18203,17835,16307,17355,16347,17451,16467,17195,16419,17211,16499,17211,16187,16691,15899,16611,15915,16691,14395,16179,13955,16155,13931,15747,12371,15083,11963,13731,11539,13499,11435,10963,10571,8915,10539,8939,10155,8651,9419,8163,9259,6923,9179,6971,8899,6099,8715,5835,8267,5923,8387,5643,8435,5507,7963,5187,8003,4283,7990,3356}"
12527,S45733ea,white,Drac25,intoe,win,resign,1038,949,89,standard,blitz,blitz,180,2,3+2,lichess.org,16.0,5.83,41.0,,26/09/25 18:24,2025-09-26 21:30:47.668+00,352.243,B02,Alekhine Defense: Normal Variation,Alekhine Defense,4,5,3439,5.83,,,,,-4,7826,4.07,,,,,51,26,e4 Nf6 e5 Nd5 Bc4 e6 Qh5 g6 Qf3 Qg5 d3 Bh6 Bxg5 Bxg5 Bxd5 exd5 Qxd5 Nc6 Nf3 Bh6 Nc3 Nb4 Qb3 Nc6 Nb5 Kd8 Qxf7 Rf8 Qxh7 Rxf3 Qxh6 Rf5 Qxg6 Rxe5+ Kf1 Rxb5 c4 Rxb2 Qf6+ Ne7 Qxb2 d6 Qh8+ Kd7 Re1 Kc6 Rxe7 Bh3 gxh3 Kc5 Qxa8,"{18003,18003,17347,17699,16683,17483,15659,17083,15499,16363,14123,15971,14107,16035,12467,15283,12475,15139,11915,14755,11419,14443,11187,12451,10635,12275,10083,11411,8779,10155,8571,8843,8051,8651,7291,8499,4715,8451,4187,8411,4275,8411,3587,8387,3587,8491,3491,8691,3483,8811,3439,7826}"
12528,swNCNdWX,black,Drac25,Westendthor,win,mate,1033,1040,-7,standard,blitz,blitz,180,2,3+2,lichess.org,21.0,-3.68,46.0,,26/09/25 18:17,2025-09-26 21:24:05.589+00,390.201,A04,Zukertort Opening: Black Mustang Defense,Zukertort Opening,2,5,5071,5.39,,,,,-7,2861,6.31,,,,,50,25,Nf3 Nc6 g3 d5 Bg2 Bg4 d3 h6 O-O Nf6 Nc3 Qd7 Bf4 Bxf3 Bxf3 e5 Be3 d4 Ne4 dxe3 Nxf6+ gxf6 c3 exf2+ Kxf2 Bc5+ e3 Qh3 Qb3 O-O Kg1 Bxe3+ Kh1 f5 Qxb7 Ne7 Qxc7 Ng6 Bxa8 f4 Bg2 Qg4 gxf4 Nxf4 Rxf4 Bxf4 Rg1 Qh4 Qd7 Qxh2#,"{18003,18003,17979,17787,18019,17835,17619,17459,17659,17475,17275,17339,17147,15803,17099,15427,16043,15419,14707,15147,14707,15131,14123,14731,14131,14051,13875,13219,13459,12651,11923,11355,11891,9491,11043,8451,10171,8251,8563,7571,8363,7179,6507,6443,4907,5931,4531,5363,2861,5071}"
12529,Yq9xkVBQ,white,Drac25,Atmacaa53,loss,outoftime,1037,1100,-63,standard,blitz,blitz,180,2,3+2,lichess.org,15.0,-1.22,49.0,,26/09/25 13:46,2025-09-26 16:54:28.726+00,460.188,C20,King's Pawn Game: Wayward Queen Attack,King's Pawn Game,3,-4,0,5.14,,,,,4,6125,3.49,,,,,70,35,e4 e5 Qh5 Qf6 Bc4 Nc6 c3 d6 Nh3 Qg6 Qxg6 hxg6 Bf1 Bxh3 gxh3 O-O-O Bg2 Be7 d3 a6 Be3 Kb8 Na3 Na5 O-O-O d5 exd5 Bxa3 bxa3 Nf6 f3 Nxd5 Bd2 Nb6 f4 exf4 Bxf4 Nd5 Bd2 Nf6 Bf3 Rxd3 Rhf1 Rxh3 Be2 Rd8 Bg5 Rxd1+ Rxd1 Rxh2 Rd8+ Ka7 Be3+ b6 Bd1 Rxa2 Kb1 Rxa3 Bd2 Ne4 Bf3 Nxd2+ Rxd2 Rxc3 Be4 Re3 Bg2 Nc4 Rd8 b5,"{18003,18003,18091,17811,18107,17835,17395,17667,16803,17339,16363,17235,14875,16699,14891,16675,14923,16571,13755,16483,13603,16299,13331,15203,12539,14571,12427,14507,11771,14371,11355,14227,11011,13651,9043,13099,9115,12475,8779,12203,7731,11803,7411,10995,7219,10451,6683,9619,6475,9475,6091,9499,5827,9435,3195,9019,2715,8987,2555,8555,1899,7955,1643,8011,713,7627,490,7115,316,6125,0}"
12530,yMfjuK0d,black,Drac25,VNSAntos,win,resign,1031,1043,-12,standard,blitz,blitz,180,2,3+2,lichess.org,21.0,-0.58,36.0,,26/09/25 03:06,2025-09-26 06:14:55.464+00,513.776,D06,Queen's Gambit Declined: Austrian Defense,Queen's Gambit Declined,4,6,7291,2.1,,,,,-6,1133,3.24,,,,,104,52,d4 d5 c4 c5 dxc5 dxc4 e3 Qxd1+ Kxd1 e5 Bxc4 Bxc5 Nc3 Nc6 Ne4 Be7 a3 Nf6 f3 Nxe4 fxe4 O-O b3 Be6 Ne2 Bxc4 bxc4 Na5 c5 Bxc5 Bd2 Nc4 Bb4 Rac8 Bxc5 Rxc5 Ke1 Nxe3 Kf2 Ng4+ Kf3 Nf6 Ng3 a5 Rac1 Rb5 Rc7 b6 a4 Rb4 Ra1 Rb3+ Kf2 b5 Ra7 bxa4 Rxa4 g6 R4xa5 Kg7 R5a6 Rb4 Ra8 Rxa8 Rxa8 Nxe4+ Nxe4 Rxe4 Kf3 Rf4+ Kg3 f5 Ra4 Rxa4 Kf3 Kf6 g3 e4+ Ke3 Kg5 h3 Kf6 Kf4 Ra3 g4 fxg4 hxg4 e3 Kf3 e2+ Kxe2 Kg5 Kd2 Kxg4 Kc2 Kf4 Kd2 g5 Ke2 Rf3 Ke1 g4 Ke2 g3,"{18003,18003,18123,17291,17571,17187,17379,17155,17131,16875,16835,16611,16675,16051,16403,14811,13667,14699,13283,14699,13259,14547,12211,14587,11755,14035,11747,13203,9003,12355,8707,12323,8219,11779,7827,11755,7547,11747,7515,11131,7307,11155,5955,10259,6011,9811,4675,9747,4531,9739,4403,9739,3963,9843,2651,8459,2267,7579,2019,7507,966,7011,999,6963,1035,7067,1139,7139,1259,7203,1315,7043,1347,6907,1211,6843,1283,6867,1291,6907,1171,6515,1147,6371,1067,6371,1051,6507,911,6523,1019,6651,939,6787,1067,6867,1195,6939,1291,7019,1179,7163,1291,7291,1133}"
12531,tn8FqVS7,black,Drac25,Alberto_1234_Ugarte,loss,outoftime,1036,1084,-48,standard,blitz,blitz,180,2,3+2,lichess.org,20.0,5.5,,,26/09/25 02:59,2025-09-26 06:05:50.655+00,358.287,C50,Italian Game: Paris Defense,Italian Game,6,-5,0,10.0,,,,,5,8451,5.31,,,,,37,19,e4 e5 Nf3 Nc6 Bc4 d6 c3 Bg4 O-O Nf6 d3 d5 exd5 Nxd5 h3 Bh5 Re1 Bd6 Bxd5 Qf6 Bg5 Qf5 Be4 Qe6 Bxc6+ bxc6 Na3 O-O Nc4 Bc5 Bh4 Rae8 Bg3 Qf6 Bxe5 Qf5 d4,"{18003,18003,17939,18107,17947,16539,17907,16475,17555,15275,17539,13923,17539,13987,16907,13587,16739,10043,16371,8867,14587,7883,14475,5651,14011,5579,12619,5011,12123,2547,11491,1987,11251,1507,9547,381,8451,0}"
12532,a4K8SNGR,white,Drac25,valdetM16,win,resign,1032,974,58,standard,blitz,blitz,180,2,3+2,lichess.org,26.0,-5.59,,,26/09/25 02:56,2025-09-26 05:59:31.492+00,187.656,C20,King's Pawn Game: Wayward Queen Attack,King's Pawn Game,3,4,10643,4.09,,,,,-5,14748,1.81,,,,,37,19,e4 e5 Qh5 Nc6 Bc4 g6 Qf3 Nf6 c3 Be7 d3 O-O Bh6 Re8 Nh3 Bf8 Qe3 Ng4 Qd2 Nxh6 Ng5 a6 Bxf7+ Nxf7 Nxf7 Kxf7 O-O d6 Na3 Qg5 Qxg5 Be7 Qh6 Bf8 Qxh7+ Ke6 Qxg6+,"{18003,18003,18091,17955,18179,17907,18275,17891,18387,17867,17403,17923,16211,17539,15347,17587,14891,16963,13955,16795,13011,15371,12875,15203,12891,15291,12347,14915,11931,14923,11691,15011,10939,14843,10931,14843,10643,14748}"
12533,HMMo2WcZ,black,Drac25,burundija,loss,resign,1038,1003,35,standard,blitz,blitz,180,2,3+2,lichess.org,17.0,-3.41,49.0,,26/09/25 02:49,2025-09-26 05:55:36.669+00,364.357,A00,Mieses Opening,Mieses Opening,1,-6,1065,6.27,,,,,6,8579,3.49,,,,,55,28,d3 d5 e4 dxe4 dxe4 Qxd1+ Kxd1 Nf6 Nd2 e6 b3 Bb4 c3 Bxc3 Rb1 Bxd2 Bxd2 Nxe4 f4 Nf2+ Ke1 Nxh1 Nf3 f6 Bb5+ Bd7 Bc4 b5 Bd3 Nc6 Ke2 O-O Rxh1 Nb4 Bxb4 Rfd8 Rc1 Re8 Rxc7 Bc8 Bxb5 Rd8 a4 a6 Bc6 Rb8 Be7 Rd7 Bxd7 Bxd7 Rxd7 Rxb3 Nd4 Rb2+ Ke3,"{18003,18003,17971,17811,18051,17915,18139,17523,17915,16323,17875,16379,17563,16403,17643,16027,17691,16099,17547,16091,17147,15947,16795,15323,16843,14979,16787,14507,16731,13707,16155,13691,16179,13099,16051,12323,15763,11403,15667,10643,15515,9483,10307,9283,10211,9307,9867,3987,9731,4051,9363,3731,8547,3203,8579,1065}"
12534,oYsf26VZ,white,Drac25,LX_TANMAYBRO,win,resign,1032,1083,-51,standard,blitz,blitz,180,2,3+2,lichess.org,23.0,-3.38,,,26/09/25 02:45,2025-09-26 05:49:13.16+00,198.418,B00,Nimzowitsch Defense,Nimzowitsch Defense,2,6,12585,3.61,,,,,-72,10513,4.99,,,,,31,16,e4 Nc6 Bc4 d6 Qh5 g6 Qf3 Ne5 Qe2 Bg7 d4 Nxc4 Qxc4 Bd7 a4 e6 Nf3 Nf6 Bg5 h6 e5 hxg5 exf6 Qxf6 Qxc7 Rc8 Qxb7 Bc6 Qxc8+ Ke7 Qxc6,"{18003,18003,17891,17915,17563,17603,17459,17435,16275,16739,16003,11523,15963,11403,15179,11371,14763,11459,13995,11251,13331,11227,13395,11251,13395,11179,12707,11059,12539,11011,12585,10513}"
12535,wTwFj8Jg,black,Drac25,Andreadanisa,win,resign,1028,897,131,standard,blitz,blitz,180,2,3+2,lichess.org,15.0,-2.82,56.0,,26/09/25 02:36,2025-09-26 05:45:35.884+00,534.903,C44,Ponziani Opening,Ponziani Opening,5,4,441,4.39,,,,,-4,535,4.26,,,,,82,41,Nf3 Nc6 c3 e5 e4 Bc5 b4 Bb6 Bc4 Nf6 Ng5 O-O O-O d6 Qf3 Be6 Nxe6 fxe6 Bxe6+ Kh8 Qf5 Nd7 d3 Rxf5 exf5 Nf6 Bg5 h6 Bh4 Ne7 Na3 a6 Rae1 Nxf5 Bxf5 Qe7 d4 Rg8 Nc4 g6 Bd3 g5 Bg3 Ng4 dxe5 Qf7 Nxb6 cxb6 Kh1 Qd5 Be4 Qxa2 f3 Nxe5 Bd5 Qxd5 Re4 g4 Rf4 gxf3 Rh4 fxg2+ Kg1 gxf1=Q+ Kxf1 Qd1+ Kg2 Kh7 Rf4 Qd2+ Kh3 Ng6 Rf7+ Rg7 Rf4 Qd5 Rg4 Ne5 Rf4 Qd3 Re4 Qxe4,"{18003,18003,17875,18035,17923,17939,17627,17707,17723,17427,17819,16979,17011,16987,16083,14587,15843,14595,15483,13851,15451,11875,15291,11867,15099,11835,15027,11827,14891,10995,14203,10171,13539,10043,13403,8587,13387,7995,12395,5627,11291,5547,10995,4979,10515,4499,9675,4323,7779,1987,7595,1467,7027,1227,6147,984,5763,493,5347,367,4587,395,4219,345,4283,239,4227,370,3371,472,3419,515,3355,549,3195,482,3179,441,2987,492,895,441,535}"
12536,giaWiXs4,white,Drac25,liveat,loss,outoftime,1034,1052,-18,standard,blitz,blitz,180,2,3+2,lichess.org,16.0,-1.32,41.0,,26/09/25 02:27,2025-09-26 05:36:20.904+00,514.172,C20,King's Pawn Game: Wayward Queen Attack,King's Pawn Game,3,-6,0,5.0,,,,,25,1293,4.77,,,,,72,36,e4 e5 Qh5 Nc6 Bc4 g6 Qf3 Nf6 c3 Bg7 b4 O-O d3 d5 exd5 Bg4 Qe3 Nxd5 Bxd5 Qxd5 f3 Rae8 fxg4 Qxg2 Qf3 Qxf3 Nxf3 e4 dxe4 Rxe4+ Kf1 Nxb4 cxb4 Bxa1 Nbd2 Rxg4 Rg1 Rxb4 Ba3 Bc3 Bxb4 Bxb4 Nc4 Rd8 Rg2 Rd1+ Ke2 Rc1 Nce5 Rc2+ Kf1 Rxa2 Nd7 Ra1+ Ke2 Ra2+ Kf1 Rxg2 Kxg2 a5 Nd4 a4 Kf3 a3 Nc2 a2 Ke2 Bc3 Kd3 Bb2 Kd2 a1=Q,"{18003,18003,18083,18003,18187,17987,17699,18083,17539,15459,17539,15475,15411,13835,14987,13979,13955,13987,13915,14187,12979,11843,11459,12043,10915,10331,10923,10403,6899,10603,5843,10715,5099,10771,4651,10419,2939,9395,1931,4467,1603,4667,1619,4011,1459,3859,1435,3171,1139,3259,1163,2563,1019,2403,1059,1035,1139,1163,1267,1067,1091,1123,1131,1219,921,1243,716,1283,685,1235,331,1293,0}"
12537,I1IKwD2g,white,Drac25,Trasybulle,win,resign,1030,882,148,standard,blitz,blitz,180,2,3+2,lichess.org,17.0,-0.63,,,26/09/25 02:22,2025-09-26 05:27:11.018+00,282.142,C20,King's Pawn Game: Wayward Queen Attack,King's Pawn Game,3,4,4510,6.75,,,,,-4,10955,3.52,,,,,41,21,e4 e5 Qh5 Nc6 Bc4 g6 Qf3 Nf6 c3 Bg7 b4 a6 a4 O-O d3 d6 Bg5 Re8 Ne2 Be6 Bd5 Bxd5 exd5 Na7 O-O c6 c4 Qe7 Nbc3 Rac8 Ne4 h6 Nxf6+ Bxf6 Bxf6 Qd7 Bh4 Rb8 b5 cxb5 axb5,"{18003,18003,18099,18083,18187,18123,18299,18267,18195,18227,17259,18123,16875,18091,16227,18059,15523,18019,11571,18035,10427,18051,10363,17635,9715,17707,9291,16795,7563,16755,7059,15627,6515,14715,6219,14067,5227,12555,4795,12307,4510,10955}"
12538,WLPD5Aow,white,Drac25,yondel,win,mate,1024,1026,-2,standard,blitz,blitz,180,2,3+2,lichess.org,,,,,26/09/25 02:20,2025-09-26 05:22:14.196+00,100.138,C20,King's Pawn Game: Wayward Queen Attack,King's Pawn Game,3,6,16202,2.57,,,,,-6,12950,8.42,,,,,15,8,e4 e5 Qh5 Nc6 Bc4 g6 Qf3 Nf6 c3 d5 exd5 Nxd5 Bxd5 Bg4 Qxf7#,"{18003,18003,18115,16891,18163,16019,18003,15083,17699,14547,17475,14547,16515,12950,16202}"
12539,mJcruBt9,black,Drac25,rohit_totala,loss,resign,1030,1055,-25,standard,blitz,blitz,180,2,3+2,lichess.org,21.0,-1.5,,,26/09/25 02:15,2025-09-26 05:20:16.278+00,303.366,C48,"Four Knights Game: Spanish Variation, Classical Variation",Four Knights Game,8,-6,3684,7.96,,,,,6,9992,4.45,,,,,37,19,e4 e5 Nf3 Nc6 Nc3 Nf6 Bb5 Bc5 d3 Nd4 Nxd4 Bxd4 Bd2 c6 Bc4 Qb6 Rb1 Bxf2+ Kf1 d6 Qf3 Ng4 Qxf7+ Kd8 Bg5+ Nf6 Bxf6+ gxf6 Qxf6+ Kc7 Qxh8 Bh3 Qg7+ Kb8 Qf8+ Kc7 Qxf2,"{18003,18003,18139,18083,18275,17251,18395,17163,18355,16931,18211,16251,18059,15267,18075,14715,16451,14475,15699,12811,15291,10731,13067,9787,12963,8659,12619,8691,12643,8251,11259,4771,10315,4659,9955,4307,9992,3684}"
12540,k1Kklx7c,black,Drac25,antonKrasnov2000,win,resign,1023,1172,-149,standard,blitz,blitz,180,2,3+2,lichess.org,16.0,1.14,28.0,,25/09/25 02:52,2025-09-25 05:58:05.773+00,348.432,D00,Queen's Pawn Game: Accelerated London System,Queen's Pawn Game,3,7,8360,2.1,5.0,1.0,3.0,87.0,-94,13586,0.94,9.0,3.0,2.0,83.0,94,47,d4 d5 Bf4 Nf6 e3 Bf5 Bd3 Ne4 Nf3 f6 Nh4 e6 Nxf5 exf5 Bxe4 dxe4 f3 Bd6 Bxd6 Qxd6 fxe4 fxe4 Qh5+ g6 Qb5+ Qc6 Qxc6+ Nxc6 O-O f5 Nc3 O-O-O Nb5 Kb8 c4 b6 a3 Na5 b4 Nxc4 Rac1 a6 Nxc7 Kxc7 Rxc4+ Kb7 Rb1 Rc8 Rxc8 Rxc8 b5 a5 a4 Rc3 d5 Rd3 Rc1 Rxd5 h4 Rd3 Rc6 Rxe3 h5 Re1+ Kh2 Ra1 hxg6 hxg6 Rxg6 Rxa4 Rg7+ Kc8 g4 fxg4 Rxg4 Rb4 Rg8+ Kc7 Rg7+ Kd6 Rg5 Ke6 Kg2 e3 Kf1 Re4 Ke2 a4 Rg3 a3 Rxe3 Rxe3+ Kxe3 a2,"{18003,18003,18075,17859,18155,17867,18219,17571,17835,17467,17219,17075,16779,16939,16611,16555,16475,15803,16419,15891,16547,15603,16347,15483,16403,15035,16251,15107,16427,14827,16259,14211,16219,14179,15819,13579,15579,12659,15603,12667,15315,12003,14611,11659,14683,11803,14259,11387,14107,11323,14267,11107,14347,10859,14283,10699,14291,10683,14339,10723,14091,10395,14179,10163,14251,9379,14059,9427,14155,9347,14235,9395,13843,9187,13955,9091,14011,9091,14155,9163,14275,9091,14331,8531,14427,8251,14107,8171,13835,8155,13619,8211,13763,8360,13586}"
12541,9rnuaUiH,white,Drac25,theRealLebronjamesJR,win,outoftime,1018,962,56,standard,blitz,blitz,180,2,3+2,lichess.org,17.0,1.92,43.0,,25/09/25 02:45,2025-09-25 05:51:45.068+00,392.27,B01,Scandinavian Defense,Scandinavian Defense,2,5,9862,2.91,,,,,-5,0,6.43,,,,,57,29,e4 d5 e5 f6 d4 fxe5 dxe5 Nc6 Nf3 d4 Bb5 a6 Bxc6+ bxc6 Qxd4 Qxd4 Nxd4 c5 Ne6 Bxe6 Nc3 g6 Bg5 h6 Bh4 Bg7 Bg3 h5 O-O-O Nh6 Na4 Nf5 Bf4 Bxa2 Nxc5 O-O b3 Rfd8 Kb2 Rxd1 Rxd1 a5 Kxa2 a4 Nxa4 g5 Bxg5 Bxe5 Kb1 Nd4 Nc5 Bxh2 Rxd4 Rf8 f3 Be5 Rd7,"{18003,18003,17755,18035,17835,18131,17867,17955,17779,17787,17779,14883,16867,15083,16955,15107,17067,14083,15763,14099,15699,13763,15651,13491,15419,13115,15387,10859,15387,10899,13883,9859,13435,9691,12963,7555,12979,4379,12555,2635,12571,2483,12259,2603,12035,2515,11059,2531,10371,1331,9843,625,9811,291,9851,221,9862,0}"
12542,XloJnswB,black,Drac25,theRealLebronjamesJR,win,outoftime,1013,967,46,standard,blitz,blitz,180,2,3+2,lichess.org,16.0,0.19,34.0,,25/09/25 02:38,2025-09-25 05:44:53.914+00,394.229,D00,Queen's Pawn Game: Accelerated London System,Queen's Pawn Game,3,5,7553,4.35,,,,,-5,0,7.2,,,,,50,25,d4 d5 Bf4 Nf6 e3 Bf5 Bd3 Ne4 Nd2 e6 f3 Nxd2 Qxd2 Nc6 Bxf5 exf5 c3 b5 Ne2 a5 O-O b4 Rfc1 Bd6 cxb4 Bxb4 Qc2 Ne7 Qxc7 Qxc7 Rxc7 O-O Rxe7 Bxe7 Rc1 Rac8 Rxc8 Rxc8 Kf2 Rc2 b4 Rxa2 b5 Rb2 Kg3 Rxe2 b6 Rb2 Bc7 a4,"{18003,18003,18115,18043,18195,17939,17915,17003,17715,16235,16803,14795,17003,14875,17059,14547,15771,14003,14195,13811,14235,13923,12523,13155,11307,11075,10171,9611,9219,9075,9291,9139,9283,9131,8907,7691,4915,7699,4435,7747,3123,7763,3083,7667,996,7491,1003,7603,1034,7553,0}"
12543,K6Uyando,white,Drac25,PepedeHuelva,win,mate,1009,926,83,standard,blitz,blitz,180,2,3+2,lichess.org,14.0,1.36,,,25/09/25 02:31,2025-09-25 05:37:39.615+00,348.704,C00,French Defense,French Defense,2,4,2996,6.25,,,,,-5,8816,3.99,,,,,49,25,e4 e6 Bc4 Nf6 e5 Nd5 Qf3 c6 d3 f5 Nh3 Nb4 Na3 b5 Bg5 Be7 Bb3 O-O c3 Nd5 c4 Bxa3 cxd5 cxd5 bxa3 Qe8 O-O Nc6 Qg3 Nd4 Bd1 Bb7 Bh6 Qf7 Bh5 Qe7 Ng5 Ne2+ Bxe2 Rfe8 Bh5 g6 Bxg6 hxg6 Nf3 Qxa3 Qxg6+ Kh8 Qg7#,"{18003,18003,17811,17651,17587,17643,16235,17579,15707,17099,13947,17099,12675,16731,12187,16299,10587,15763,10027,15779,9427,15635,9035,15587,8883,14843,8139,14851,7451,14627,7243,14107,7099,13267,5315,12331,4859,12227,4659,10003,3923,10043,3539,9675,3187,9483,3179,8816,2996}"
12544,SvsAy37h,black,Drac25,sounak1604,loss,resign,1014,1050,-36,standard,blitz,blitz,180,2,3+2,lichess.org,33.0,7.75,,,25/09/25 02:25,2025-09-25 05:31:39.452+00,367.975,D04,Queen's Pawn Game: Colle System,Queen's Pawn Game,5,-5,182,10.48,,,,,5,7930,5.93,,,,,35,18,d4 d5 Nf3 Nf6 e3 Bg4 Be2 Ne4 Bd2 e6 a3 Qf6 O-O Bd6 h3 Bxh3 gxh3 Qg6+ Kh1 Qh5 Nc3 Qxh3+ Kg1 Ng5 Ne5 f6 f4 Qg3+ Kh1 Nh3 Qe1 fxe5 Qxg3 exf4 Qxg7,"{18003,18003,17987,17883,17971,17947,17427,16323,17299,15267,17099,14795,16851,12667,16003,11187,15395,7307,15179,5299,13227,5099,13291,4251,9971,1755,9331,954,9219,688,7867,515,7907,244,7930,182}"
12545,N2Dh5pfX,white,Drac25,battles,win,outoftime,1008,1019,-11,standard,blitz,blitz,180,2,3+2,lichess.org,27.0,-1.15,,,24/09/25 21:41,2025-09-25 00:47:55.214+00,405.26,C20,King's Pawn Game: Wayward Queen Attack,King's Pawn Game,3,6,4539,6.41,5.0,3.0,2.0,61.0,-6,0,8.57,1.0,1.0,4.0,64.0,43,22,e4 e5 Qh5 Qe7 Bc4 Nf6 Qf3 g6 Nc3 c6 d3 Bg7 Nh3 O-O Ng5 d6 h3 Be6 Qg3 Bh6 Qh4 Nh5 Bxe6 Bxg5 Bxf7+ Qxf7 Qxg5 Nf4 Bxf4 exf4 Qh6 Nd7 d4 d5 O-O-O dxe4 Nxe4 Qxa2 Ng5 Qa1+ Kd2 Nf6 Ne6,"{18003,18003,18115,17907,18155,17147,17683,17155,17155,17155,16555,16899,15923,16827,14923,15347,14035,14947,13787,12115,13219,11755,12123,10715,11835,6163,11707,5811,11139,5595,10363,4443,9291,4011,9235,3267,8435,2523,6355,1227,6251,702,4539,0}"
12546,YuAqo7xu,white,Drac25,Elfodasprofundezas,loss,mate,1013,1014,-1,standard,blitz,blitz,180,2,3+2,lichess.org,24.0,-0.51,40.0,,23/09/25 22:10,2025-09-24 01:17:25.729+00,427.727,C02,"French Defense: Advance Variation, Nimzowitsch System",French Defense,7,-5,1912,8.05,,,,,8,862,8.57,,,,,42,21,e4 e6 e5 d5 d4 c5 Nf3 Nc6 Bb5 Bd7 Nc3 a6 Ba4 f6 Bxc6 Bxc6 exf6 Nxf6 Bg5 Be7 dxc5 O-O Ne5 Qa5 Nxc6 bxc6 O-O Bxc5 Qe2 d4 Qxe6+ Kh8 Ne2 Rae8 Qxc6 Rxe2 Bxf6 gxf6 Rae1 Rxe1 Rxe1 Qxe1#,"{18003,18003,17715,18203,17651,18051,17587,14947,16763,14619,16259,14219,15347,11179,14755,11011,14523,9323,12523,9283,10931,9171,10715,7323,10499,6819,9371,6531,7555,2363,7371,2347,4587,1715,2667,1627,2331,1443,1867,1171,1912,862}"
12547,jWGA2lzs,white,Drac25,oliversg04,win,resign,1010,899,111,standard,blitz,blitz,180,2,3+2,lichess.org,18.0,6.97,,,23/09/25 22:06,2025-09-24 01:07:59.471+00,102.336,C20,King's Pawn Game: Wayward Queen Attack,King's Pawn Game,3,3,14352,3.04,,,,,-6,16768,1.12,,,,,24,12,e4 e5 Qh5 d6 Bc4 Be6 Bxe6 Qe7 Bc4 g6 Qf3 Nf6 Nc3 Nc6 Nd5 Qe6 Nxf6+ Ke7 Nd5+ Ke8 Nxc7+ Ke7 Bxe6 fxe6,"{18003,18003,18131,17907,17843,18043,17035,17571,16203,17651,15971,17715,15723,17659,15699,17603,15299,17139,15171,16971,15219,16899,14603,16768,14352}"
12548,V25nTJC8,white,Drac25,Rampini,win,mate,1004,993,11,standard,blitz,blitz,180,2,3+2,lichess.org,,2.9,,,23/09/25 22:04,2025-09-24 01:05:59.125+00,99.763,C20,King's Pawn Game: Wayward Queen Attack,King's Pawn Game,3,6,15421,3.23,,,,,-6,14925,4.4,,,,,17,9,e4 e5 Qh5 Nc6 Bc4 Nh6 c3 g6 Qf3 d6 h3 Bd7 d3 Na5 Bxh6 Bxh6 Qxf7#,"{18003,18003,18083,17691,17979,17395,16931,15707,16947,15619,16795,15131,16843,15035,16155,14925,15421}"
12549,s3Rmt8mx,black,Drac25,antochess007,loss,outoftime,1009,1057,-48,standard,blitz,blitz,180,2,3+2,lichess.org,14.0,1.07,,,23/09/25 21:57,2025-09-24 01:04:05.891+00,375.239,A45,Queen's Pawn Game: Chigorin Variation,Queen's Pawn Game,4,-5,0,7.2,,,,,5,9792,3.28,,,,,51,26,d4 d5 Nc3 Nf6 g3 Bf5 e3 Ne4 Bg2 Nxc3 bxc3 Be4 Bxe4 dxe4 d5 Qd6 c4 c6 Ne2 cxd5 cxd5 e6 c4 Qb4+ Bd2 Qxc4 Nf4 exd5 a3 Qa6 Nxd5 Bd6 Bb4 O-O Bxd6 Qxd6 a4 Na6 O-O Rad8 Nc3 Qg6 Qc2 Rde8 Rab1 b6 a5 Nc5 axb6 axb6 Nd5,"{18003,18003,18107,13227,18203,13139,18051,12763,17931,12235,18131,11651,18147,11771,18083,10611,17779,9867,17555,9683,17651,9515,17763,8971,17739,9051,16891,8387,15963,6979,15795,4043,15563,3683,15539,3355,14131,2571,13747,2291,12227,842,11483,439,10867,252,10699,241,10595,259,9792,0}"
12550,KCfVtQ0Q,black,Drac25,berkantakem,win,outoftime,1004,954,50,standard,blitz,blitz,180,2,3+2,lichess.org,14.0,0.44,,,23/09/25 21:50,2025-09-24 00:56:55.147+00,406.522,C45,"Scotch Game: Classical Variation, Intermezzo Variation",Scotch Game,10,5,3598,8.0,,,,,-5,0,9.48,,,,,38,19,e4 e5 Nf3 Nc6 d4 exd4 Nxd4 Bc5 Nxc6 Qf6 Be3 Bxe3 fxe3 Qxc6 Nc3 Nf6 Bd3 a6 O-O Qb6 Qf3 O-O e5 Ne8 Qh3 g6 Rf3 Qxb2 Bxg6 hxg6 Raf1 d6 Qh6 Ng7 Ne4 Qxe5 Rg3 Qxe4,"{18003,18003,18107,18107,18195,18067,18291,18219,18203,18099,16259,17483,16067,16971,15579,16691,14299,15627,12483,15115,12067,14491,11803,13107,11355,11923,10803,11803,6499,10443,5595,8931,4131,8147,1059,3819,355,3598,0}"
12551,62GTasv2,white,Drac25,jp1423,win,resign,999,978,21,standard,blitz,blitz,180,2,3+2,lichess.org,20.0,,54.0,,23/09/25 20:47,2025-09-23 23:54:58.346+00,450.111,B02,Alekhine Defense: Normal Variation,Alekhine Defense,4,5,1954,3.49,,,,,-5,10635,1.6,,,,,93,47,e4 Nf6 e5 Nd5 Bc4 Nb6 Qh5 g6 Qf3 f5 exf6 exf6 Bb3 Bb4 c3 Bc5 d4 Bd6 Bh6 g5 Bg7 Rg8 Bxg8 Qe7+ Qe2 Nd5 Qxe7+ Nxe7 Bxh7 Kf7 Bxf6 Kxf6 Nf3 Kg7 Be4 g4 Ne5 Bxe5 dxe5 d6 exd6 cxd6 Nd2 Nec6 Nc4 Be6 Nxd6 Nd7 Nxb7 Rc8 Nd6 Nf6 Nxc8 Bxc8 Bxc6 Ba6 O-O-O Kg6 f3 gxf3 gxf3 Kg5 h4+ Kf4 Rd4+ Ke3 Re1+ Kf2 Kd2 Bc8 Rd3 Kg3 Rh1 Kg2 Re1 Kg3 Ke3 Bf5 Rg1+ Kxh4 Rd6 Nh5 Be4 Bxe4 fxe4 a5 Rd4 Kh3 Rh1+ Kg4 Rxh5 Kxh5 Rd5+,"{18003,18003,17867,17883,17667,17875,17299,17739,17115,17323,16539,17147,16131,16715,15395,16755,15355,16827,14755,16051,14699,15883,14523,15547,13283,15635,13211,15619,12411,15355,11195,15379,11075,14683,10635,14667,10259,14483,10307,14587,9787,14659,9459,14571,9387,14027,9011,13643,7971,13427,6891,13027,6459,13115,6539,12699,6307,12691,6195,12555,6155,12483,5723,12491,5587,12515,5267,12547,4699,12155,4291,12091,3091,12171,2547,11491,1915,11107,1747,11131,1659,10451,1595,10523,1643,10643,1699,10515,1739,10611,1867,10731,1954,10635}"
12552,yFuGLWof,black,Drac25,aminegueriniai99,loss,outoftime,1005,936,69,standard,blitz,blitz,180,2,3+2,lichess.org,23.0,5.51,,,23/09/25 20:38,2025-09-23 23:46:35.991+00,457.588,C44,Ponziani Opening,Ponziani Opening,5,-6,0,5.81,,,,,10,4303,4.42,,,,,63,32,e4 e5 Nf3 Nc6 c3 Bc5 d4 exd4 cxd4 Bb4+ Bd2 Bxd2+ Nbxd2 d6 d5 Ne5 Nd4 Nf6 Qa4+ Bd7 Qb4 Nd3+ Bxd3 Bg4 O-O O-O h3 Bh5 Nf5 Bg6 Nf3 Rb8 N3h4 Bxf5 exf5 Nxd5 Qg4 Nf6 Qg5 h6 Qf4 Nd5 Qg4 Nf6 Qf4 Nh5 Qg4 Nf6 Qg3 Nh5 Qg4 Qg5 Be2 g6 fxg6 fxg6 Qe6+ Kg7 g3 Nxg3 fxg3 Qxg3+ Ng2,"{18003,18003,18059,18027,18107,17827,18115,17667,18187,17331,18227,16419,18195,14139,18155,13883,17859,13235,17707,13075,17587,13107,17451,13155,16987,12587,16595,12451,16419,11659,15411,10843,13475,10163,13499,10203,12811,9955,12131,9347,11235,8563,10723,7947,10635,7371,10091,7331,9691,6395,8635,6363,7299,4203,6627,4091,6395,2291,6331,707,5067,713,4303,0}"
12561,ni3gWp8Y,black,Drac25,iamUrMe,win,mate,990,955,35,standard,blitz,blitz,180,2,3+2,lichess.org,22.0,-8.29,,,23/09/25 19:17,2025-09-23 22:21:27.54+00,241.389,C20,Portuguese Opening,Portuguese Opening,3,5,8179,5.46,,,,,-9,13914,2.27,,,,,38,19,e4 e5 Bb5 Nf6 g4 Nxe4 Qf3 Nd6 Qxf7+ Nxf7 Bc4 Nd6 d3 Nxc4 dxc4 Nc6 f4 Nd4 c3 Nc2+ Ke2 Nxa1 fxe5 Nc2 Nf3 Qe7 Rg1 d6 Kd3 Na1 Bg5 Qf7 Nbd2 Qg6+ Kd4 Nc2+ Kd5 c6#,"{18003,18003,18011,17347,17355,16619,17131,16443,16195,16195,15755,16163,15779,15939,15979,15187,16131,15059,16115,15107,16075,15139,16219,13915,16123,13291,15147,12427,14435,10867,14259,9843,14267,9499,13939,9307,13914,8179}"
12562,pbGzNqrJ,black,Drac25,o_hora,win,resign,985,978,7,standard,blitz,blitz,180,2,3+2,lichess.org,15.0,-6.64,,,23/09/25 19:07,2025-09-23 22:09:47.185+00,129.049,C20,English Opening: The Whale,English Opening,3,5,15463,3.63,,,,,-5,4219,17.23,,,,,16,8,c4 e5 e4 Bc5 Nf3 d6 d4 exd4 Nxd4 Qf6 f3 Bxd4 Qa4+ Nc6 Bd3 Bxb2,"{18003,18003,18123,17947,17835,17659,17083,17403,16923,17099,15227,16459,14595,15531,12083,15463,4219}"
12553,0vyX7CEL,black,Drac25,ahmedabdalla1,win,mate,1000,973,27,standard,blitz,blitz,180,2,3+2,lichess.org,19.0,0.76,47.0,,23/09/25 20:28,2025-09-23 23:38:40.162+00,633.941,C50,Italian Game,Italian Game,5,5,1636,2.34,,,,,-5,2573,2.2,,,,,142,71,e4 e5 Nf3 Nc6 Bc4 Qf6 O-O Nh6 d3 d6 Bxh6 Qxh6 Nbd2 Bg4 Re1 Nd4 h3 Bxf3 Nxf3 Nxf3+ Qxf3 f6 Bb5+ c6 Bc4 Qg6 a4 a6 a5 Be7 Red1 O-O-O d4 Qe8 dxe5 fxe5 Qe3 Rf8 Qb6 Kb8 Qb3 Rc8 Bxa6 Qd7 Bxb7 Qxb7 Qxb7+ Kxb7 a6+ Ka7 b4 Rb8 c3 Rb6 Ra5 Rxa6 Rda1 Rxa5 Rxa5+ Kb6 Kf1 c5 Ke2 cxb4 cxb4 d5 Rxd5 Bxb4 Rxe5 Bc5 Re6+ Kb5 Re5 Kc4 f4 Rxf4 Rh5 h6 Re5 Rf2+ Ke1 Rxg2 h4 Rg4 Rf5 Rxe4+ Kd2 Rxh4 Rf7 g5 Ke2 Kd4 Kf3 Ke5 Rc7 Bd6 Ra7 h5 Ra5+ Ke6 Rxg5 Rf4+ Kg2 Rg4+ Rxg4 hxg4 Kf2 Kf5 Kg2 Kg5 Kf2 g3+ Kg2 Kh4 Kh1 Kh3 Kg1 Bc5+ Kf1 g2+ Ke2 Kh2 Kd3 g1=Q Ke4 Kg3 Kf5 Ba3 Ke4 Qe1+ Kf5 Kf3 Kg5 Qe4 Kf6 Bb2+ Kg5 Qf4+ Kh5 Qf5+ Kh4 Qg4#,"{18003,18003,18139,17923,18251,17411,18187,16891,18131,16843,18251,16675,18371,15803,18331,15771,18403,15147,18475,14067,18531,13739,17811,13747,17883,13331,16667,13283,16659,13235,16419,11899,16499,11267,16075,10859,16179,10251,15851,8483,13715,7331,13771,6915,10699,6795,10459,6851,10571,6947,10595,6947,10627,7011,9395,6795,9107,5707,9187,5811,9211,5195,8899,5155,9011,4915,8107,4955,8179,4643,7627,4571,7603,4315,7531,4195,6643,4187,5955,3931,5803,3947,5635,3851,5579,3843,5619,3891,5523,3923,5291,3635,5339,3691,5043,3587,4515,3179,4395,3059,4331,2787,3211,2683,3187,2723,3043,2923,3131,2723,3211,2683,3275,2843,2931,2939,3043,2739,2811,2795,2867,2859,2515,2835,2539,2707,2499,2723,2475,2595,2483,2563,2523,2587,2539,2627,2627,2595,2667,1811,2573,1636}"
12554,CGFzka52,white,Drac25,RickyNotaro,win,mate,994,1018,-24,standard,blitz,blitz,180,2,3+2,lichess.org,24.0,8.27,42.0,,23/09/25 19:54,2025-09-23 23:02:09.467+00,450.051,C20,King's Pawn Game: Wayward Queen Attack,King's Pawn Game,3,6,4312,2.98,,,,,-37,7633,2.3,,,,,93,47,e4 e5 Qh5 g6 Qxe5+ Qe7 Qxh8 Qxe4+ Ne2 Qxc2 Qxg8 d6 Qxh7 Nc6 Na3 Qe4 f3 Qe6 d3 Nd4 Bh6 Nc2+ Nxc2 Bxh6 Qxh6 Qf6 Qe3+ Kf8 Qh6+ Qg7 Qxg7+ Kxg7 O-O-O Be6 b3 c5 d4 cxd4 Nexd4 Bd5 Bc4 Bxc4 bxc4 Rc8 Na3 d5 Kd2 dxc4 Kc3 b5 Ndxb5 Rb8 Rb1 a6 Nd6 Rd8 Ndxc4 Rd3+ Kxd3 a5 Nxa5 f6 Rb7+ Kh6 g4 g5 h3 Kg6 Rb6 Kh6 Rc1 Kg6 h4 gxh4 f4 h3 g5 Kf5 Ke3 Kg4 Rxf6 Kg3 Rg1+ Kh2 Re1 Kg3 g6 h2 g7 Kg2 g8=R+ Kh3 Rh6#,"{18003,18003,18131,18027,17915,17243,17947,17235,18059,16435,16795,15171,15243,14563,14259,14067,13403,12667,10835,12603,9387,12075,9339,12147,8923,10003,8835,9427,7643,9083,7691,9283,7179,9395,7043,9451,6835,9467,6931,9363,6907,8955,6971,9091,6811,9179,6139,9243,6163,9227,6219,8347,6123,8411,5891,8499,5187,8123,5179,8139,5203,8131,5211,8187,5227,8315,5107,8227,4995,8211,5067,8299,4891,8315,4979,8371,5035,8451,4915,8515,4891,8427,4811,8435,4587,8483,4579,8555,4539,7643,4483,7633,4312}"
12555,gUJiE3SB,black,Drac25,zabgc18,loss,resign,1000,1007,-7,standard,blitz,blitz,180,2,3+2,lichess.org,21.0,4.95,61.0,,23/09/25 19:44,2025-09-23 22:54:22.611+00,563.214,D00,Queen's Pawn Game: Accelerated London System,Queen's Pawn Game,3,-6,875,3.23,5.0,0.0,4.0,81.0,5,3334,2.77,3.0,1.0,2.0,87.0,107,54,d4 d5 Bf4 Nf6 e3 Ne4 Bd3 Bf5 Nd2 e6 f3 Qh4+ g3 Qh5 fxe4 Qxd1+ Rxd1 dxe4 Nxe4 Bg4 Ne2 Bf3 Rf1 Bg2 Rg1 Bf3 g4 Nc6 Kf2 Bxe2 Bxe2 f6 c3 Be7 Bxc7 O-O Bf3 Rac8 Bd6 e5 Bxe7 Nxe7 Nd6 Rcd8 Nxb7 Rd7 Nc5 Rc7 e4 Rcc8 g5 exd4 gxf6 Rxf6 Nd3 dxc3 bxc3 Rxc3 Ne5 Ng6 Nxg6 Rcxf3+ Ke2 hxg6 e5 R6f5 e6 R3f4 e7 Re5+ Kd3 Rxe7 Rc1 Rd7+ Ke3 Rf8 Rxg6 Re8+ Kf4 Rf7+ Kg5 Re5+ Kg4 Kh7 Rg5 Rf6 Rxe5 Rg6+ Kf4 Rf6+ Ke4 g6 Rcc5 Kh6 a4 Rf5 Rxf5 gxf5+ Kxf5 Kh5 Rc7 Kh4 Rxa7 Kh3 Rc7 Kxh2 a5,"{18003,18003,18099,18027,18171,17579,18179,17555,17923,17443,17459,13939,13531,11915,12715,11211,12739,10483,11731,10355,10979,10355,10651,9659,10275,9315,8211,8219,8163,7883,7827,7171,7699,7139,7131,6243,4835,5483,4235,5091,3091,4851,3147,3891,3163,3739,3155,3387,2371,2379,2459,2259,2411,2291,2203,1931,2251,1915,2251,1403,2299,1251,2067,1275,2059,952,2107,801,2171,833,1915,845,2027,845,2083,727,2155,757,2219,841,2275,819,2347,778,2067,788,2147,821,2259,882,2339,921,2211,942,2275,1019,2387,1099,2587,1155,2731,1331,2931,1347,3131,1355,3334,875}"
12556,1mAoqfAu,white,Drac25,zabgc18,loss,resign,1006,1001,5,standard,blitz,blitz,180,2,3+2,lichess.org,22.0,1.74,36.0,,23/09/25 19:39,2025-09-23 22:44:48.617+00,326.185,B10,Caro-Kann Defense: Hillbilly Attack,Caro-Kann Defense,3,-6,1708,9.05,,,,,6,9949,4.74,,,,,36,18,e4 c6 Bc4 d5 exd5 cxd5 Bb5+ Nc6 Nc3 Nf6 Nf3 Bd7 d3 e5 Bg5 Bb4 O-O Bxc3 bxc3 O-O Bxc6 Bxc6 Nxe5 d4 Ng4 dxc3 Bxf6 gxf6 Nh6+ Kh8 Nxf7+ Rxf7 Qh5 Qd5 f3 Qxh5,"{18003,18003,17947,18011,17395,18211,17475,18235,17003,18011,16715,18067,15763,16219,14675,16027,11763,15203,11491,14747,11003,13755,11043,13051,10867,13019,4795,12059,4651,11635,4339,11643,2883,11107,2243,9949,1708}"
12557,WAOBGuqk,white,Drac25,JARTAL,win,resign,1001,957,44,standard,blitz,blitz,180,2,3+2,lichess.org,17.0,10.29,,,23/09/25 19:36,2025-09-23 22:38:54.992+00,167.268,C20,King's Pawn Game: Wayward Queen Attack,King's Pawn Game,3,5,16400,2.0,,,,,-5,6538,14.33,,,,,17,9,e4 e5 Qh5 Qf6 Bc4 Bc5 Nf3 g6 Qxe5+ Qe7 Qxh8 Qxe4+ Be2 Bxf2+ Kxf2 Qxe2+ Kxe2,"{18003,18003,18075,16075,18043,15307,17243,14587,16763,11211,16595,10131,16635,7987,16387,6659,16400,6538}"
12558,DbBCoqWg,black,Drac25,Richardcubas26_usat,win,mate,996,952,44,standard,blitz,blitz,180,2,3+2,lichess.org,13.0,-4.25,,,23/09/25 19:33,2025-09-23 22:35:37.552+00,121.586,C23,Bishop's Opening,Bishop's Opening,3,5,14057,5.64,,,,,-5,13706,6.14,,,,,16,8,e4 e5 Bc4 Nc6 b4 Bxb4 a3 Bc5 c3 Qf6 f3 Qg5 g4 Qh4+ Kf1 Qf2#,"{18003,18003,18059,17931,17763,17571,17059,17243,16507,16699,14811,14795,13771,14307,13706,14057}"
12559,OwCIeE45,white,Drac25,jaquealjci,loss,resign,1002,973,29,standard,blitz,blitz,180,2,3+2,lichess.org,22.0,3.75,43.0,,23/09/25 19:24,2025-09-23 22:33:10.297+00,494.468,B01,Scandinavian Defense,Scandinavian Defense,2,-6,1786,3.69,,,,,6,9740,1.88,,,,,89,45,e4 d5 e5 Bf5 d4 e6 Nf3 f6 Bb5+ c6 Bd3 fxe5 Nxe5 Nf6 Bg5 h6 Bxf6 gxf6 Qh5+ Ke7 Qf7+ Kd6 Qxb7 Bxd3 Nxd3 Nd7 Nc3 Rb8 Qxa7 f5 Nc5 Nxc5 Qxc5+ Kc7 Qa5+ Rb6 Qa7+ Rb7 Qa6 Bb4 Rb1 Bxc3+ bxc3 Rxb1+ Kd2 Rxh1 Qa5+ Kd6 Qc5+ Kd7 a4 Rxh2 c4 Rxg2 cxd5 Rxf2+ Ke3 Qh4 Qxc6+ Ke7 Qxe6+ Kf8 Kd3 Qe4+ Qxe4 fxe4+ Kxe4 Re2+ Kd3 Re1 c4 Kf7 Kc3 Rhe8 d6 Ke6 d5+ Kxd6 Kb4 h5 a5 h4 c5+ Kxd5 Kb5 h3 a6 h2 a7,"{18003,18003,17843,18051,17635,17963,17195,18059,16139,18107,15955,17171,15147,17139,14195,17067,12523,16843,12627,15155,12475,14963,10203,12939,9299,12555,6835,12467,6451,12491,4747,12491,4683,12427,4507,12427,2251,12275,1363,11771,920,11851,862,11707,2195,11611,5659,11595,5651,11603,5611,11379,4835,11315,4907,11331,4451,11211,4051,11179,3819,11187,3091,10427,2339,10467,2491,10299,2523,10267,2427,10363,2331,10483,2211,10491,2275,10571,2267,10363,2051,10419,2139,10475,1787,10539,1835,10571,1786,9740}"
12560,wilocQKz,white,Drac25,Zapthus,win,resign,995,1042,-47,standard,blitz,blitz,180,2,3+2,lichess.org,,0.5,,,23/09/25 19:22,2025-09-23 22:24:14.424+00,88.516,C02,"French Defense: Advance Variation, Nimzowitsch System",French Defense,7,7,11328,8.34,,,,,-7,18081,-0.11,,,,,16,8,e4 e6 Nf3 d5 e5 c5 d4 Qb6 Be3 Qxb2 Nbd2 cxd4 Bxd4 Qb4 Rb1 Qa4,"{18003,18003,17579,18203,17587,18307,17595,18427,15531,18411,13555,18315,13571,17995,12643,18081,11328}"
12563,05LFjXKx,black,Drac25,carlosvergara,loss,resign,990,1034,-44,standard,blitz,blitz,180,2,3+2,lichess.org,21.0,5.7,42.0,,23/09/25 19:00,2025-09-23 22:06:02.194+00,350.745,C25,Vienna Game: Anderssen Defense,Vienna Game,4,-5,1971,7.63,,,,,5,7136,5.17,,,,,43,22,Nc3 e5 e4 Bc5 Nf3 d6 d4 exd4 Nxd4 Qf6 Be3 Nc6 Nd5 Bb4+ c3 Bxc3+ bxc3 Qd8 Qd2 Be6 Bb5 Bxd5 exd5 a6 Bxc6+ bxc6 Nxc6 Qf6 O-O Ne7 Bd4 Qh6 Nxe7 Kxe7 Qe2+ Kd7 Qg4+ Kd8 Bxg7 Rg8 Bf6+ Qxf6 Qxg8+,"{18003,18003,18091,17779,18059,17595,17819,17531,18019,17315,18067,16739,17915,13163,17059,13195,17123,12555,16603,11707,16075,10523,14723,10243,14779,10315,14979,8611,13467,8499,12387,7555,11971,7395,10611,7339,10211,5867,9515,4403,7131,4331,7136,1971}"
12564,wZx5ZTgr,black,Drac25,Lucy_Jordan,loss,outoftime,995,997,-2,standard,blitz,blitz,180,2,3+2,lichess.org,17.0,-6.22,42.0,,23/09/25 18:51,2025-09-23 21:59:45.449+00,490.518,A01,Nimzo-Larsen Attack: Indian Variation,Nimzo-Larsen Attack,2,-5,0,4.74,,,,,12,4102,3.66,,,,,77,39,b3 Nf6 Bb2 Nc6 g3 d5 Bg2 e5 Nf3 Bd6 Ng5 O-O h4 h6 Bxd5 Nxd5 e4 Nf6 Na3 hxg5 hxg5 Nxe4 Qh5 f6 Qh8+ Kf7 Qh5+ Ke7 gxf6+ Nxf6 Nb5 a6 Nxd6 Qxd6 Qe2 Bg4 Qe3 Nd4 Bxd4 Qxd4 Qxd4 exd4 Rh4 Kf7 f3 Bxf3 Rxd4 c5 Rf4 Be4 O-O-O Rae8 d3 Bc6 g4 Bd7 g5 Re6 gxf6 Rxf6 Rxf6+ gxf6 c4 f5 d4 b6 dxc5 bxc5 Rxd7+ Ke8 Rd5 f4 Re5+ Kd7 Kd1 f3 Ke1,"{18003,18003,18203,17979,15859,17787,16059,17659,16043,17635,16059,17291,15907,16651,14979,15619,14019,15403,12155,15091,12219,14571,12139,12739,12091,12795,11419,12155,10683,12187,9979,9459,9547,9539,8811,8355,8355,8035,7787,7891,7739,7931,6619,7379,6387,7083,6459,5939,5835,5443,5507,4891,5467,4547,5515,4387,5483,2451,5475,2523,5443,2563,4835,1219,4787,744,4595,807,4659,732,4371,814,4075,805,3963,429,4102,0}"
12565,EjYCPyfx,white,Drac25,Toniruni27,win,outoftime,991,928,63,standard,blitz,blitz,180,2,3+2,lichess.org,16.0,0.67,44.0,,23/09/25 18:44,2025-09-23 21:50:59.693+00,389.975,C20,King's Pawn Game: Wayward Queen Attack,King's Pawn Game,3,4,6757,4.5,,,,,-5,0,7.2,,,,,51,26,e4 e5 Qh5 Qf6 Bc4 g6 Qf3 Qxf3 Nxf3 Nc6 Nc3 Nf6 Bb5 Bc5 Bxc6 bxc6 Nxe5 Ng4 O-O Nxe5 Ne2 Ng4 c3 h5 h3 d5 hxg4 hxg4 g3 dxe4 d4 Bd6 Bf4 Be7 Rae1 Bd7 Be5 Rh5 Bxc7 f5 Nf4 Kf7 Nxh5 gxh5 Kg2 Rc8 Bf4 Ke8 Re3 c5 d5,"{18003,18003,18115,16659,18027,16187,18083,16227,18139,16243,18203,16323,16995,16315,16491,16323,15995,15443,15651,15307,14475,14947,14091,14763,13875,14635,13795,14451,13587,14275,12195,14035,11291,13683,10907,13123,10955,12651,10099,12163,9763,11931,9563,11987,8395,7107,7435,2051,7139,1928,6757,0}"
12566,LGhkl2I0,black,Drac25,Toniruni27,win,resign,986,933,53,standard,blitz,blitz,180,2,3+2,lichess.org,,-7.56,,,23/09/25 18:42,2025-09-23 21:44:22.777+00,132.04,C23,Bishop's Opening,Bishop's Opening,3,5,12896,7.3,,,,,-5,13512,5.61,,,,,16,8,e4 e5 Bc4 Nc6 d4 Nxd4 Qh5 Qf6 Bg5 Qg6 Qg4 Nxc2+ Kf1 Nf6 Nh3 Nxg4,"{18003,18003,17963,18091,17019,17507,15843,15651,15315,14435,14875,14091,14411,13195,13803,12896,13512}"
12567,e5qHjFDs,white,Drac25,DarioBishop,loss,mate,991,1014,-23,standard,blitz,blitz,180,2,3+2,lichess.org,24.0,,,,23/09/25 18:38,2025-09-23 21:42:03.794+00,185.56,B20,Sicilian Defense: Bowdler Attack,Sicilian Defense,3,-5,10886,6.47,,,,,5,11757,5.68,,,,,24,12,e4 c5 Bc4 Nf6 e5 Ne4 Qf3 Ng5 Qb3 e6 Nf3 Nc6 d3 g6 Bxg5 Qc7 Bf6 Rg8 Ng5 Nxe5 Nxh7 Ng4 O-O Qxh2#,"{18003,18003,17899,17915,17755,16523,17035,15987,15315,15339,15019,15059,14603,14971,14467,14019,14131,13691,13947,13435,11635,12971,10886,11757}"
12568,ZfqSVycY,black,Drac25,DarioBishop,loss,resign,997,1008,-11,standard,blitz,blitz,180,2,3+2,lichess.org,,4.36,,,23/09/25 18:34,2025-09-23 21:38:47.845+00,281.854,B00,"Nimzowitsch Defense: Kennedy Variation, Linksspringer Variation",Nimzowitsch Defense,5,-6,3265,10.53,,,,,6,10379,5.45,,,,,29,15,e4 e5 d4 Nc6 d5 Nd4 c3 Bc5 cxd4 Bxd4 Nc3 Qf6 f3 Qh4+ g3 Qf6 Nge2 Qb6 Na4 Bf2+ Kd2 Qb4+ Nac3 Qc5 a3 Qe3+ Kc2 d6 Bxe3,"{18003,18003,18075,17147,18027,17107,17779,13835,17651,13851,17451,13875,17355,13803,16643,13723,15883,10995,14635,10683,14003,10747,13227,8323,10723,7203,10395,4115,10379,3265}"
12569,HBiX8n5G,white,Drac25,renuszki,loss,outoftime,1004,903,101,standard,blitz,blitz,180,2,3+2,lichess.org,25.0,5.4,,,23/09/25 03:38,2025-09-23 06:41:31.032+00,184.419,C00,French Defense: Knight Variation,French Defense,3,-7,0,10.59,,,,,7,16818,0.74,,,,,34,17,e4 e6 Nf3 Nf6 e5 Ne4 d3 d5 dxe4 dxe4 Nfd2 Bc5 Nxe4 Qxd1+ Kxd1 Bd4 c3 Bxe5 Na3 O-O Be3 Bd7 Nc5 Rd8 Nxd7 Nxd7 Kc2 Nf6 Be2 Ne4 Bf3 Nxf2 Bxf2 Bf4,"{18003,18003,17771,17747,17803,17771,17403,17851,17379,17979,16923,17811,16851,17747,16763,17499,16131,17187,14867,17219,14027,17227,13387,17195,14435,18187,12787,17651,12059,17659,11451,17387,11486,16818,0}"
12570,wqc8n84S,black,Drac25,renuszki,win,mate,1000,907,93,standard,blitz,blitz,180,2,3+2,lichess.org,16.0,-0.19,31.0,,23/09/25 03:34,2025-09-23 06:38:10.434+00,196.932,C50,Italian Game: Paris Defense,Italian Game,6,4,9793,4.11,,,,,-4,15609,1.2,,,,,42,21,e4 e5 Nf3 Nc6 Bc4 d6 c3 Bg4 d4 exd4 cxd4 Bxf3 Qxf3 Qf6 Qxf6 Nxf6 e5 dxe5 dxe5 Nxe5 Be2 Bb4+ Nd2 O-O-O a3 Nd3+ Bxd3 Rxd3 O-O Bxd2 Bxd2 Rxd2 Rad1 Rxd1 Rxd1 Re8 Kf1 Ng4 Kg1 b5 Rd4 Re1#,"{18003,18003,17971,18011,17939,17155,17451,17115,17251,16643,17131,16523,17179,14563,17019,14547,17115,14611,17147,14715,16707,14435,16635,13723,16723,12915,16699,12899,16707,12715,16795,12779,16827,12763,16883,12411,16675,11611,15907,11347,15609,9793}"
12571,VU5gQTCL,black,Drac25,UNSPOKEN_RONIN,win,resign,995,927,68,standard,blitz,blitz,180,2,3+2,lichess.org,19.0,-5.18,,,23/09/25 03:29,2025-09-23 06:34:21.549+00,263.696,C55,Italian Game: Two Knights Defense,Italian Game,6,5,13036,3.82,,,,,-4,2530,11.05,,,,,28,14,e4 e5 Bc4 Nf6 Nf3 Nc6 O-O Nxe4 d3 Nf6 Bg5 Bc5 h4 Nd4 Nxd4 Bxd4 b3 Bxa1 Qf3 h6 Bxf6 gxf6 Re1 d6 Nd2 Bc3 Ne4 Bxe1,"{18003,18003,10659,17619,10699,17475,10507,16971,10171,16435,10019,15955,9891,15459,9443,15379,8891,15155,6963,13363,7163,13371,4243,13115,3859,13115,3131,13036,2530}"
12572,xbcP7rUl,white,Drac25,lucas0021,loss,outoftime,998,1136,-138,standard,blitz,blitz,180,2,3+2,lichess.org,20.0,0.2,,,23/09/25 03:22,2025-09-23 06:29:31.034+00,410.215,B20,Sicilian Defense: Bowdler Attack,Sicilian Defense,3,-3,0,7.83,1.0,0.0,2.0,72.0,28,4877,5.97,0.0,0.0,1.0,81.0,46,23,e4 c5 Bc4 e6 Nf3 d5 Bb5+ Bd7 Bxd7+ Qxd7 Ne5 Qc7 exd5 exd5 Qe2 Be7 d3 Nc6 Nxc6 Qxc6 Bg5 Nf6 Bxf6 Qxf6 O-O O-O Na3 Rfe8 Qf3 Qxb2 d4 cxd4 Rab1 Qxa3 Qxd5 b6 Qxd4 Qxa2 Qd3 Rad8 Qe2 Qe6 Qa6 Qd7 Rbe1 Bc5,"{18003,18003,17747,18027,17555,17659,16843,17651,15355,17851,15179,17171,14379,17131,13563,16603,12795,16267,10603,16467,10539,15659,10371,15859,10323,15699,10083,15163,9939,12659,6843,10387,6723,10131,5675,8075,3547,7947,1843,7315,1483,6379,629,5411,308,4877,0}"
12573,Jh55Zlza,white,Drac25,fuvtr1k,win,mate,993,979,14,standard,blitz,blitz,180,2,3+2,lichess.org,23.0,6.19,,,23/09/25 03:15,2025-09-23 06:22:21.644+00,411.292,B01,Scandinavian Defense,Scandinavian Defense,2,5,4061,6.06,,,,,-12,1375,7.56,,,,,47,24,e4 d5 e5 Nc6 Nf3 f6 Bb5 a6 Bxc6+ bxc6 d4 fxe5 Nxe5 Bb7 Qh5+ g6 Qf3 Nf6 Bg5 e6 Ng4 Qd6 Bxf6 Qb4+ Nc3 Qxb2 O-O Rg8 Nh6 Bxh6 Be5 Qxc2 Qf6 Qxc3 Qxe6+ Kf8 Qf6+ Ke8 Rae1 Kd7 Qf7+ Kd8 Qxg8+ Kd7 Qf7+ Kc8 Qxc7#,"{18003,18003,17771,17323,17563,17035,17307,16843,16803,16891,16283,16835,15915,16595,15203,15259,15283,14371,14195,13699,13027,5475,8907,5395,8667,5187,8403,2387,8155,1987,7587,1963,6771,1747,6651,1787,5779,1891,5115,1675,4547,1211,4283,1307,4227,1375,4061}"
12574,gOIB7ydX,black,Drac25,NeBwa,win,resign,988,965,23,standard,blitz,blitz,180,2,3+2,lichess.org,21.0,-1.62,43.0,,23/09/25 03:10,2025-09-23 06:14:53.541+00,287.47,A00,Van't Kruijs Opening,Van't Kruijs Opening,1,5,8055,4.33,,,,,-5,10631,3.07,,,,,48,24,e3 e5 Ne2 Nc6 g3 b6 Bg2 Bb7 d4 Nf6 d5 Ne7 O-O Bxd5 Bxd5 Nexd5 Nbc3 c6 e4 Nxc3 Nxc3 Bb4 a3 Bxc3 bxc3 Nxe4 f3 Nxc3 Qd3 Nd5 Re1 d6 f4 f6 fxe5 fxe5 Bf4 O-O Bxe5 dxe5 Rxe5 Qf6 Rxd5 Qxa1+ Kg2 cxd5 Qxd5+ Kh8,"{18003,18003,18067,17483,17091,17107,17195,16523,17219,16011,16739,14723,16483,13979,15987,13587,16091,13243,15947,12739,15979,11971,15723,11995,15835,12139,15011,11875,14555,10819,14403,10595,13675,10355,13699,10219,12787,9467,11995,9315,12195,9075,11195,8819,11003,8155,11203,8055,10631}"
12575,jIkR9adc,white,Drac25,MAMIE412,win,resign,980,1078,-98,standard,blitz,blitz,180,2,3+2,lichess.org,,0.31,,,23/09/25 03:06,2025-09-23 06:09:25.609+00,146.756,C20,King's Pawn Game: Wayward Queen Attack,King's Pawn Game,3,8,11652,5.77,,,,,-9,12344,5.14,,,,,23,12,e4 e5 Qh5 Nc6 Bc4 g6 Qf3 Nf6 c3 Bc5 h3 Bb6 d3 O-O Bg5 a6 Bxf6 Qe8 Bg5 d6 Bh6 Be6 Qf6,"{18003,18003,18131,18035,18251,17731,18299,17795,18283,16195,17779,15995,17563,15995,15843,15891,12939,15771,12171,15739,12179,15099,11652,12344}"
12576,2mIbgoaH,white,Drac25,Ogahvic,win,outoftime,975,963,12,standard,blitz,blitz,180,2,3+2,lichess.org,28.0,5.44,52.0,,23/09/25 02:58,2025-09-23 06:06:22.996+00,454.763,C20,King's Pawn Game: Wayward Queen Attack,King's Pawn Game,3,5,6250,4.52,,,,,-6,0,6.92,,,,,53,27,e4 e5 Qh5 Nc6 Bc4 g6 Qf3 Nf6 c3 Nd4 cxd4 exd4 d3 c5 e5 d5 Bb3 c4 dxc4 Ne4 cxd5 Nc5 Bc4 Qe7 d6 Qd7 Na3 Bg7 Bb5 O-O Bxd7 Bxd7 Nh3 Rfe8 O-O Rxe5 Nc4 Rf5 Bf4 Be6 g4 Rd5 Ne5 Bxe5 Bxe5 Rxe5 Rae1 Rd5 Nf4 Rxd6 Nxe6 Nxe6 Qxb7,"{18003,18003,18115,18075,18027,18131,18075,18179,18075,17987,17979,16219,17987,15659,17963,12987,16939,10139,16955,7947,16155,7611,15339,7523,13795,6595,11587,5971,11075,4603,11027,4715,10635,4715,10499,4723,10251,3995,8899,3539,8547,2283,7483,1531,7435,1547,6803,878,6587,750,6387,811,6250,0}"
12577,yWEUagQD,white,Drac25,Vytalyon,win,mate,968,1017,-49,standard,blitz,blitz,180,2,3+2,lichess.org,23.0,5.79,53.0,,23/09/25 02:47,2025-09-23 05:58:23.884+00,652.423,C20,King's Pawn Game: Wayward Queen Attack,King's Pawn Game,3,7,1690,1.92,,,,,-6,6739,1.34,,,,,171,86,e4 e5 Qh5 Qe7 Bc4 g6 Qf3 Nf6 Nc3 a6 Nd5 Nxd5 Bxd5 f6 d3 c6 Bc4 b5 Bb3 Qb4+ c3 Qc5 Qxf6 Rg8 Qf7+ Kd8 Qxg8 Bb7 Bg5+ Kc7 d4 Qd6 Nf3 a5 Nxe5 Na6 Bf4 Qf6 Qf7 Qxf7 Nxf7+ Kb6 O-O b4 Nd6 bxc3 Nxb7 Kxb7 bxc3 c5 Bd5+ Kc8 Bxa8 cxd4 Rac1 d3 Rfd1 Ba3 Rb1 Kd8 Rxd3 Nc5 Rd5 Nxe4 Bg5+ Ke8 Re5+ Kf7 Rxe4 Kg7 Rf4 Bd6 Rf3 h6 Bh4 g5 Bg3 Kg6 Be4+ Kh5 Bxd6 g4 Rg3 Kg5 h3 h5 hxg4 hxg4 Re1 Kf6 Bd5 Kg6 Rxg4+ Kf5 Re5+ Kxg4 f3+ Kf4 Re4+ Kf5 Rf4+ Kg5 Be7+ Kg6 Be6 Kg7 Rf7+ Kg6 Bxd7 Kxf7 Bb4 Kf6 Bxa5 Ke5 c4 Kd6 Bh3 Kc5 g4 Kxc4 f4 Kd5 f5 Ke5 a4 Kf6 Be1 Ke5 a5 Kd6 a6 Kc7 a7 Kb7 a8=Q+ Kxa8 f6 Kb7 f7 Kc7 f8=Q Kd7 g5+ Kc7 g6 Kc6 g7 Kd5 g8=R Ke4 Rg7 Ke5 Re7+ Kd6 Bg3+ Kc6 Qf6+ Kd5 Bg2+ Kc4 Bf1+ Kb3 Qb6+ Kc3 Rd7 Kc2 Qc6+ Kb3 Rb7+ Ka3 Qa6#,"{18003,18003,18107,17731,17979,17619,18035,17659,18027,17299,17619,13115,17507,13171,16635,13283,16595,13283,16507,12651,15075,12659,14883,12203,14363,11963,14315,11659,13555,11403,12195,11307,11003,11155,9331,11035,9035,9643,7651,6811,7499,6635,6651,6643,4355,6419,3907,6419,3627,6163,3611,5995,3611,6059,2563,5811,2291,5755,1915,5219,1779,4971,1771,4787,1691,4699,1675,4635,1819,4419,1771,4011,1659,3883,1403,3947,1483,4043,1179,3835,1115,3907,1171,4011,1139,3827,1171,3979,1147,4059,1123,3731,1203,3819,1227,3875,1179,3979,1163,4075,1155,4059,1051,4075,1011,4051,945,4131,675,4163,628,4251,511,4355,447,4555,483,4643,628,4619,773,4819,807,4891,891,5003,1027,4747,1123,4627,1275,4763,913,4843,862,4955,920,5155,1027,5355,1083,5427,1187,5523,1291,5643,1419,5843,1451,5907,1443,5971,1499,6051,1515,6251,1603,6363,1683,6483,1507,6539,1443,6539,1515,6619,1619,6731,1739,6739,1690}"
12578,kdJs4PUC,black,Drac25,Vytalyon,win,mate,962,1024,-62,standard,blitz,blitz,180,2,3+2,lichess.org,23.0,3.99,68.0,,23/09/25 02:40,2025-09-23 05:47:14.616+00,434.136,D02,Queen's Pawn Game: London System,Queen's Pawn Game,5,6,1043,3.94,,,,,-7,10933,1.64,,,,,88,44,d4 d5 Nf3 Nf6 Bf4 Bf5 e3 e6 Bd3 Bd6 Nc3 Bxf4 exf4 Qe7 O-O Bg4 h3 Bh5 g4 Bg6 f5 exf5 gxf5 Bxf5 Bxf5 O-O Re1 Qd6 Qd3 g6 Bg4 Nxg4 hxg4 Qf6 Ne5 c6 g5 Qxg5+ Kf1 Qh4 Nf3 Qh3+ Ke2 Nd7 Rh1 Qe6+ Kd2 Nf6 Rhe1 Qd6 Ne5 Rae8 Nf3 b6 a3 c5 Nb5 Qf4+ Kd1 Rxe1+ Nxe1 Qg4+ Nf3 Ne4 c4 Nxf2+ Kd2 Nxd3 Kxd3 Qxf3+ Kc2 cxd4 Nxd4 Qe4+ Kc3 dxc4 Nc2 Qd3+ Kb4 a5+ Kb5 Qd5+ Kxb6 Rb8+ Ka6 Qb7+ Kxa5 Qb5#,"{18003,18003,18107,18027,18227,17763,18203,17075,18227,16747,17931,16491,17987,16355,17995,15955,17947,15451,17891,15451,17827,15483,17635,14739,17683,14139,17739,13763,16819,13651,16523,13627,16579,12571,16139,10635,16187,10507,16123,7875,15995,7115,16051,6867,15579,6571,15347,5891,15443,5067,15099,3707,13771,2379,13267,2195,13003,1955,12723,1019,12627,825,12547,835,11435,865,11443,980,11643,1067,11699,1115,11691,1195,11723,1283,11483,1275,11203,1339,11099,1227,10891,1235,10883,1131,10933,1043}"
12579,do90K8u4,black,Drac25,LeandrovDemian,win,mate,954,1063,-109,standard,blitz,blitz,180,2,3+2,lichess.org,20.0,-5.74,45.0,,23/09/25 02:32,2025-09-23 05:39:34.243+00,410.844,C20,King's Pawn Game: Wayward Queen Attack,King's Pawn Game,3,8,7430,4.6,,,,,-7,323,7.69,,,,,48,24,e4 e5 Qh5 Nc6 Bc4 Nf6 Qf3 Bc5 d4 Nxd4 Bxf7+ Kxf7 Qc3 Nxe4 Qc4+ d5 Qd3 h6 Be3 Qf6 Nf3 Bf5 Nxd4 exd4 Bxd4 Bxd4 Qf3 Bxb2 O-O Bxa1 Nd2 Be5 Nxe4 dxe4 Qb3+ Kg6 Qxb7 Rab8 Qxa7 Rb2 Qe3 Rhb8 Re1 Rb1 Rxb1 Rxb1+ Qc1 Rxc1#,"{18003,18003,18115,17915,18163,18019,18171,17531,17283,17331,14923,16707,14019,16107,13315,15467,7571,14363,4547,13395,2139,11139,1699,10443,1643,9931,1339,8907,1163,8683,1075,8227,1115,8219,1075,8035,797,7739,773,7531,557,7491,264,7491,334,7539,323,7430}"
12612,1Of59RiH,black,Drac25,vikas149798,win,mate,948,951,-3,standard,blitz,blitz,180,2,3+2,lichess.org,22.0,-2.45,,,21/09/25 03:52,2025-09-21 06:57:53.639+00,315.822,C24,Bishop's Opening: Berlin Defense,Bishop's Opening,4,5,8416,4.79,,,,,-6,5379,6.31,,,,,42,21,e4 e5 Bc4 Nf6 Qf3 Nc6 c3 Bc5 d4 exd4 cxd4 Nxd4 Qd3 O-O Bg5 h6 Bxf6 Qxf6 f3 d6 Ne2 Be6 Bxe6 fxe6 f4 Nxe2 Kxe2 Qxf4 Nc3 Qf2+ Kd1 Qxg2 Re1 Rad8 Nb5 Bb6 Rc1 c6 Nxd6 Bc5 Nxb7 Rxd3#,"{18003,18003,18083,17715,18203,17443,16347,16051,16307,16067,15507,15891,15035,14635,14603,14083,14683,14115,14443,14067,14499,13739,12963,13299,12547,13067,12387,12099,11539,11899,11339,11467,10411,10723,8099,9811,7547,9723,7171,8699,5379,8416}"
12580,BdnQSDb7,white,Drac25,kojack54,loss,outoftime,959,1012,-53,standard,blitz,blitz,180,2,3+2,lichess.org,20.0,-3.32,,,23/09/25 02:26,2025-09-23 05:32:16.425+00,366.804,C01,French Defense: Exchange Variation,French Defense,5,-5,0,7.2,,,,,11,9639,3.48,,,,,50,25,e4 e6 d4 d5 exd5 exd5 Qe2+ Be7 Nc3 Nf6 Bg5 O-O O-O-O Re8 Qf3 Nc6 Bb5 Bg4 Qd3 Bxd1 Bxc6 bxc6 Qxd1 h6 Bh4 c5 Qf3 c6 Nge2 Qc7 Bg3 Qb6 Na4 Qb5 Nec3 Qb4 a3 Qb7 Re1 cxd4 Nc5 Bxc5 Rxe8+ Rxe8 Na4 Re1+ Kd2 Re4 Kd3 Qa6+,"{18003,18003,17667,18107,17691,18307,17827,18387,17843,18483,17859,18563,16803,18659,15891,18643,15563,18539,13475,18475,13139,18547,12387,18155,12235,18027,10851,16915,10235,15427,8723,14371,8107,13843,7187,13075,6675,11435,4163,11195,3099,11059,2699,11099,2107,10667,720,9851,605,9639,0}"
12581,vUDfoFRY,black,Drac25,yogimani,win,mate,951,1101,-150,standard,blitz,blitz,180,2,3+2,lichess.org,19.0,-3.83,37.0,,23/09/25 02:19,2025-09-23 05:25:45.448+00,400.076,C50,Italian Game: Anti-Fried Liver Defense,Italian Game,6,8,5996,2.67,,,,,-8,11793,1.38,,,,,92,46,e4 e5 Nf3 Nc6 Bc4 h6 Nc3 Nf6 d3 Bc5 a3 d6 b4 Bd4 Bb2 Ng4 Rb1 Nxf2 Qe2 Nxh1 Nd5 Bxb2 Rxb2 Bg4 Qf1 Bxf3 gxf3 Nd4 Qxh1 c6 Ne3 O-O Qg1 Nxf3+ Kf2 Nxg1 Kxg1 Qg5+ Ng2 Rad8 Rb3 Qc1+ Kf2 d5 exd5 cxd5 Bb5 Qxc2+ Ke3 Qxb3 a4 a6 Bxa6 bxa6 b5 Qxa4 bxa6 Qxa6 Ne1 d4+ Ke4 Qe6 Nf3 Qg4+ Kxe5 Qxf3 h4 Qd5+ Kf4 Rfe8 h5 Qe5+ Kg4 Qg5+ Kf3 Re3+ Kf2 Qg3+ Kf1 Rf3+ Ke2 Qf2+ Kd1 Qf1+ Kc2 Rc8+ Kb3 Rf6 Kb4 Rb6+ Ka4 Ra8#,"{18003,18003,18139,18123,18251,17699,18139,17763,18171,17851,18155,17507,17251,17315,16803,16723,16283,16675,16099,16291,14491,14907,14451,14979,14115,13755,14019,13483,13955,12475,13883,12195,13811,12171,13755,12211,13819,12219,13811,11771,13803,10795,13795,9995,13851,9995,13827,9403,13691,9435,12739,9235,11731,9243,11691,9107,11763,9099,11587,9051,11659,8019,11475,7907,11267,7931,11043,7739,11067,7291,11187,7315,11235,7171,11259,7203,11371,7243,11451,6443,11499,6451,11547,6107,11595,6179,11707,6083,11699,6123,11793,5996}"
12582,68J7PV3S,white,Drac25,Strips100,win,resign,944,1019,-75,standard,blitz,blitz,180,2,3+2,lichess.org,20.0,4.1,,,23/09/25 02:14,2025-09-23 05:18:23.162+00,242.863,C20,King's Pawn Game: Wayward Queen Attack,King's Pawn Game,3,7,9014,4.73,,,,,-7,11021,3.67,,,,,39,20,e4 e5 Qh5 d6 Bc4 Qe7 Nc3 g6 Qf3 b6 Nd5 Qd7 Nf6+ Nxf6 Qxf6 Qe7 Qxh8 Nc6 c3 Be6 Bb5 Kd7 Qxh7 a6 Bxc6+ Kxc6 d4 exd4 Bh6 Bxh6 Qxh6 d5 Nf3 dxe4 Ne5+ Kd6 Qf4 Bf5 Nxg6+,"{18003,18003,17955,17419,17907,17259,17467,17203,17379,17147,16451,16323,15491,16203,15539,15875,15403,15523,14627,15059,13675,14787,13499,14355,12267,14275,10019,14163,9723,13619,9707,13515,9403,13427,9027,12827,9027,11715,9014,11021}"
12583,g7N2cC2o,black,Drac25,ebekdemir,loss,outoftime,949,996,-47,standard,blitz,blitz,180,2,3+2,lichess.org,23.0,3.79,46.0,,23/09/25 02:05,2025-09-23 05:13:53.307+00,474.287,C46,Three Knights Opening,Three Knights Opening,5,-5,0,4.87,,,,,5,4995,3.52,,,,,75,38,e4 e5 Nc3 Nc6 Nf3 Bc5 d3 h6 a3 d6 h4 Bg4 Be2 Nd4 Qd2 Bxf3 gxf3 Nf6 b4 Nxf3+ Bxf3 Bd4 Bb2 c6 O-O-O d5 Rhg1 dxe4 dxe4 O-O Ne2 Bxb2+ Kxb2 Qxd2 Rxd2 Rad8 Rdd1 Nd7 Ng3 c5 c3 cxb4 axb4 Nb6 Nf5 Rxd1 Rxd1 Re8 Bh5 g6 Bxg6 fxg6 Nxh6+ Kh7 Ng4 Kg7 Rf1 Rf8 Nxe5 Rc8 f4 Nc4+ Nxc4 Rxc4 Kb3 Rxe4 c4 b6 c5 bxc5 bxc5 a6 c6 a5 Ra1,"{18003,18003,18075,17859,17931,17651,17363,17243,16875,16643,16467,16427,16475,16363,16059,15715,15267,14003,14963,13035,14843,13163,13995,11275,13859,10651,13203,9603,12963,8531,10179,8083,10019,7763,10011,7651,8283,5451,8139,5403,7779,4259,7683,3699,7627,3627,7579,1819,6771,1707,6499,1643,6267,1651,6283,1395,5931,802,5667,471,5627,460,5595,515,5675,561,5427,559,5147,570,5259,573,5315,264,4995,0}"
12584,KvGjcsSY,black,Drac25,lumac,loss,outoftime,953,1086,-133,standard,blitz,blitz,180,2,3+2,lichess.org,30.0,-1.13,,,22/09/25 20:33,2025-09-22 23:40:58.311+00,453.704,C46,Three Knights Opening,Three Knights Opening,5,-4,0,8.57,,,,,4,990,8.1,,,,,43,22,e4 e5 Nf3 Nc6 Nc3 Bc5 d3 Bd4 Nxd4 Nxd4 f4 d6 Be3 c5 fxe5 dxe5 a4 Qa5 Bd2 Qb6 Nb5 a5 Be2 Nf6 O-O c4 dxc4 Nxc2+ Kh1 Nxa1 Bc3 O-O Bxe5 Be6 Bc7 Qc5 Nd6 Nxe4 Nxe4 Qxc7 Qxa1 Rae8 Ng3,"{18003,18003,18059,18091,17179,18019,16675,17971,16523,17307,15755,16091,12899,11651,10859,11187,9091,9963,8259,9627,6075,8555,4795,8267,4603,7163,4171,4979,3235,4515,3051,1851,2819,1707,2507,1059,1795,656,1715,586,1107,510,990,0}"
12585,E6didqIK,black,Drac25,Zalechi,win,outoftime,946,1007,-61,standard,blitz,blitz,180,2,3+2,lichess.org,16.0,-0.35,49.0,,22/09/25 19:49,2025-09-22 22:58:18.726+00,537.721,C47,Four Knights Game: Gunsberg Variation,Four Knights Game,7,7,940,4.16,,,,,-7,0,4.29,,,,,84,42,e4 e5 Nf3 Nf6 Nc3 Nc6 a3 Bc5 Be2 d6 h3 Bd4 Nd5 Be6 Nxf6+ Qxf6 Nxd4 Nxd4 Bf3 Bc4 d3 Nxf3+ gxf3 Be6 f4 exf4 Qf3 g5 Bd2 O-O-O O-O-O Bd7 Qg2 Bc6 f3 Qe6 Qg4 f5 Qxg5 Qa2 Bc3 fxe4 fxe4 Rhg8 Qxf4 Rg2 Qg4+ Rxg4 hxg4 Rf8 Kd2 Rf2+ Ke3 Rf8 g5 Qe6 Rdg1 b5 Rxh7 Rg8 g6 Rxg6 Rh8+ Kb7 Rxg6 Qxg6 Kd2 Qf6 Kc1 Qf1+ Kd2 Qf2+ Kc1 d5 e5 d4 Bb4 Bf3 Kb1 Qf1+ Ka2 Bd5+ b3 Qe1,"{18003,18003,16619,16251,16203,15923,15971,15595,15603,15123,15227,15179,13499,13931,12987,13931,13187,13851,12515,11675,11891,11531,11883,11435,11315,10491,9059,9771,7195,9387,6907,7259,6227,7299,6283,6427,6259,4747,3987,4627,3371,3035,2571,2299,835,2315,459,2187,659,2163,802,2163,828,2067,818,1899,917,1643,1043,1459,1155,1443,893,1435,940,1459,805,1235,915,1243,971,1227,1059,1163,784,947,350,916,335,952,404,995,205,940,0}"
12586,6A64YFaL,white,Drac25,Jjsosar,loss,outoftime,950,1076,-126,standard,blitz,blitz,180,2,3+2,lichess.org,14.0,0.47,36.0,,22/09/25 19:35,2025-09-22 22:43:55.26+00,494.88,C20,King's Pawn Game: Wayward Queen Attack,King's Pawn Game,3,-4,0,4.87,5.0,3.0,2.0,71.0,4,3355,4.07,6.0,3.0,2.0,75.0,74,37,e4 e5 Qh5 Qf6 Nc3 g6 Qf3 Qxf3 Nxf3 Nc6 Bb5 Nd4 Nxd4 exd4 Ne2 c5 d3 a6 Bc4 b5 Bd5 Rb8 Bf4 Rb6 Bc7 Rf6 Be5 Bh6 O-O d6 Bxf6 Nxf6 Bc6+ Bd7 Bxd7+ Nxd7 c3 dxc3 Nxc3 O-O Nd5 Bg7 Rab1 f5 b3 fxe4 dxe4 Bd4 Ne7+ Kh8 Rbe1 Bc3 Re2 Ne5 Nd5 Bd4 b4 c4 Kh1 c3 Rc2 Rf4 f3 Rf8 Ne7 Rf7 Nd5 Nc4 Rd1 Ne3 Rxd4 Nxc2 Nxc3 Rd7,"{18003,18003,17731,17955,17667,17955,17699,18027,17795,18179,17651,17379,17579,17459,17499,17403,16539,17411,16459,17219,16531,16691,15891,14283,15707,13859,15091,12067,13291,10019,12955,10219,12187,10163,11419,10363,10995,10187,11043,10139,11075,9635,10091,9011,8339,8795,8043,8795,5467,8643,4899,8027,4939,7579,3363,7091,3355,7035,2443,6531,1363,6091,1299,5643,1299,5515,1355,3851,1059,3747,1131,3883,370,3355,0}"
12613,5fQxd5Fm,white,Drac25,Glass35,loss,resign,952,1060,-108,standard,blitz,blitz,180,2,3+2,lichess.org,,-0.63,,,21/09/25 03:51,2025-09-21 06:52:27.835+00,61.231,A43,Benoni Defense: French Benoni,Benoni Defense,5,-4,16574,1.19,,,,,4,18347,-0.31,,,,,24,12,e4 e6 d4 c5 d5 exd5 exd5 d6 Qe2+ Be7 Nf3 Nf6 Bg5 Nbd7 Bxf6 Nxf6 Nc3 O-O Qd3 a6 Ng5 h6 Qh7+ Nxh7,"{18003,18003,17443,18107,17411,18179,17491,18379,17523,18379,17627,18507,17555,18531,17579,18731,17227,18827,16907,18403,16963,18259,16995,18347,16574}"
12587,mI3nW4ZF,white,Drac25,GermChess65,win,resign,942,1066,-124,standard,blitz,blitz,180,2,3+2,lichess.org,25.0,7.68,45.0,,22/09/25 18:50,2025-09-22 21:56:53.249+00,382.459,C20,"King's Pawn Game: Wayward Queen Attack, Kiddie Countergambit",King's Pawn Game,4,8,8978,2.51,,,,,-8,4977,3.62,,,,,73,37,e4 e5 Qh5 Nf6 Qxe5+ Qe7 Qxc7 Qxe4+ Ne2 Qc6 Qe5+ Be7 Nbc3 Ng4 Qg3 h5 h3 Nxf2 Qxf2 Qc4 Ng3 Bc5 Bxc4 Bxf2+ Kxf2 Nc6 Nf5 O-O d3 d6 Nxd6 Nd4 Bb3 Rd8 Nxc8 Raxc8 Be3 Nf5 Rae1 h4 Ke2 Ng3+ Kd2 Nxh1 Rxh1 Re8 Bxa7 Re7 Nd5 Rd7 c4 Rdd8 Ne7+ Kh7 Nxc8 Rxc8 Re1 Ra8 Bd4 Rd8 Kc3 b5 c5 Rb8 Kb4 g6 Re7 Kg8 Rxf7 Rd8 Rd7+ Kf8 Rxd8+,"{18003,18003,18115,17931,18075,17835,18035,17091,18043,16107,17691,15939,17019,15043,16931,14739,16803,12659,16699,12363,16227,11323,16219,11387,16315,11067,16323,11067,15307,10971,15107,10827,12219,10203,12051,10187,11987,9915,11419,9483,10907,9379,10579,9363,10651,8883,10659,8195,10691,8163,10571,7811,10379,7723,10427,7923,10195,7907,9891,7811,9875,7595,9547,7019,9331,6651,9019,6491,8827,5227,8859,5115,8978,4977}"
12588,cAAH1trK,white,Drac25,Berradaco99,loss,outoftime,946,1082,-136,standard,blitz,blitz,180,2,3+2,lichess.org,26.0,1.26,42.0,,22/09/25 18:38,2025-09-22 21:47:02.526+00,496.827,B20,Sicilian Defense,Sicilian Defense,2,-4,0,4.87,,,,,4,3217,4.11,,,,,74,37,e4 c5 Qh5 e6 e5 Nc6 Nf3 d6 Nc3 dxe5 Nxe5 Nxe5 Qxe5 Nf6 d3 Bd6 Qg5 Be7 Qxg7 Rf8 Bh6 Nd5 Qxh7 Qb6 Nxd5 exd5 Bxf8 Bxf8 b3 c4 dxc4 dxc4 Bxc4 Bb4+ Kf1 Be6 Qg8+ Bf8 a4 O-O-O Bxe6+ fxe6 Qg4 Bc5 Qf3 Rd2 Ke1 Rxc2 Rd1 Bxf2+ Kf1 Qa6+ Rd3 Bb6 g3 Rc1+ Kg2 Rc2+ Kh3 Rc7 Rf1 Rh7+ Kg2 Rd7 Qf8+ Kc7 Rxd7+ Kxd7 Qf7+ Kc6 Rc1+ Kd6 Qf4+ Ke7,"{18003,18003,17571,18043,16619,18163,16523,17067,15955,17067,15147,16251,15139,16051,14499,15979,14019,15171,14003,15147,13371,15035,10819,14555,10347,14627,9323,14499,8595,14339,8435,14403,8499,14419,7587,12931,6587,12747,5643,12659,3051,12739,2107,12675,1435,12515,1011,10467,1059,10075,851,7579,555,6163,231,6019,269,5699,344,4643,378,4651,438,3147,443,3179,487,3291,541,3211,568,3235,502,3217,0}"
12589,NNk8aFTW,white,Drac25,Ructer,win,resign,940,950,-10,standard,blitz,blitz,180,2,3+2,lichess.org,,,,,22/09/25 18:37,2025-09-22 21:38:20.636+00,60.091,C20,King's Pawn Game: Wayward Queen Attack,King's Pawn Game,3,6,17079,1.85,,,,,-6,15633,4.74,,,,,11,6,e4 e5 Qh5 Qf6 Nc3 Bc5 Nf3 d6 Nd5 Qe6 Nxc7+,"{18003,18003,18035,17307,17459,17195,17235,17019,17091,16203,17079,15633}"
12590,yb6rdU70,black,Drac25,blvnt,win,mate,934,936,-2,standard,blitz,blitz,180,2,3+2,lichess.org,,,,,22/09/25 18:36,2025-09-22 21:37:00.455+00,23.663,A20,English Opening: King's English Variation,English Opening,2,6,17939,0.21,,,,,-11,18243,-0.8,,,,,8,4,c4 e5 g3 Bc5 Bg2 Qf6 Nc3 Qxf2#,"{18003,18003,17955,18091,18091,18115,18243,17939}"
12591,8LquzEPk,black,Drac25,MBSantana,loss,outoftime,940,944,-4,standard,blitz,blitz,180,2,3+2,lichess.org,18.0,1.26,,,22/09/25 18:29,2025-09-22 21:35:57.197+00,393.744,D00,Queen's Pawn Game,Queen's Pawn Game,2,-6,0,6.92,,,,,5,8833,3.53,,,,,53,27,d4 d5 h3 Bf5 Nf3 g6 Bf4 Bh6 Bxh6 Nxh6 e3 Nc6 a3 Be4 Bd3 Nf5 Bxe4 dxe4 Nfd2 Qd5 Nc3 Qa5 Ndxe4 f6 O-O O-O-O Nc5 b6 Ne6 Rd6 Nf4 g5 Nfe2 h5 g3 h4 g4 Nh6 Qc1 Qf5 f3 Qe6 f4 Nxg4 hxg4 Qxg4+ Kh2 Qg3+ Nxg3 hxg3+ Kxg3 f5 Rh1,"{18003,18003,18051,17315,17771,16323,17355,16139,17227,16203,17211,10683,17155,10491,16883,9899,16915,9979,16267,9707,16059,8051,15555,7243,15275,5387,14179,4947,14131,4171,13459,2899,12723,1883,12171,1075,12155,697,11787,706,10139,522,9379,512,9395,478,8803,504,8707,610,8835,391,8833,0}"
12592,e41waM6k,black,Drac25,hujachy,win,resign,934,925,9,standard,blitz,blitz,180,2,3+2,lichess.org,26.0,-4.05,59.0,,22/09/25 04:26,2025-09-22 07:34:56.602+00,489.24,C41,Philidor Defense,Philidor Defense,4,6,1768,4.92,,,,,-6,923,5.02,,,,,68,34,e4 e5 Nf3 d6 Nxe5 dxe5 Bc4 Nf6 O-O Bc5 d3 Nc6 Nc3 Bg4 Ne2 Nd4 f3 Bh5 Nxd4 Bxd4+ Kh1 O-O Qe1 a5 Be3 c6 Bxd4 Qxd4 c3 Qc5 b4 Qd6 g4 Bg6 Rd1 a4 a3 b5 Ba2 c5 d4 cxd4 cxd4 exd4 e5 Qe7 f4 Nxg4 f5 Bh5 Qh4 Nf6 Qxd4 Rad8 Bxf7+ Qxf7 Qf2 Rxd1 Rxd1 Bxd1 exf6 Qxf6 Qa2+ Bb3 Qxb3+ axb3 Kg1 Qxf5,"{18003,18003,16683,17619,16883,17619,17035,17179,16515,15547,16715,15547,15083,13411,13507,12851,8523,12387,8355,11987,8171,10875,5587,9219,5283,8739,4867,8451,4803,8043,2251,7523,1963,6947,1155,6947,1131,6939,1107,6819,926,6619,1027,6555,1147,3547,1227,3451,1115,3259,1187,2435,1059,2195,958,2011,1043,1987,999,2035,988,1955,998,1659,1043,1723,1019,1768,923}"
12593,z2lwNVXe,white,Drac25,sharpfox85,loss,outoftime,940,955,-15,standard,blitz,blitz,180,2,3+2,lichess.org,16.0,-0.86,,,22/09/25 04:18,2025-09-22 07:26:33.123+00,456.299,D00,"Queen's Pawn Game: Chigorin Variation, Alburt Defense",Queen's Pawn Game,4,-6,0,6.92,4.0,1.0,3.0,72.0,5,2174,6.33,0.0,4.0,1.0,83.0,52,26,d4 d5 Nc3 Bf5 e3 Nf6 Nf3 c6 h3 e6 g4 Bg6 g5 Ne4 Nxe4 dxe4 Ne5 Qxg5 Rg1 Qh4 Nxg6 hxg6 Bd2 Nd7 Qe2 Nb6 Qg4 Qd8 Ba5 Be7 Qxe4 Qd5 Qd3 Qxa5+ c3 Rd8 b4 Qh5 Kd2 Nd5 c4 Nxb4 Qb3 Qf3 Qxb4 Bxb4+ Kd3 Qxf2 Rg2 Qf5+ Ke2 c5,"{18003,18003,18035,17955,18003,18019,17067,18075,16627,18131,16675,17931,15667,17395,15603,17419,15555,16115,14891,15203,13939,15043,12435,15083,11539,12979,9443,11931,9115,10571,6747,7091,4563,7043,3555,5123,1259,4083,909,3411,314,3115,333,2507,294,2371,494,2387,501,2083,310,2174,0}"
12594,QSzB38XN,black,Drac25,sharpfox85,loss,outoftime,945,949,-4,standard,blitz,blitz,180,2,3+2,lichess.org,21.0,-1.56,55.0,,22/09/25 04:10,2025-09-22 07:18:37.37+00,502.068,D02,Queen's Pawn Game: London System,Queen's Pawn Game,5,-5,0,5.29,2.0,3.0,2.0,83.0,6,1188,4.95,4.0,6.0,2.0,76.0,69,35,d4 d5 Bf4 Nf6 Nf3 Nc6 c3 Bg4 e3 e6 Be2 h6 Nbd2 g5 Be5 Bd6 h3 Bxf3 Bxf3 Bxe5 dxe5 Nxe5 Nb3 b6 Nd4 Qd7 O-O h5 Re1 Nxf3+ Nxf3 g4 Ne5 Qd6 Qa4+ Kf8 Nc6 gxh3 gxh3 Ne4 Nd4 Nc5 Qd1 Rg8+ Kf1 Qh2 b4 Qxh3+ Ke2 Ne4 Nc6 Nxc3+ Kd2 Nxd1 Rexd1 Qf5 Nd4 Rg2 Kc3 Qe4 Ne2 h4 Kb2 h3 Ng1 Rxg1 Rxg1 Ke7 Rh1,"{18003,18003,18115,17347,18203,16483,18107,15619,18123,14731,18155,13427,17939,13371,17499,12907,16411,12563,16411,12419,16483,12531,14819,11163,14683,10595,14131,9827,13243,9651,12907,8939,12275,7267,11315,5131,9419,4467,8459,3283,6443,2755,6283,2035,6331,1603,4099,1571,4147,1131,3155,1107,2723,1195,2923,662,2707,629,1787,308,1283,311,969,436,880,465,1083,242,1188,0}"
12604,CRwbzZdb,black,Drac25,Mehrad0153434198,win,outoftime,963,908,55,standard,blitz,blitz,180,2,3+2,lichess.org,20.0,-1.65,50.0,,22/09/25 02:55,2025-09-22 06:03:01.024+00,452.38,A01,Nimzo-Larsen Attack: Modern Variation,Nimzo-Larsen Attack,4,5,4498,4.82,,,,,-5,0,6.21,,,,,58,29,b3 Nc6 Bb2 e5 Nf3 e4 Nd4 Nxd4 Bxd4 d5 e3 Nf6 Nc3 c6 g3 b6 a4 Bc5 Bxf6 Qxf6 a5 O-O axb6 Bxb6 h4 d4 Nxe4 Qf5 Nd6 Qf6 Nxc8 Rfxc8 Bh3 Rd8 e4 d3 O-O Qe5 Qe1 Bd4 Ra6 dxc2 Rxc6 a5 Rxc2 a4 Ra2 axb3 Rxa8 Rxa8 Qb1 b2 Re1 h6 Bf1 Ra5 Bd3 f5,"{18003,18003,18019,18091,17819,17339,17731,17307,17779,17195,17403,17219,16331,17099,15219,17155,15091,16907,14547,16907,13635,16395,13619,16355,12523,16379,12243,15363,11931,14443,11235,13859,10915,13683,10051,13123,8339,10003,6395,9435,5371,8747,4787,8099,4731,7315,2787,7123,2811,7115,2347,6979,1979,6395,1139,5731,615,4498,0}"
12595,ajMi7CwQ,white,Drac25,Twiet,loss,outoftime,950,1019,-69,standard,blitz,blitz,180,2,3+2,lichess.org,21.0,-1.63,45.0,,22/09/25 04:01,2025-09-22 07:09:48.834+00,517.368,D00,"Queen's Pawn Game: Chigorin Variation, Irish Gambit",Queen's Pawn Game,4,-5,0,5.0,,,,,5,679,4.95,,,,,72,36,d4 d5 Nc3 c5 Bf4 Nf6 Nb5 Na6 dxc5 Bf5 Nc3 e6 e3 Bxc5 Bxa6 bxa6 Be5 O-O Nf3 Rb8 b3 Bb4 Ng5 Ne4 Qh5 Bxc3+ Bxc3 Qxg5 Qxg5 Nxg5 O-O Rfc8 Bd4 Bxc2 Bxa7 Rb7 Bd4 Ne4 Rac1 a5 Rfe1 Rbb8 Re2 Bd3 Rxc8+ Rxc8 Re1 Rc2 f3 Nf6 a4 Kf8 g3 Ke8 Bxf6 gxf6 h4 Rb2 Rd1 Bg6 e4 dxe4 fxe4 Bxe4 Re1 f5 Ra1 Rxb3 Kf2 Rb2+ Ke3 Bc6,"{18003,18003,18075,18203,17491,18251,17475,16299,17043,15835,16787,15251,16547,14947,16531,14947,16139,14483,16115,14299,15131,14019,14155,13115,12219,12155,11683,10907,9275,11107,8283,9483,7027,9355,6739,8835,6347,8555,5827,7235,5723,3163,5227,2355,4355,2379,3627,1907,3235,1147,3179,1003,2611,984,2291,1187,1579,919,1371,629,1099,675,1179,771,976,724,920,751,699,658,719,679,0}"
12596,0ygwM4Ap,black,Drac25,schneider47,loss,outoftime,956,946,10,standard,blitz,blitz,180,2,3+2,lichess.org,21.0,0.01,46.0,,22/09/25 03:53,2025-09-22 07:00:44.591+00,410.472,C50,Italian Game: Giuoco Pianissimo,Italian Game,7,-6,0,5.14,,,,,6,10656,2.1,,,,,71,36,e4 e5 Nf3 Nc6 Bc4 Bc5 d3 h6 O-O Nf6 Nc3 d6 Re1 Nd4 Be3 Be6 Nd5 Bxd5 exd5 Nxf3+ Qxf3 Bxe3 Qxe3 O-O d4 exd4 Qxd4 Qd7 b3 c6 a4 c5 Qc3 a6 b4 a5 Bb5 axb4 Qb3 Qf5 Rac1 b6 Re7 Qxd5 Qxd5 Nxd5 Bc6 Rae8 Rxe8 Rxe8 Bxd5 Re5 Rd1 Kh7 h3 Rg5 Bxf7 Rf5 Be8 g5 g4 Rf8 Bb5 Ra8 Rxd6 Rc8 Rxb6 c4 a5 c3 a6,"{18003,18003,18083,17507,18083,15259,17779,14979,17819,11683,17715,11323,17611,11091,17475,9971,16723,9907,16803,9171,16867,8771,16955,7323,17035,6379,17107,5763,16555,3355,15907,2987,14779,2331,13859,1515,13595,1491,12931,972,12275,953,11411,951,11163,1011,11315,693,11235,740,11379,789,11355,781,10995,344,10579,272,10651,319,10675,363,10667,381,10523,437,10571,409,10571,409,10656,0}"
12597,HC11lcez,white,Drac25,DonkeyKong90,win,resign,950,975,-25,standard,blitz,blitz,180,2,3+2,lichess.org,17.0,-2.31,,,22/09/25 03:48,2025-09-22 06:52:37.781+00,264.105,B20,Sicilian Defense: Bowdler Attack,Sicilian Defense,3,6,3428,9.11,,,,,-6,13434,3.05,,,,,32,16,e4 c5 Bc4 a6 Qf3 e6 Nc3 Nc6 Nge2 Ne5 Qg3 Nxc4 d3 Nb6 e5 Ne7 Bg5 h6 Bh4 Qc7 Ne4 Ng6 Nf4 Qxe5 Nxg6 fxg6 Qxe5 d6 Qg3 d5 Nd6+ Kd7,"{18003,18003,17875,18027,17483,18059,17275,18123,16947,17747,13939,17563,11147,16019,8139,14947,7955,14907,7523,14931,7179,14755,6267,14371,5011,13883,5003,13571,4115,13427,3723,13434,3428}"
12598,Cuz541PP,white,Drac25,Yogiparmar_123,loss,outoftime,955,967,-12,standard,blitz,blitz,180,2,3+2,lichess.org,29.0,2.1,,,22/09/25 03:40,2025-09-22 06:47:33.887+00,398.782,C20,King's Pawn Game: Wayward Queen Attack,King's Pawn Game,3,-5,0,8.18,,,,,6,6521,5.47,,,,,44,22,e4 e5 Qh5 Nc6 Bc4 g6 Qf3 Nf6 c3 d5 Bb5 dxe4 Bxc6+ bxc6 Qg3 Bc5 Qxe5+ Be7 d3 O-O Bg5 Re8 Qf4 Qxd3 Bxf6 Bc5 Qd2 Bxf2+ Qxf2 e3 Qe2 Qf5 Bd4 Qe4 Nf3 Bg4 h3 Bf5 O-O Rad8 Nfd2 exd2 Qxd2 Bxh3,"{18003,18003,17987,18147,17995,18035,17739,18075,17635,18155,17483,18019,17019,18067,15075,17539,14747,17171,13915,16811,12691,16243,8083,15115,7059,12459,1571,12315,1547,11627,1587,11003,1235,9947,1131,9803,1043,9427,821,9419,519,8411,609,6521,0}"
12599,tlTgeCft,black,Drac25,Body_Fischer,win,resign,949,983,-34,standard,blitz,blitz,180,2,3+2,lichess.org,22.0,4.95,42.0,,22/09/25 03:32,2025-09-22 06:39:57.812+00,423.185,A20,English Opening: King's English Variation,English Opening,2,6,4205,6.27,2.0,2.0,3.0,68.0,-7,288,8.05,3.0,0.0,4.0,50.0,45,23,c4 e5 g3 Nf6 Bg2 d5 cxd5 Nxd5 Nf3 Be6 Nxe5 Nc6 Nxc6 bxc6 Qa4 Qd6 Nc3 Nb6 Bxc6+ Bd7 Qe4+ Be7 Bxa8 c6 b4 O-O d4 Rxa8 f4 c5 f5 Bc6 Qg4 Bxh1 Bh6 Qxh6 bxc5 Nc4 Nd5 Bf6 Nxf6+ Qxf6 Kf2 Bc6 Rh1,"{18003,18003,17899,17699,17251,17091,14251,16891,11355,16123,10307,15731,7947,15651,6787,13779,5651,12451,5371,12091,3891,11035,3139,9363,1971,8923,785,7667,810,7491,848,7315,899,6843,1035,6179,456,5731,503,4803,417,4723,370,4435,288,4205}"
12600,ljYzpXtd,white,Drac25,Ps29v11,loss,outoftime,956,838,118,standard,blitz,blitz,180,2,3+2,lichess.org,17.0,-2.84,,,22/09/25 03:24,2025-09-22 06:32:12.814+00,477.097,C20,King's Pawn Game: Wayward Queen Attack,King's Pawn Game,3,-7,0,8.57,,,,,8,545,8.73,,,,,42,21,e4 e5 Qh5 Nc6 Bc4 g6 Qf3 Nf6 c3 Be7 Nh3 h6 d3 Na5 Na3 Bxa3 bxa3 Nxc4 dxc4 d6 Be3 g5 Qe2 Bxh3 gxh3 Qd7 Qf1 O-O-O Bxa7 Qa4 Be3 Qxa3 f3 Qxc3+ Bd2 Qxa1+ Ke2 Qd4 Qc1 h5 Bxg5 Ng4,"{18003,18003,18099,18035,18107,18043,16811,17923,16035,16899,15499,16043,15363,14259,13955,13363,13291,13235,13115,11467,12387,9483,9779,7547,8875,6651,7827,5843,7475,5139,4867,3859,4435,3643,3995,3515,3875,3219,1067,2139,417,545,0}"
12601,gKWxNmOA,black,Drac25,Ps29v11,loss,outoftime,964,831,133,standard,blitz,blitz,180,2,3+2,lichess.org,,-0.72,,,22/09/25 03:17,2025-09-22 06:23:44.642+00,371.961,C44,Scotch Game: Scotch Gambit,Scotch Game,7,-8,0,15.0,,,,,7,4189,11.51,,,,,25,13,e4 e5 Nf3 Nc6 d4 exd4 Bc4 h6 c3 dxc3 Qd5 Qf6 Nxc3 Bb4 O-O Nge7 Qb5 O-O e5 Nxe5 Nxe5 Bxc3 bxc3 c6 Qb3,"{18003,18003,18075,18099,18171,18059,18187,17235,18059,12563,16003,10203,14963,9107,13787,8931,10571,6635,5915,4387,4339,1011,4211,408,4189,0}"
12602,TxOwkBB9,white,Drac25,Ps29v11,win,outoftime,960,834,126,standard,blitz,blitz,180,2,3+2,lichess.org,22.0,1.8,,,22/09/25 03:11,2025-09-22 06:17:07.079+00,364.622,C20,King's Pawn Game: Wayward Queen Attack,King's Pawn Game,3,4,8117,5.49,,,,,-3,0,10.0,,,,,37,19,e4 e5 Qh5 Nc6 Bc4 g6 Qf3 Nf6 c3 Bg7 Nh3 d6 Ng5 Bg4 Qg3 Be6 Bxe6 fxe6 Qh3 Nh5 Qxe6+ Qe7 Qxe7+ Nxe7 d3 O-O-O g4 Nf4 Bxf4 exf4 Ne6 Rdg8 Nxf4 Be5 Ne6 Nc6 d4,"{18003,18003,18059,18011,18051,18051,18011,18083,18059,18107,17747,15419,17147,12043,17043,11115,14971,11083,14483,2259,13267,2195,11995,2195,11139,1891,10235,1691,9947,1747,9819,1323,9467,1115,8227,596,8117,0}"
12603,mvX0IM9i,black,Drac25,Ps29v11,loss,outoftime,968,826,142,standard,blitz,blitz,180,2,3+2,lichess.org,24.0,1.62,,,22/09/25 03:03,2025-09-22 06:10:01.82+00,379.592,B01,Scandinavian Defense: Mieses-Kotroc Variation,Scandinavian Defense,4,-8,0,11.25,,,,,8,596,10.88,,,,,33,17,e4 d5 exd5 Qxd5 Nc3 Qe6+ Be2 Nc6 Nf3 h6 O-O b6 Re1 Qg6 Bb5 Bb7 Ne5 Qf6 d4 O-O-O Nxc6 Bxc6 Bxc6 Qxc6 d5 Qf6 a4 e6 Qd3 exd5 Qa6+ Kb8 Nb5,"{18003,18003,18075,18131,18227,18059,17963,17635,16539,16275,16227,15203,15819,14315,13923,14171,13003,11947,10219,10883,2371,10275,1795,10267,1115,7635,1051,6011,770,5691,694,5278,596,0}"
12645,MTrKWTWg,white,Drac25,RomeroCesar23,win,timeout,961,961,0,standard,blitz,blitz,180,2,3+2,lichess.org,,2.4,,,18/09/25 20:24,2025-09-18 23:27:11.608+00,168.281,B01,Scandinavian Defense: Mieses-Kotroc Variation,Scandinavian Defense,4,5,12338,5.67,,,,,-9,4677,13.33,,,,,21,11,e4 d5 exd5 Qxd5 Nc3 Qe5+ Nge2 Bg4 f3 Bh5 d4 Qd6 Bf4 Qc6 Qd3 Qb6 Qb5+ Qxb5 Nxb5 c6 Nc7+,"{18003,18003,17211,18203,17235,17523,16843,17403,16531,16955,15547,16219,15067,14675,12923,13643,12235,12915,12291,12555,12338,4677}"
12605,GYr0gQJd,white,Drac25,Mehrad0153434198,win,outoftime,958,913,45,standard,blitz,blitz,180,2,3+2,lichess.org,18.0,4.42,48.0,,22/09/25 02:46,2025-09-22 05:54:59.463+00,500.787,C20,"King's Pawn Game: Wayward Queen Attack, Kiddie Countergambit",King's Pawn Game,4,5,1579,4.83,,,,,-5,0,5.29,,,,,69,35,e4 e5 Qh5 Nf6 Qxe5+ Qe7 Qxc7 Qxe4+ Ne2 Nc6 Nc3 Qe6 a3 Bd6 Nb5 Nd4 Nxd6+ Ke7 Qc5 Qxd6 Qxd6+ Kxd6 Nxd4 Re8+ Ne2 b6 g3 Ba6 d3 Bb7 Rg1 a5 f3 g5 g4 h6 b3 Re6 Bb2 Nd5 O-O-O Ne3 Re1 Bxf3 Bg2 Nxg2 Rxg2 Bxg2 Kd2 Bf3 Nd4 Rxe1 Kxe1 Re8+ Kd2 Bxg4 Nb5+ Kc5 Nc7 Re2+ Kc3 Rxh2 d4+ Kd6 Nb5+ Kd5 Nc7+ Kc6 Ne8,"{18003,18003,18075,17867,18059,17419,17891,16691,17963,15507,17547,12139,15019,12123,13219,4331,12835,3555,8715,1219,8115,1307,7643,1291,7355,1115,7291,1243,7227,1219,7011,1131,7003,1155,6987,1059,7035,1027,7051,938,6299,1003,3891,996,3427,1011,2715,966,2475,867,2387,755,2427,654,2371,438,2259,399,1563,398,1507,424,1427,308,1427,369,1507,417,1579,0}"
12606,mkBCT7hK,black,Drac25,Mehrad0153434198,loss,resign,965,906,59,standard,blitz,blitz,180,2,3+2,lichess.org,15.0,-0.97,44.0,,22/09/25 02:39,2025-09-22 05:46:12.676+00,396.584,A01,Nimzo-Larsen Attack: Classical Variation,Nimzo-Larsen Attack,2,-7,4981,4.07,,,,,7,5298,3.97,,,,,65,33,b3 d5 Bb2 Nf6 Nf3 Nc6 d4 Bg4 h3 Bh5 g4 Bg6 a3 Be4 g5 Nh5 Bg2 e6 O-O Nf4 e3 Nxg2 Kxg2 Bxf3+ Kxf3 Qxg5 Rg1 Qf5+ Ke2 Qxh3 Rg3 Qh5+ Kd2 Qxd1+ Kxd1 Bd6 Rxg7 O-O-O Nc3 f5 Nb5 Kb8 Nxd6 cxd6 b4 Rhg8 Rxh7 Rg2 Ke2 e5 b5 Na5 dxe5 dxe5 Bxe5+ Kc8 Rc7+ Kb8 Rg7+ Kc8 Rxg2 Nc6 bxc6 bxc6 Rag1,"{18003,18003,18027,17875,18091,17755,16571,17003,16595,17035,16659,17099,16171,16939,15331,16507,14467,16099,13371,15707,11667,15683,11651,14891,11691,14411,11339,13667,11371,13083,11075,12851,10163,12803,10131,12739,10027,12083,9539,11435,8875,11363,8675,11107,8067,11107,8043,10819,7979,10187,7795,9883,7219,9267,6915,8803,6443,8027,6451,6387,6483,6371,5755,6443,5298,4981}"
12607,plxsFaMq,white,Drac25,sanguinario_96,win,mate,960,950,10,standard,blitz,blitz,180,2,3+2,lichess.org,36.0,-1.66,57.0,,22/09/25 02:29,2025-09-22 05:39:20.589+00,613.793,B21,Sicilian Defense: Smith-Morra Gambit,Sicilian Defense,3,5,2121,2.52,,,,,-6,1911,2.6,,,,,127,64,e4 c5 d4 cxd4 Qxd4 Nc6 Qc4 Nf6 Nc3 e6 e5 Nxe5 Qe2 Bd6 Nf3 Nc6 Bg5 O-O Ne4 Be7 Bxf6 Bxf6 Qe3 d5 Ng3 Bxb2 Rb1 d4 Qb3 Bc3+ Nd2 Qg5 Ne4 Qh6 Nxc3 dxc3 Qxc3 Ne7 Bd3 Nd5 Qd4 Nf4 O-O e5 Qe4 g6 Qf3 Bf5 Ne4 Nxd3 Nf6+ Kg7 cxd3 Qg5 Ne4 Bxe4 dxe4 Rad8 Rxb7 Rd4 Qg3 Qf6 Qf3 Rfd8 Rb3 Qxf3 gxf3 Rd3 Kg2 Rd1 Ra3 Rxf1 Kxf1 Rd7 Kg2 f5 exf5 gxf5 Kg3 Kf6 f4 exf4+ Kxf4 h5 f3 Ke6 h4 Kd5 Ra5+ Kc6 Rxf5 Kb6 a4 a5 Rxh5 Rc7 Rh6+ Rc6 Rxc6+ Kxc6 h5 Kd6 h6 Ke7 h7 Kf7 h8=Q Kg6 Qa8 Kf6 Qxa5 Ke6 Qe5+ Kf7 a5 Kf8 a6 Kf7 a7 Kg6 a8=R Kf7 Ra6 Kf8 Qc7 Ke8 Ra8#,"{18003,18003,17755,17963,17787,18051,17019,17291,16755,16811,16811,16835,15555,14811,14019,14595,13755,14587,12331,12547,11291,12563,8571,12419,7667,12259,7043,12355,5915,12291,5531,11243,4555,10683,4291,10795,4291,9315,3891,7763,1451,7083,1075,6227,1083,5619,1067,4339,1107,2483,1147,2155,1219,1395,853,1235,858,1059,829,658,731,625,663,634,433,628,422,465,379,380,441,427,519,519,558,595,588,716,611,841,602,896,695,854,777,833,812,708,892,743,703,312,591,292,669,366,736,427,763,559,914,693,1075,893,1219,1003,1275,1067,1275,1131,1435,1251,1499,1331,1579,1363,1731,1499,1883,1699,1891,1779,2027,1843,2171,1911,2121}"
12608,nHxrd6hj,black,Drac25,Alteranin,win,resign,953,1033,-80,standard,blitz,blitz,180,2,3+2,lichess.org,19.0,-3.51,28.0,,21/09/25 21:52,2025-09-22 00:56:22.316+00,235.964,C50,Four Knights Game: Italian Variation,Four Knights Game,8,7,4710,10.23,,,,,-7,13848,2.97,,,,,28,14,e4 e5 Nf3 Nc6 Nc3 Bc5 Bc4 Nf6 Bxf7+ Kxf7 Ng5+ Kg8 O-O Nd4 d3 Ne6 Qf3 Nxg5 Bxg5 Be7 Bxf6 Bxf6 Nd5 c6 Nxf6+ gxf6 Qxf6 Qxf6,"{18003,18003,18003,18107,17859,17411,17875,15811,17603,15475,17739,13651,17595,10187,16139,9067,13947,7091,14147,5043,13627,5083,13747,4827,13715,4675,13907,4710,13848}"
12609,NlncNN0S,white,Drac25,mczuk,draw,draw,954,880,74,standard,blitz,blitz,180,2,3+2,lichess.org,21.0,-0.97,34.0,,21/09/25 21:42,2025-09-22 00:51:33.728+00,527.053,C00,French Defense: Normal Variation,French Defense,3,-1,5086,2.05,,,,,1,6342,1.88,,,,,126,63,e4 e6 d4 b6 Bf4 Bb7 Nc3 d5 exd5 exd5 Nf3 Nf6 Bg5 Be7 Bxf6 Bxf6 Ne5 Qe7 Qe2 Bxe5 dxe5 Nc6 e6 Nd4 exf7+ Kxf7 Qxe7+ Kxe7 O-O-O Rhf8 Rxd4 Rxf2 Nxd5+ Bxd5 Rxd5 Rd8 Rxd8 Kxd8 Bd3 Rxg2 Rd1 Rxh2 Bxh7+ Kc8 Rd2 Rxh7 c4 Rh1+ Kc2 g5 Rg2 Rh5 Rf2 g4 Rf8+ Kb7 b4 g3 Rg8 Rh3 Kd3 g2+ Ke2 Rh2 Kf2 a5 bxa5 bxa5 a4 Kb6 Rg5 c6 Kg1 Rh1+ Kxg2 Ra1 c5+ Ka6 Rg4 Rc1 Rg5 Rc4 Kf3 Rxa4 Ke3 Kb5 Kd3 Rc4 Re5 a4 Re8 a3 Rb8+ Kxc5 Rb3 Rd4+ Kc3 Rc4+ Kd3 a2 Ra3 Rd4+ Kc3 Rc4+ Kb3 Rb4+ Kxa2 Kb5 Rc3 c5 Ka3 Ra4+ Kb3 Rb4+ Ka3 c4 Re3 c3 Rxc3 Ra4+ Kb3 Rb4+ Kc2 Ka4 Kd3 Kb5,"{18003,18003,18027,18203,17651,18403,17451,18283,17507,18019,15067,18091,15043,18051,14659,17651,13003,17491,12163,16771,12035,16883,11763,16795,11571,16427,11315,16123,10947,15819,10635,15387,10155,15235,10075,15331,10075,15395,10107,15187,10211,14995,10099,14371,9939,14315,9851,14315,9931,14347,9891,14147,9955,14091,9787,14099,9915,14115,9915,14147,9923,14075,10003,14139,10027,12483,9779,12003,9883,12067,9435,10835,9411,9675,9147,9731,8907,9411,8979,9451,8051,9491,7723,9547,7811,9643,7715,9675,6867,9659,6075,9683,6163,9411,5787,9203,5819,9267,5899,9307,5923,9227,5995,9107,6051,7971,5963,7515,6011,7547,5971,7555,6027,7571,6051,7395,5555,7243,5451,7235,5395,7315,5267,7403,5091,6342,5086}"
12610,OWTpXjP0,black,Drac25,WigglesP,loss,outoftime,960,954,6,standard,blitz,blitz,180,2,3+2,lichess.org,17.0,0.57,57.0,,21/09/25 21:33,2025-09-22 00:42:02.929+00,488.054,C50,Italian Game,Italian Game,5,-6,0,5.63,,,,,11,2133,4.96,,,,,65,33,e4 e5 Nf3 Nc6 Bc4 Qf6 c3 Bc5 O-O d6 d4 Bg4 d5 Bxf3 Qxf3 Qxf3 gxf3 Nce7 f4 O-O-O fxe5 dxe5 Nd2 Nf6 Nb3 h6 Nxc5 b6 Na6 Nxe4 Be3 Nxd5 Bxd5 Rxd5 Nb4 Rb5 a4 Ra5 b3 Kb7 c4 c5 Nd5 Rd8 Ne7 Nc3 Nf5 Rg8 b4 cxb4 Nd6+ Kc6 Nf5 g6 Ne7+ Kc7 Nxg8 Rxa4 Rxa4 Nxa4 Nxh6 f5 Nxf5 gxf5 f4,"{18003,18003,18067,17243,18067,16715,17723,16771,17507,16147,17491,15995,17275,15883,16939,15851,17139,14915,16339,13947,16251,13835,14963,12747,13707,12635,13739,11363,13147,10779,11795,9891,11027,9947,10739,9491,8635,9011,8587,8027,7299,8051,6851,4315,6499,3483,5315,986,5059,849,4595,747,2187,590,2139,361,2107,399,2099,465,2139,457,2107,392,2133,0}"
12611,g76kCNEb,white,Drac25,rapsod1994,win,outoftime,953,986,-33,standard,blitz,blitz,180,2,3+2,lichess.org,17.0,-2.15,57.0,,21/09/25 03:58,2025-09-21 07:06:20.603+00,489.948,B20,Sicilian Defense: Bowdler Attack,Sicilian Defense,3,7,399,6.07,,,,,-7,0,6.21,,,,,59,30,e4 c5 Bc4 e6 Nf3 g6 d3 Nc6 e5 Bg7 Bg5 Nge7 Nc3 Nxe5 Nxe5 Bxe5 f4 Bg7 Ne4 d5 Nf6+ Bxf6 Bxf6 O-O Bb3 Qd6 Qf3 b5 O-O a5 c4 a4 Bc2 b4 cxd5 Nxd5 Rad1 Bb7 Be5 Qd7 Qg4 Ne3 Qg5 Nxd1 Qf6 Qd4+ Bxd4 cxd4 Qxd4 Rfd8 Qb6 b3 axb3 axb3 Bxb3 Ra1 Rxd1 Rxd1+ Kf2,"{18003,18003,17611,17787,17459,17235,16139,17211,15299,16347,14875,16083,14627,15899,14299,15955,13083,15531,10563,12483,10107,12475,10107,12547,7723,12299,6987,10979,5379,10915,5291,10395,4843,10107,4387,9667,1603,8211,1419,7907,1051,6907,912,6979,724,4587,757,4667,784,2547,769,749,401,815,412,838,401,893,399,0}"
12614,ckO5JUog,white,Drac25,Alexjj12398,loss,outoftime,959,819,140,standard,blitz,blitz,180,2,3+2,lichess.org,23.0,-1.07,48.0,,21/09/25 03:40,2025-09-21 06:51:07.831+00,609.073,C20,King's Pawn Game: Wayward Queen Attack,King's Pawn Game,3,-7,0,2.73,,,,,52,3889,2.17,,,,,132,66,e4 e5 Qh5 Nc6 Bb5 Nf6 Qf3 Be7 Nc3 O-O d3 Nd4 Qd1 Nxb5 Nxb5 c6 Nc3 d5 exd5 Nxd5 Nf3 Nxc3 bxc3 Qd5 O-O e4 dxe4 Qxe4 Re1 Qc4 Rxe7 Qxc3 Bd2 Qc5 Qe1 Qxc2 Re8 Bd7 Rxa8 Rxa8 Be3 Qg6 Kh1 Bg4 Nh4 Qh5 Nf3 Bxf3 gxf3 Qxf3+ Kg1 Re8 Rd1 Kf8 Qf1 a5 Bc5+ Kg8 Re1 Rxe1 Qxe1 h6 Qe8+ Kh7 Qe5 f6 Qe3 Qxe3 fxe3 b5 Bd4 a4 a3 Kg8 Bc5 Kf7 Kf2 g5 Kf3 Kg6 Ke4 f5+ Ke5 h5 Kd6 f4 exf4 gxf4 Kxc6 Kg5 Kxb5 f3 Kxa4 Kg4 Kb5 Kh3 a4 Kxh2 a5 Kg2 a6 h4 a7 f2 Bxf2 Kxf2 a8=Q h3 Qg8 h2 Qg4 h1=Q Qf4+ Kg1 Qc1+ Kg2 Qd2+ Kg3 Qe3+ Kg4 Qe5 Qb1+ Kc6 Qd1 Kc5 Qc1+ Kd6 Qd1+ Ke6 Qf3 Qg7+ Kh4,"{18003,18003,18139,18099,18115,18027,16123,17315,14819,17347,13915,16691,12707,16051,12667,16027,12339,15971,11107,15939,9595,15843,9539,15363,8643,15171,8627,15307,7531,11467,7027,11219,6147,10051,4747,9155,4579,6555,4083,6595,3067,6003,1691,5779,1539,5227,1235,5291,1307,5139,1227,4395,1179,4179,1043,3779,1075,3723,1163,3275,1243,2643,1259,2755,1139,2619,1043,2699,1115,2811,998,2595,1059,2603,1147,2747,1227,2843,1403,2987,1547,3131,1515,3099,1579,3091,1579,3235,1651,3371,1731,3571,1771,3771,1675,3843,1563,4043,1579,4075,1547,4107,1371,4203,1387,4155,1395,4315,1139,4355,1099,4363,767,4403,711,4499,797,4411,793,4363,701,4267,739,4323,809,4123,830,4243,828,3947,552,3889,0}"
12615,d37MfR52,black,Drac25,cacop16,win,mate,953,933,20,standard,blitz,blitz,180,2,3+2,lichess.org,,,,,21/09/25 03:39,2025-09-21 06:40:33.581+00,53.231,C45,"Scotch Game: Classical Variation, Intermezzo Variation",Scotch Game,10,6,17284,1.44,,,,,-5,15958,4.09,,,,,12,6,e4 e5 Nf3 Nc6 d4 exd4 Nxd4 Bc5 Nxc6 Qf6 Nxa7 Qxf2#,"{18003,18003,18027,18059,17739,17995,17939,18099,18027,17539,15958,17284}"
12616,mX4CkGrd,black,Drac25,PryzenVidus,loss,outoftime,959,967,-8,standard,blitz,blitz,180,2,3+2,lichess.org,18.0,4.3,,,21/09/25 03:32,2025-09-21 06:38:59.13+00,397.59,D06,Queen's Gambit Declined: Marshall Defense,Queen's Gambit Declined,4,-6,0,8.18,,,,,6,4524,6.13,,,,,45,23,d4 d5 c4 Nf6 cxd5 Nxd5 e4 Nb6 Nf3 Bg4 Be2 f6 O-O h5 Nc3 c6 h3 g5 hxg4 hxg4 Nh2 e5 d5 cxd5 exd5 Bd6 Bxg4 e4 Nxe4 Bxh2+ Kh1 Be5+ Bh3 Qd7 g4 f5 Nc5 Qc8 Bxg5 fxg4 Qe1 Kf7 Qxe5 Rxh3+ Kg2,"{18003,18003,18083,16403,18115,16459,18187,16115,17555,15819,17547,15683,17267,12723,17059,12667,16875,12603,16715,12563,16283,12019,14211,11419,14259,10547,13851,10299,13771,10043,13619,9267,13347,6659,9851,5027,8971,4491,8651,3795,5539,2219,4971,1580,4524,0}"
12617,avpvZOh8,black,Drac25,Target3ooo,loss,outoftime,963,1071,-108,standard,blitz,blitz,180,2,3+2,lichess.org,17.0,3.77,,,21/09/25 03:25,2025-09-21 06:31:32.85+00,357.655,C21,Danish Gambit,Danish Gambit,5,-4,0,10.59,,,,,4,6978,6.49,,,,,35,18,e4 e5 d4 exd4 c3 Bc5 Bc4 Qf6 Nf3 dxc3 Nxc3 Bxf2+ Kxf2 h6 e5 Qb6+ Be3 Qxb2+ Ne2 Nc6 Rb1 Qa3 Qd5 Qe7 Rhd1 f6 exf6 Nxf6 Qd2 d6 a3 Bg4 Nf4 Bxf3 gxf3,"{18003,18003,18107,17579,18211,16875,17843,16571,17787,15907,17795,15875,17747,14211,17563,13611,17547,13491,16427,10611,14075,8699,13371,6707,12531,3475,11435,3443,7891,2539,6955,1627,6971,1609,6978,0}"
12618,pzVc173P,white,Drac25,desideriusP,win,resign,959,855,104,standard,blitz,blitz,180,2,3+2,lichess.org,19.0,-2.62,42.0,,21/09/25 03:19,2025-09-21 06:25:09.607+00,323.005,B06,Modern Defense,Modern Defense,2,4,3040,7.13,,,,,-4,10459,3.77,,,,,42,21,e4 g6 Nf3 f6 d4 e5 dxe5 fxe5 Nxe5 Bg7 Bf4 c6 Bc4 Qa5+ Nc3 Bxe5 Bxe5 Qxe5 Qf3 Nf6 O-O b5 Bb3 a5 a4 Rf8 Qe3 Ba6 axb5 cxb5 Rxa5 b4 Rxe5+ Kd8 Nd5 Bxf1 Kxf1 Ng4 Qg5+ Nf6 Nxf6 Rxf6,"{18003,18003,17043,18203,16883,18403,16371,18499,16411,17779,15227,17747,14867,17731,13227,17467,12939,17467,12875,16795,12115,16003,11691,15907,10723,15723,6699,13979,6099,13851,4379,13139,4355,12667,3699,11547,3459,11187,3355,10851,3267,10459,3040}"
12619,yQbJlIxv,black,Drac25,desideriusP,win,resign,955,859,96,standard,blitz,blitz,180,2,3+2,lichess.org,21.0,-3.78,32.0,,21/09/25 03:12,2025-09-21 06:19:26.199+00,407.059,A00,Grob Opening: Grob Gambit,Grob Opening,3,4,6435,3.62,,,,,-4,3340,4.44,,,,,66,33,g4 d5 Bg2 Bxg4 h3 Bh5 f3 Nf6 e4 dxe4 Nc3 exf3 Nxf3 Nc6 Nb5 Ne5 O-O Nxf3+ Bxf3 Bxf3 Qxf3 c6 Nc3 e6 d3 Bc5+ Be3 Bxe3+ Qxe3 Qb6 Qxb6 axb6 Rad1 O-O d4 Nd5 Ne4 Ne3 Ng3 Nxd1 Rxd1 Rxa2 Rb1 c5 dxc5 bxc5 c4 g6 Ne4 b6 Kf2 Rfa8 Ke2 Ra1 Rxa1 Rxa1 Kd2 Rh1 Nf2 Rh2 Ke2 f5 b4 cxb4 Kf1 b3,"{18003,18003,18203,17795,18171,17475,18115,17091,18219,16091,18139,15875,18163,14707,16851,13843,15971,12979,15867,12587,15747,12027,14923,11099,14547,10587,14115,10307,14179,10115,12267,10171,10971,10011,11067,9563,10643,9379,8019,9307,7987,9187,7547,9163,7443,8923,6603,8435,6371,8347,6163,8267,5931,8267,5603,8227,5411,8019,5099,7667,5211,6579,4883,6595,4571,6435,3340}"
12620,vWE1cmeg,black,Drac25,inch501,win,outoftime,951,840,111,standard,blitz,blitz,180,2,3+2,lichess.org,12.0,0.43,42.0,,21/09/25 03:03,2025-09-21 06:11:22.41+00,451.104,C45,Scotch Game: Classical Variation,Scotch Game,8,4,3709,5.29,,,,,-4,0,6.43,,,,,56,28,e4 e5 Nf3 Nc6 d4 exd4 Nxd4 Bc5 Nxc6 dxc6 Qxd8+ Kxd8 Bc4 Nf6 Bxf7 Nxe4 Nc3 Bxf2+ Ke2 Bb6 Nxe4 Bf5 Ng5 Bxc2 Bf4 Kd7 Be6+ Ke7 Rac1 Bg6 Rcd1 Rhe8 Rd7+ Kf6 g4 h6 Kf3 hxg5 Bxg5+ Kxg5 Rxg7 Rxe6 Kg3 Bd4 h4+ Kf6 Rxc7 Re3+ Kf4 Rae8 g5+ Ke6 Rg7 Rf8+ Kg4 Bf5+,"{18003,18003,18043,18051,17971,17843,18003,17971,17971,18003,17387,17579,17379,17307,17443,17051,16595,16067,16531,15163,16459,14771,15683,14507,13651,14275,13123,13555,12779,12019,12059,10747,11995,10083,10131,8875,3611,7851,2179,7171,1643,6603,1547,6379,1579,6035,984,5307,976,4243,1067,4043,1003,3883,680,3709,0}"
12621,MIOdMDLX,black,Drac25,Kirdneh123,win,resign,947,835,112,standard,blitz,blitz,180,2,3+2,lichess.org,19.0,-0.76,56.0,,21/09/25 02:55,2025-09-21 06:03:04.853+00,451.686,D06,Queen's Gambit Declined: Marshall Defense,Queen's Gambit Declined,4,4,4210,4.93,,,,,-6,798,5.93,,,,,58,29,d4 d5 c4 Nf6 cxd5 Nxd5 e4 Nb6 Nf3 Bg4 Bb5+ c6 Ba4 Nxa4 Qxa4 e6 e5 Bxf3 gxf3 Qd5 Be3 Qxf3 Nd2 Qxh1+ Nf1 Qd5 b3 Na6 b4 Bxb4+ Ke2 Qc4+ Kf3 Qd5+ Ke2 O-O Ng3 Qb5+ Qxb5 cxb5 Ne4 f6 Bf4 f5 Ng5 Nc7 Rc1 Ba5 h4 Rac8 h5 h6 Nf3 Nd5 Rg1 Nxf4+ Ke3 Nxh5,"{18003,18003,17715,17947,17427,17787,17579,17123,17355,16811,16795,16443,16827,15547,16771,15019,16523,14611,16331,13891,14923,13587,14411,10747,14003,10427,13211,9787,11411,9763,11251,8579,11299,8227,11187,8155,8355,7363,8243,7411,7899,6363,6323,6059,5883,5243,4843,4331,3051,4219,2715,4251,1787,4235,1819,4187,1507,4210,798}"
13401,JKfklw6Z,white,Drac25,G4bEmann346,win,resign,964,998,-34,standard,blitz,blitz,300,0,5+0,lichess.org,15.0,5.69,,,01/07/25 21:29,2025-07-02 00:32:32.745+00,154.073,B20,Sicilian Defense,Sicilian Defense,2,6,23288,6.71,4.0,0.0,0.0,85.0,-6,22745,7.26,0.0,3.0,1.0,58.0,21,11,e4 c5 Qh5 Qa5 Bc4 e6 Nf3 g6 Qg4 h5 Qf4 Qb4 Ne5 Bh6 Qxf7+ Kd8 Qxg6 Qxd2+ Bxd2 Bxd2+ Nxd2,"{30003,30003,29931,28339,29347,27707,27979,27547,27075,26475,26739,23963,25635,23531,25275,23275,23707,22955,23507,22803,23288,22745}"
12622,WeZVckE0,white,Drac25,Ylyana_Afanasenkova,loss,mate,951,1036,-85,standard,blitz,blitz,180,2,3+2,lichess.org,22.0,-1.16,,,21/09/25 02:49,2025-09-21 05:55:13.677+00,332.798,C20,"King's Pawn Game: Wayward Queen Attack, Kiddie Countergambit",King's Pawn Game,4,-4,715,10.17,2.0,0.0,3.0,42.0,12,9712,4.88,2.0,0.0,4.0,65.0,36,18,e4 e5 Qh5 Nf6 Qxe5+ Be7 Bc4 Nc6 Qc3 Nxe4 Qxg7 Rf8 Qxh7 Nf6 Qf5 d5 Qd3 Nb4 Bb5+ Bd7 Bxd7+ Qxd7 Qc3 d4 Qc4 b5 Qb3 Nxc2+ Qxc2 Qe6+ Kf1 Ng4 d3 Qf6 Nd2 Qxf2#,"{18003,18003,18051,18083,17635,17939,16243,17803,15587,17563,15667,17491,14043,16435,11667,15867,6163,13875,5675,13627,5579,12515,3707,11747,3035,10523,2339,10115,2179,10019,1779,9803,1035,9875,715,9712}"
12623,6h1i2AVr,white,Drac25,Lord_McDowell,win,outoftime,946,934,12,standard,blitz,blitz,180,2,3+2,lichess.org,25.0,5.49,38.0,,19/09/25 20:32,2025-09-19 23:39:04.918+00,422.586,C02,"French Defense: Advance Variation, Nimzowitsch System",French Defense,7,5,7987,3.13,,,,,-5,0,5.63,,,,,65,33,e4 e6 d4 d5 e5 c5 Nf3 Ne7 dxc5 Nec6 Be3 Qa5+ Nc3 Nb4 Bb5+ Bd7 Bxd7+ Nxd7 Bd2 d4 Nd5 Nxc5 a3 Nxd5 Bxa5 b6 Bb4 Nf4 O-O Ne4 Bxf8 Kxf8 g3 Nh3+ Kg2 Nhg5 Nxg5 Nxg5 Qxd4 g6 c4 Kg7 Qf4 h6 h4 Nh7 b4 g5 hxg5 hxg5 Qxg5+ Nxg5 c5 Rh7 Rh1 b5 c6 Rc8 Rac1 a6 c7 Ne4 Rhd1 f5 Rd8,"{18003,18003,17875,18075,17891,17619,17899,17259,17547,16755,16963,16067,16043,16107,15843,15987,15859,16091,15555,15339,15603,13867,15475,13803,15459,13795,15475,13099,14659,11267,13947,9491,14027,9459,14011,7411,13651,7507,13507,7443,12931,7499,12355,6363,12403,4771,11371,3347,11307,3371,11379,3443,10011,3395,9499,2307,8683,2259,8675,2171,7987,2147,7955,1628,7987,0}"
12624,ernRikov,black,Drac25,Lord_McDowell,loss,mate,952,928,24,standard,blitz,blitz,180,2,3+2,lichess.org,24.0,-7.33,40.0,,19/09/25 20:24,2025-09-19 23:31:53.221+00,452.531,C20,Barnes Opening: Walkerling,Barnes Opening,5,-6,2398,3.39,,,,,6,10221,1.66,,,,,95,48,e4 e5 Bc4 Nf6 f3 d5 Bb5+ c6 Nc3 cxb5 Nxb5 a6 Nc3 dxe4 fxe4 Bg4 Nce2 Nxe4 Nh3 Qf6 Nef4 Bxd1 Kxd1 exf4 Rf1 Bd6 d3 Ng5 Nxf4 Bxf4 Bxf4 Qxb2 Kd2 f6 Rae1+ Kf7 Bxg5 Kg6 h4 fxg5 g4 Qb4+ c3 Qxg4 hxg5 Qg2+ Re2 Qxe2+ Kxe2 Kxg5 Rg1+ Kf6 Kd2 Nc6 Rf1+ Kg6 c4 Rhf8 Rg1+ Kf7 Kc3 Kg8 d4 Rae8 c5 Ne7 Kc4 Rc8 Re1 Nc6 d5 Na5+ Kd4 Rcd8 d6 b6 cxb6 Rxd6+ Kc5 Rxb6 Kxb6 Nc4+ Kxa6 Ra8+ Kb5 Nd6+ Kb4 Rxa2 Kc5 Nb7+ Kc6 Nd8+ Kc7 Nf7 Re8#,"{18003,18003,18099,17795,18203,17819,18147,17603,17907,17211,17995,16915,17659,16227,17643,15811,16987,14963,16795,12243,15811,12027,15835,11747,15747,9611,15659,8811,15379,8579,15403,7299,15403,6219,15387,5923,15203,5635,14779,5595,14579,4899,14379,4915,13827,4243,13555,3835,13595,3923,13459,3947,13315,3923,13131,3915,13067,3635,12491,3683,12315,3307,12163,3179,11971,3003,12035,2603,11811,2555,11771,2651,11835,2379,11883,2411,11307,2451,11323,2595,11427,2723,11443,2595,11275,2435,11155,2435,10395,2371,10435,2395,10355,2398,10221}"
12625,6tU5IHb0,white,Drac25,Lord_McDowell,loss,mate,958,922,36,standard,blitz,blitz,180,2,3+2,lichess.org,26.0,-5.31,,,19/09/25 20:21,2025-09-19 23:24:06.945+00,173.743,B01,Scandinavian Defense: Mieses-Kotroc Variation,Scandinavian Defense,4,-6,10090,5.65,,,,,6,15364,1.89,,,,,30,15,e4 d5 exd5 Qxd5 Nc3 Qe6+ Qe2 Qc6 h3 Nf6 f3 Bf5 d3 Nd5 Nxd5 Qxd5 Bg5 e6 g4 Bg6 a3 Nc6 O-O-O Qxg5+ Qd2 Qc5 d4 Nxd4 Qxd4 Qxc2#,"{18003,18003,17891,18107,18011,17987,17619,17979,16483,17851,16347,17835,15939,17699,15819,17547,14971,16987,14203,16795,12923,16835,11387,16299,10587,15675,10299,15771,10090,15364}"
12626,2y4Papsk,black,Drac25,Lord_McDowell,win,resign,953,927,26,standard,blitz,blitz,180,2,3+2,lichess.org,28.0,-6.42,48.0,,19/09/25 20:15,2025-09-19 23:20:55.736+00,349.285,C50,Italian Game: Giuoco Pianissimo,Italian Game,7,5,3295,5.88,,,,,-5,9866,3.13,,,,,52,26,e4 e5 Bc4 Nc6 d3 Bc5 Nf3 d6 Bxf7+ Kxf7 Ng5+ Ke7 Qf3 Nf6 Nc3 Nd4 Nd5+ Ke8 Nxf6+ gxf6 Qh5+ Kd7 Nf7 Qe8 Qh3+ Kc6 Nxe5+ dxe5 Qh6 Nxc2+ Kd2 Nxa1 Qxf6+ Kb5 b3 Rf8 a4+ Ka5 Qh4 Nxb3+ Kc2 Qxa4 f3 Nxc1+ Kxc1 Qa1+ Kc2 Qxh1 Qf2 Bxf2 d4 Bxd4,"{18003,18003,18123,18067,18251,18019,17027,17355,17083,17219,17171,15987,17083,15963,16731,15523,16563,14563,16203,14315,15795,13635,15803,12115,15323,11379,14779,11131,14475,10923,14267,10611,14003,9635,13659,8595,13651,7803,12547,7219,12371,6307,12147,4595,12035,4603,12027,4707,9971,4299,10011,3295,9866}"
12627,1dOoO46r,white,Drac25,Lord_McDowell,win,outoftime,947,932,15,standard,blitz,blitz,180,2,3+2,lichess.org,20.0,2.13,57.0,,19/09/25 20:05,2025-09-19 23:13:37.919+00,513.582,B01,Scandinavian Defense,Scandinavian Defense,2,6,3655,2.81,,,,,-5,0,3.53,,,,,103,52,e4 d5 Qf3 d4 Bc4 Nh6 d3 f6 Bxh6 gxh6 Qh5+ Kd7 Nf3 e5 Qf5+ Ke7 Qh5 Nc6 Qf7+ Kd6 Qd5+ Ke7 Qxd8+ Kxd8 c3 dxc3 bxc3 Bd6 O-O Rg8 h3 h5 Nh4 f5 exf5 Rf8 Nd2 Bxf5 Nxf5 Rxf5 Ne4 Be7 Be6 Rf6 Bd5 Rh6 Rab1 Na5 Rb5 b6 Bxa8 Kd7 Rxe5 Bd6 Rd5 c5 Rxd6+ Kc7 Rxh6 Kb8 Bd5 Kc7 Rxh7+ Kb8 c4 Kc8 Rxa7 Kb8 Rxa5 bxa5 Nxc5 Kc7 Nb3 Kb6 Nxa5 Kxa5 Bf7 Kb6 Bxh5 Kc5 Re1 Kd4 f4 Kxd3 Kf1 Kxc4 f5 Kc3 f6 Kb2 f7 Kxa2 f8=Q Kb2 Kg1 Kc3 Qd8 Kc2 Re7 Kc3 Rc7+ Kb4 Qb8+,"{18003,18003,15387,17331,15435,17187,15379,16491,12955,16163,13051,15859,11731,15907,10043,14163,9731,13923,9563,13731,8811,13627,8483,13739,8483,13763,8539,12907,8195,12907,8059,12971,7987,12659,7587,12299,6883,11339,6475,11403,6355,10803,5787,9523,4603,8507,3323,8235,3059,8115,2979,6091,2595,6131,2531,4763,2483,4691,2531,4499,2619,4587,2675,4523,2715,4379,2547,4371,2571,4475,2691,4555,2523,4675,2571,4795,2643,4915,2731,5011,2867,5115,3059,4859,3147,4931,3347,4931,3547,5027,3747,4907,3947,4739,3579,4891,3539,4939,3395,4883,3531,4929,3655,0}"
12628,jx0xrEmR,white,Drac25,caioeldvs,win,mate,941,989,-48,standard,blitz,blitz,180,2,3+2,lichess.org,22.0,-4.48,,,19/09/25 19:58,2025-09-19 23:04:32.828+00,348.147,B12,"Caro-Kann Defense: Advance Variation, Short Variation",Caro-Kann Defense,7,6,3098,5.73,,,,,-25,10236,3.11,,,,,53,27,e4 c6 d4 d5 e5 Bf5 Nf3 Nd7 Bd3 Bg6 Nh4 c5 Nxg6 hxg6 Bg5 cxd4 Bb5 a6 Ba4 Qa5+ b4 Qxa4 O-O Qxb4 e6 fxe6 Qe2 O-O-O Qxe6 Kb8 Qxd5 Ndf6 Qxd8+ Ka7 Bd2 Qb2 Ba5 e5 Qxf8 Qxa1 Qc5+ b6 Qxb6+ Ka8 Qxa6+ Kb8 Qb6+ Ka8 Qd8+ Kb7 Qb6+ Kc8 Qc7#,"{18003,18003,18043,17979,17995,18019,17787,17635,17579,17587,16339,17179,16147,17083,15891,16867,15459,16803,13883,16475,12467,16195,11571,15971,10795,15243,10411,14939,10403,14747,10075,14227,9731,14043,9515,13539,7187,11675,5987,11227,4939,10843,4891,10715,4771,10723,4339,10651,4107,10395,3595,10236,3098}"
12646,p1o7dUZ8,black,Drac25,MSVM95,win,resign,956,912,44,standard,blitz,blitz,180,2,3+2,lichess.org,18.0,0.24,29.0,,18/09/25 18:26,2025-09-18 21:30:33.346+00,261.538,C22,Center Game: Normal Variation,Center Game,6,5,11759,3.29,,,,,-5,6846,5.87,,,,,39,20,e4 e5 d4 exd4 Qxd4 Nc6 Qa4 Bc5 Nf3 d6 c4 Bg4 Be2 Bxf3 Bxf3 Qh4 O-O Nf6 Nc3 O-O Nd5 Nxd5 cxd5 Ne5 Be3 Bxe3 fxe3 Nxf3+ Rxf3 Rae8 Rf4 Qg5 Qxa7 f5 Rxf5 Qxe3+ Kf1 Qxa7 h3,"{18003,18003,17667,17643,17715,17787,17747,16203,16987,15699,16667,15667,16419,15451,16355,15435,16163,14867,16147,14387,13979,14395,14051,14195,13547,13363,13411,12971,13067,13019,12499,12267,11275,12291,9179,12083,7963,12115,6846,11759}"
12629,N5ixDZya,black,Drac25,caioeldvs,loss,outoftime,946,967,-21,standard,blitz,blitz,180,2,3+2,lichess.org,21.0,-0.8,47.0,,19/09/25 19:50,2025-09-19 22:58:28.885+00,495.694,D01,Rapport-Jobava System,Rapport-Jobava System,5,-5,0,4.39,8.0,0.0,4.0,65.0,22,5820,2.97,4.0,1.0,3.0,54.0,83,42,d4 d5 Bf4 Nf6 Nc3 c6 e3 Bf5 h3 e6 g4 Bg6 g5 Ne4 Nxe4 Bxe4 Rh2 Bd6 f3 Bxf4 exf4 Bf5 h4 Na6 Qe2 Qa5+ c3 g6 Bh3 Bxh3 Nxh3 Qb5 Qe5 Rf8 O-O-O Qc4 a3 Qa2 Nf2 c5 Nd3 Qa1+ Kc2 Qa2 Nxc5 Nxc5 dxc5 Qc4 Qc7 Rd8 Qxb7 d4 Qc6+ Ke7 Rxd4 Rxd4 Qc7+ Ke8 Qc6+ Ke7 Qc7+ Ke8 Qc6+ Rd7 Qa8+ Ke7 Rd2 Rxd2+ Kxd2 Qd5+ Qxd5 exd5 Kd3 Rd8 Kd4 Ke6 c6 Rc8 Kc5 f6 b4 fxg5 hxg5,"{18003,18003,18131,17779,18187,16131,17715,16051,16827,16091,16827,15499,16899,15427,16203,15467,15747,15363,14227,13723,14227,12611,14099,11451,13883,11115,13643,10523,13355,9267,13235,9219,12683,6627,12115,6051,12107,5491,11691,5035,10315,4347,9899,3843,9283,3643,9347,3395,9139,2731,8387,2787,8107,1851,8059,1427,7731,1451,7779,1531,7859,1587,7883,1275,7523,1259,6635,548,6419,577,6395,605,6427,670,6499,653,6363,616,6411,509,5835,580,5820,0}"
12630,KOsxNHDv,white,Drac25,kebbster,loss,resign,950,1099,-149,standard,blitz,blitz,180,2,3+2,lichess.org,19.0,1.13,61.0,,19/09/25 19:13,2025-09-19 22:20:26.81+00,409.191,C02,French Defense: Advance Variation,French Defense,5,-4,2265,3.93,,,,,3,10627,1.89,,,,,80,40,e4 e6 d4 d5 e5 Nc6 Bb5 a6 Bxc6+ bxc6 Nc3 Bb4 Bd2 Ne7 Nf3 h6 Ne2 Bxd2+ Qxd2 Ng6 Nf4 Nxf4 Qxf4 O-O O-O Qe7 a3 c5 c3 c4 h3 Bd7 Nh2 Ba4 Ng4 Bc2 Qg3 f6 Nxh6+ Kh7 Qh4 gxh6 Qf4 Rg8 f3 Raf8 Qd2 Bb3 Rae1 Qg7 g4 f5 Qf4 c5 Re2 cxd4 cxd4 fxg4 Qxg4 h5 Qxg7+ Rxg7+ Kh2 Rf4 Rg2 Rxg2+ Kxg2 Rxd4 Kf2 Rd2+ Ke1 Rxb2 Rg1 Rb1+ Kf2 Rxg1 Kxg1 c3 Kf1 c2,"{18003,18003,17923,18067,17963,18123,17987,18267,18067,18459,18043,18571,18067,18659,17771,18691,17195,18739,17291,18755,17019,18571,17067,18699,16587,17987,16235,18075,15915,17667,10907,17659,10595,17443,9955,17443,9747,16547,9771,16011,8915,15763,8075,15387,7731,14539,6963,14227,6699,14235,6611,14131,5587,13195,4203,13123,4131,12371,4219,11547,3763,11611,3891,10051,3683,9731,3643,9779,3571,9883,3531,10003,2771,10107,2707,10227,2779,10427,2827,10627,2265}"
12631,y2rB9Hby,black,Drac25,darkprinceee,win,mate,946,795,151,standard,blitz,blitz,180,2,3+2,lichess.org,14.0,-0.5,52.0,,19/09/25 19:04,2025-09-19 22:12:51.192+00,514.067,C46,Three Knights Opening,Three Knights Opening,6,4,5579,2.48,,,,,-10,1553,3.29,,,,,102,51,e4 e5 Nf3 Nc6 Nc3 Bb4 Bb5 Bxc3 dxc3 Nge7 a4 a6 Bxc6 Nxc6 Bg5 f6 Bh4 d6 O-O Bg4 h3 Bh5 g4 Bg6 Qd3 O-O a5 Ne7 Ra4 c5 b3 Rc8 b4 cxb4 cxb4 d5 exd5 Bxd3 cxd3 Nxd5 g5 Nc3 Ra3 e4 dxe4 Nxe4 Re3 Re8 gxf6 Nxf6 Rxe8+ Qxe8 Rd1 Qe3 fxe3 Rf8 Rd6 Ne4 Be7 Nxd6 Bxd6 Rxf3 b5 axb5 e4 Rxh3 e5 Ra3 Bxa3 Kf7 Kf2 Ke6 Ke3 Kxe5 Kd3 h5 Kc3 g5 Kb4 g4 Bc1 g3 Be3 g2 Kxb5 h4 Kb6 h3 Kxb7 h2 a6 h1=Q a7 g1=Q+ Ka6 Qa8 Ka5 Qxe3 Ka6 Qb3 Ka5 Qxa7#,"{18003,18003,18203,18027,18275,17675,18035,17627,18091,17523,17195,16867,15875,16379,14747,16139,14603,15299,14011,15363,13891,15323,13539,15291,12043,14875,11635,12947,11051,12955,10923,12795,10603,12251,10803,10651,10379,10667,10155,10363,9651,9595,9059,8659,8563,8371,7019,8251,5163,8051,3419,8083,3387,7731,3427,7115,3091,6803,2707,6435,2763,6459,2267,6419,1803,6355,1899,5979,1899,5875,1219,5979,1419,6099,1395,6051,1507,6043,1707,5835,1811,5931,1875,5979,1795,5931,1675,6011,1675,6107,1875,6115,2075,6019,1963,5987,1611,5995,1491,5683,1553,5579}"
12632,x8NzRBoO,white,Drac25,Quaepsele,loss,resign,951,993,-42,standard,blitz,blitz,180,2,3+2,lichess.org,24.0,1.89,,,19/09/25 19:01,2025-09-19 22:04:00.697+00,158.332,C00,Rat Defense: Small Center Defense,Rat Defense,4,-5,11306,5.15,,,,,5,13515,3.74,,,,,26,13,e4 e6 d4 d6 Bc4 Nf6 e5 d5 Bb5+ c6 Ba4 Ne4 Nh3 b5 Bb3 Bb4+ c3 Be7 Nd2 Bh4 Bc2 Ba6 b4 Nxc3 Bb2 Nxd1,"{18003,18003,17971,18027,17131,17995,16731,18075,15771,18163,15899,18147,15339,17971,15339,17331,15379,17179,15035,16747,13731,14243,13331,13659,12451,13515,11306}"
12633,2Q9oFQWo,black,Drac25,Quaepsele,loss,resign,956,987,-31,standard,blitz,blitz,180,2,3+2,lichess.org,16.0,2.45,58.0,,19/09/25 18:52,2025-09-19 22:00:59.773+00,491.052,C60,Ruy Lopez,Ruy Lopez,5,-5,367,5.34,,,,,6,1571,4.98,,,,,67,34,e4 e5 Nf3 Nc6 Bb5 h6 Bxc6 dxc6 Nxe5 Be6 c3 f6 Ng6 Rh7 Nxf8 Kxf8 d4 f5 Qf3 Nf6 exf5 Bxf5 Qxf5 Qe7+ Be3 Kg8 Nd2 Re8 O-O-O b6 g4 Rf8 h4 Nd5 Qd3 Nxe3 fxe3 c5 g5 cxd4 exd4 c5 gxh6 g6 h5 g5 Rdg1 Rxh6 Ne4 g4 Rxg4+ Kh8 Rg6 Rh7 Rhg1 Rg8 Ng5 Rxg6 Nf7+ Qxf7 Rxg6 Qg7 Rxg7 Rxg7 dxc5 bxc5 Qd8+,"{18003,18003,18019,18043,17987,17547,17955,17619,18027,16115,17331,16171,16211,15971,16083,15619,15123,15203,14595,14283,13931,14251,13947,13467,13771,12883,13283,11939,12051,11083,10611,10571,9611,9283,8819,8523,8771,7859,7747,6979,7587,6859,4923,6427,4859,3339,4683,1179,4091,661,4123,569,2939,400,2435,460,2203,387,1507,373,1531,415,1563,460,1635,518,1571,367}"
12634,EorZaVW9,black,Drac25,Carloseperola,loss,mate,960,1110,-150,standard,blitz,blitz,180,2,3+2,lichess.org,21.0,-0.12,52.0,,19/09/25 18:44,2025-09-19 21:52:36.326+00,488.103,C45,Scotch Game: Blumenfeld Attack,Scotch Game,11,-4,638,5.99,3.0,1.0,3.0,72.0,4,679,5.77,2.0,2.0,1.0,86.0,61,31,e4 e5 Nf3 Nc6 d4 exd4 Nxd4 Bc5 Be3 Qf6 Nb5 Bb4+ N1c3 Bxc3+ bxc3 Kd8 Qd2 h6 Bd4 Qg6 Bd3 a6 e5 Nxd4 Bxg6 Nxb5 Bxf7 Ne7 O-O d6 exd6 Nxd6 Bb3 Re8 c4 Bd7 c5 Ne4 Qf4 Nxc5 Rad1 Ne6 Qf7 Rf8 Qh5 c6 Bxe6 Kc7 Rfe1 Rad8 Bxd7 Rxd7 Rxd7+ Kxd7 Rd1+ Kc7 Qe5+ Kc8 Qxe7 Rd8 Rxd8#,"{18003,18003,18075,18091,18123,17995,18211,17315,18171,16835,16635,14635,13859,10803,12963,8139,8467,7339,6419,6003,4259,4307,3011,3675,2371,3075,2195,2995,2115,2915,2123,2835,1875,2363,1947,2091,2019,1771,1443,1123,1323,875,1251,689,683,728,751,658,750,581,770,601,832,660,890,653,838,623,943,638,679}"
12635,zON3O1J5,white,Drac25,MayarAlsheikh,loss,outoftime,966,924,42,standard,blitz,blitz,180,2,3+2,lichess.org,19.0,0.38,,,18/09/25 22:10,2025-09-19 01:14:02.522+00,214.363,C20,King's Pawn Game: Wayward Queen Attack,King's Pawn Game,3,-6,0,16.37,,,,,7,10091,7.91,,,,,22,11,e4 e5 Qh5 Nc6 Bc4 Nh6 c3 d6 Qe2 f5 d3 f4 Qh5+ g6 Qe2 Qh4 g3 fxg3 fxg3 Qf6 Nf3 Bg4,"{18003,18003,18051,18203,18051,17891,17603,16611,15571,13731,14731,13531,12643,12979,12043,11899,9795,11491,9755,10459,9333,10091,0}"
12636,MNltz4hd,white,Drac25,vascochess1,loss,resign,972,954,18,standard,blitz,blitz,180,2,3+2,lichess.org,,,,,18/09/25 22:09,2025-09-19 01:09:52.052+00,37.594,C20,King's Pawn Game: Wayward Queen Attack,King's Pawn Game,3,-6,14487,8.79,,,,,6,16606,4.66,,,,,8,4,e4 e5 Qh5 Nc6 Bc4 g6 f3 gxh5,"{18003,18003,18107,17555,17987,17371,17747,16606,14487}"
12637,fpzTFsbW,white,Drac25,ohmyshoulder,loss,mate,979,877,102,standard,blitz,blitz,180,2,3+2,lichess.org,18.0,5.14,38.0,,18/09/25 21:09,2025-09-19 00:20:57.5+00,676.832,C20,King's Pawn Game: Wayward Queen Attack,King's Pawn Game,3,-7,7356,1.33,,,,,7,1988,2.0,,,,,162,81,e4 e5 Qh5 d6 Bb5+ Nc6 Bc4 Qf6 Nc3 Be6 Nd5 O-O-O Nxf6 Nxf6 Qd1 Nxe4 Bxe6+ fxe6 d3 Nf6 Bg5 d5 Bxf6 gxf6 Qf3 Be7 Nh3 Nd4 Qd1 f5 O-O Rhg8 g3 e4 dxe4 dxe4 Qxd4 Rxd4 c3 Rdd8 Nf4 Bh4 Nxe6 Rd2 b4 Bf6 Nd4 e3 fxe3 Bxd4 exd4 Rd3 Rac1 b6 Rxf5 a5 bxa5 bxa5 Rxa5 Kb7 Rb5+ Kc6 Rc5+ Kd6 Rb5 Re8 c4 Rxd4 c5+ Kd5 c6+ Kd6 Kg2 Rd2+ Kh3 Re6 a4 Rh6+ Kg4 Ke6 Rf1 Rd4+ Rf4 Rxf4+ gxf4 Rxh2 Re5+ Kf6 a5 Ra2 Rd5 Ke6 Rh5 Kd6 f5 Rxa5 f6 Rxh5 Kxh5 Ke6 Kh6 Kxf6 Kxh7 Ke6 Kg6 Kd6 Kf5 Kxc6 Ke5 Kc5 Ke4 c6 Kd3 Kb4 Kc2 c5 Kb2 c4 Kc2 Kc5 Kc3 Kb5 Kb2 Kb4 Kc2 c3 Kd3 Kb3 Kd4 Kb2 Kd3 c2 Kd2 c1=Q+ Kd3 Qc3+ Ke4 Qc5 Kd3 Kb3 Ke4 Kc4 Kf4 Qd5 Ke3 Qd4+ Kf3 Kd3 Kg3 Qe4 Kh3 Ke3 Kg3 Ke2 Kh3 Kf3 Kh2 Qe2+ Kh3 Qg2+ Kh4 Qg4#,"{18003,18003,18115,16595,17779,16467,17755,15131,17539,14779,17235,14523,17251,14499,17083,14475,17027,14531,16507,14547,16339,14579,16403,14659,16211,14467,16027,14147,15627,13795,14523,12043,13723,11787,13635,11891,13659,11899,13131,11563,13171,11291,13019,10275,12267,9763,11315,9587,11171,9491,10411,8771,10083,8723,10059,8275,9651,8235,9387,8347,9227,8427,9147,8339,8115,7763,8035,7771,7859,7715,7339,7571,7027,7547,6867,7275,6779,5739,6715,3883,5931,3763,5211,2763,5259,2643,5099,2499,3795,1739,2971,1635,2603,1323,2259,1347,1939,1411,1299,1507,606,1403,5307,1491,5475,1603,5675,1715,5819,1795,5795,1915,5899,1907,6003,2035,6059,2147,6203,2059,6275,2083,6067,2155,6179,2107,6115,2203,6027,2291,6195,2411,6323,2443,6427,2523,6507,2443,6627,2523,6747,2571,6803,2619,6915,2635,7019,2707,7099,2755,7027,2827,7027,2883,7107,2811,7179,2587,7283,2075,7356,1988}"
12638,zdOh6kxt,black,Drac25,ohmyshoulder,loss,mate,987,869,118,standard,blitz,blitz,180,2,3+2,lichess.org,15.0,-0.29,,,18/09/25 21:04,2025-09-19 00:09:33.127+00,275.684,C44,King's Knight Opening: Normal Variation,King's Knight Opening,4,-8,7806,4.43,,,,,8,11353,2.77,,,,,49,25,e4 e5 Nf3 Nc6 d3 Bc5 Be3 Bxe3 fxe3 d6 Nc3 Bg4 h3 Bxf3 gxf3 Qh4+ Kd2 O-O-O f4 exf4 exf4 Qxf4+ Ke1 Qg3+ Kd2 Nd4 Be2 Qf4+ Ke1 Nxe2 Nxe2 Qf3 Kd2 Qf6 Qf1 Qxb2 Rb1 Qxa2 Ra1 Qe6 Rxa7 Nf6 Qb1 b6 Qb5 Nd7 Qa6+ Kb8 Qb7#,"{18003,18003,18139,17603,18115,17475,18171,17379,18219,17235,18275,17259,18299,17331,18371,17347,18379,17131,18131,16467,18139,16395,17851,15811,17587,14955,17107,14563,17011,13363,17027,13139,16939,12515,16851,12371,16803,12291,16051,11459,15963,10891,12979,10803,12619,10043,11571,7806,11353}"
12639,uykOIc2y,white,Drac25,abdielpty,win,outoftime,982,963,19,standard,blitz,blitz,180,2,3+2,lichess.org,21.0,0.37,55.0,,18/09/25 20:54,2025-09-19 00:03:44.35+00,562.769,C20,King's Pawn Game: Wayward Queen Attack,King's Pawn Game,3,5,699,3.93,,,,,-6,0,4.09,,,,,89,45,e4 e5 Qh5 Nc6 Bb5 g6 Qg4 d6 Bxc6+ bxc6 Qg3 Nf6 f3 d5 d3 dxe4 dxe4 Bb4+ Bd2 Bxd2+ Nxd2 Qd7 O-O-O O-O Qg5 Nh5 g4 Nf4 Qxe5 Qd6 Qg5 f6 Qh6 Be6 Nb3 g5 Rxd6 cxd6 Nd4 Bxa2 Nxc6 Rf7 Nd4 Rg7 Qxf6 Rg6 Qe7 Rf8 Nge2 Rf7 Qd8+ Kg7 Qa5 Nxe2+ Nxe2 Rxf3 Rd1 Bf7 Rxd6 Rf1+ Kd2 Rxd6+ Ke3 Bc4 Qe5+ Rdf6 Nd4 Re1+ Kd2 Rh1 Kc3 Rxh2 Qe7+ Rf7 Qxg5+ Kh8 Kxc4 Rh6 Qe5+ Kg8 g5 Rg6 Ne6 Rf2 Qb8+ Kf7 Qd6 Rxc2+ Kd5,"{18003,18003,18091,18107,17747,18115,17107,17787,17163,17683,15939,17091,14795,16963,14603,15851,14163,14243,14107,13395,14147,13155,13539,12315,13131,11059,12315,10971,10595,9235,8859,8371,7411,6715,6347,6803,6195,6747,4139,6091,3123,4035,1731,4107,1427,2867,1163,2235,1139,1819,1163,1779,1107,1563,1187,1531,1187,1211,1107,1259,1107,1379,1251,1211,1187,929,1067,804,980,855,961,851,760,791,804,778,884,599,967,461,1059,501,996,262,858,304,659,385,699,0}"
12640,V70t0tt5,white,Drac25,TGibby,win,resign,975,1056,-81,standard,blitz,blitz,180,2,3+2,lichess.org,17.0,5.2,44.0,,18/09/25 20:49,2025-09-18 23:53:58.583+00,247.116,C20,King's Pawn Game: Wayward Queen Attack,King's Pawn Game,3,7,8245,4.24,,,,,-7,13469,1.97,,,,,47,24,e4 e5 Qh5 Qf6 Nc3 d6 Nd5 Qg6 Qxg6 fxg6 Nxc7+ Kd7 Nxa8 b6 Bb5+ Nc6 Bxc6+ Kxc6 Nxb6 Kxb6 Nf3 Ba6 d3 Nf6 Be3+ Kc6 Bxa7 h5 Ng5 Be7 h4 d5 f3 dxe4 fxe4 Ng4 Nf7 Rf8 Rf1 Ne3 Nxe5+ Kd6 Bxe3 Rxf1+ Kxf1 Bxh4 Nxg6,"{18003,18003,17603,17931,17163,17707,17131,17267,16683,17387,16795,17531,16627,17219,16483,16787,14323,16739,14219,16763,14003,16835,13955,16891,13827,16747,13579,16331,12347,16299,12195,16219,12251,16299,11603,15523,10235,15339,10155,15227,9219,14363,8595,14275,8571,14355,8245,13469}"
12641,GjT9YIDQ,black,Drac25,jackmills1992,win,mate,970,893,77,standard,blitz,blitz,180,2,3+2,lichess.org,21.0,0.55,,,18/09/25 20:43,2025-09-18 23:49:19.837+00,371.908,D00,Queen's Pawn Game: Accelerated London System,Queen's Pawn Game,3,5,3077,7.11,,,,,-5,5360,6.02,,,,,44,22,d4 d5 Bf4 Nc6 Nf3 f6 h3 e6 e3 a6 c3 g5 Bh2 Nh6 Bd3 Bd6 Nbd2 Bxh2 Nxh2 e5 Qe2 Qe7 O-O-O exd4 Qh5+ Nf7 Rde1 dxc3 bxc3 Qa3+ Kd1 Ne5 Bb1 Qxc3 Ke2 Bd7 Kf1 Nd3 Re2 Nb2 Nb3 Bb5 Nd4 Qc1#,"{18003,18003,18107,17979,18171,17675,17995,16491,18027,16019,18107,15571,18115,14619,17691,13443,17107,13459,17219,12699,16923,11827,16659,11883,16243,11651,15443,10083,15291,9787,15227,8067,14707,6891,10067,5723,9955,5499,9795,4371,8995,4051,5360,3077}"
12642,nBkGLyJP,white,Drac25,jackmills1992,win,mate,966,897,69,standard,blitz,blitz,180,2,3+2,lichess.org,,-1.64,,,18/09/25 20:40,2025-09-18 23:42:52.697+00,126.623,C02,"French Defense: Advance Variation, Nimzowitsch System",French Defense,7,4,11976,7.53,,,,,-4,16496,2.15,,,,,17,9,e4 d5 e5 e6 d4 c5 Nf3 c4 Bd2 g6 Ng5 Bh6 h4 Nc6 Qf3 Nxd4 Qxf7#,"{18003,18003,17667,17643,17395,17635,17027,17243,15475,17355,13427,17091,12411,16547,12155,16496,11976}"
12643,zZaSiAbQ,white,Drac25,edgar_cu,loss,outoftime,971,978,-7,standard,blitz,blitz,180,2,3+2,lichess.org,18.0,0.44,46.0,,18/09/25 20:32,2025-09-18 23:40:07.373+00,451.425,C02,"French Defense: Advance Variation, Nimzowitsch System",French Defense,7,-5,0,7.2,,,,,6,1453,6.9,,,,,50,25,e4 e6 Nf3 d5 e5 c5 d4 Bd7 Nc3 Nc6 Bb5 Qb6 dxc5 Bxc5 O-O a6 Ba4 Nh6 Be3 Bxe3 fxe3 Qxb2 Qd2 Qb6 Rab1 Qc7 Ng5 Nxe5 Bxd7+ Qxd7 Qf2 O-O Qe2 Qe7 Nf3 Qd6 e4 Rac8 Nxe5 Qxe5 exd5 Qxc3 Rxb7 Rfe8 Rbxf7 Nxf7 dxe6 Qc5+ Kh1 Ng5,"{18003,18003,17483,18203,17587,18267,17579,18259,16619,18155,16443,18043,16243,17587,13699,16675,13275,15563,13299,14835,12795,14859,11563,12627,10219,12379,9547,11899,9219,11259,8515,11043,7787,9203,6219,7147,6187,5883,4971,5443,4307,4131,3227,3275,1739,3059,1443,2267,1352,1453,0}"
12644,0sxGKwJI,black,Drac25,NathanRaux,win,resign,966,903,63,standard,blitz,blitz,180,2,3+2,lichess.org,15.0,1.04,,,18/09/25 20:28,2025-09-18 23:32:14.4+00,211.265,C50,Italian Game: Paris Defense,Italian Game,6,5,9005,5.62,,,,,-5,13576,2.6,,,,,34,17,e4 e5 Nf3 Nc6 Bc4 d6 d3 Be6 Nc3 Bxc4 dxc4 Nd4 Be3 Nxf3+ Qxf3 Nf6 O-O c6 a4 a5 b3 Be7 Ne2 O-O Ng3 Qd7 Nf5 Qc7 Qg3 g6 Nh4 Nh5 Qf3 Bxh4,"{18003,18003,18123,18107,18211,17315,18219,16539,17675,16171,17795,16299,17499,16115,17547,15651,17563,14963,16891,14451,16035,14019,15579,13523,15651,11587,15171,10099,14835,9939,14475,9427,13987,9005,13576}"
12647,MJcvUwmB,black,Drac25,B032220022,win,mate,951,877,74,standard,blitz,blitz,180,2,3+2,lichess.org,22.0,2.51,68.0,,18/09/25 18:15,2025-09-18 21:25:37.558+00,596.314,A45,Queen's Pawn Game: Chigorin Variation,Queen's Pawn Game,4,5,344,3.6,,,,,-5,1955,3.28,,,,,100,50,d4 d5 Nc3 Nf6 e3 Bf5 Nf3 Bg4 h3 Bh5 g4 g6 gxh5 Nxh5 Ng5 Nf6 Qf3 h6 Nxd5 hxg5 Nxf6+ exf6 Bg2 Nc6 c4 Nb4 O-O Nc2 Rb1 Rb8 Qe4+ Be7 Qxc2 c6 e4 Qxd4 Rd1 Qe5 b4 Bd6 c5 Qh2+ Kf1 Bc7 f3 Qg3 Bb2 Qf4 Kf2 O-O Rd7 Be5 Rbd1 Qg3+ Kg1 Qh2+ Kf2 Bg3+ Ke3 Bf4+ Kd3 Rbd8 Kc3 Be5+ Kb3 Rxd7 Rxd7 Bxb2 Kxb2 Qe5+ Ka3 b6 Rxa7 bxc5 bxc5 Qb8 Ra4 Qc7 Qb2 f5 exf5 gxf5 Rb4 Qa5+ Kb3 Qxc5 Ka4 Qa7+ Kb3 c5 Rb5 Qe7 Kc4 Qe6+ Kxc5 Rc8+ Kb4 Qd6+ Ka5 Ra8#,"{18003,18003,18139,18003,18227,17491,18235,17531,18083,17483,17899,17499,17699,14331,17467,12923,16771,12291,14531,11283,12995,11299,12411,10611,12011,10539,11219,9035,11099,7731,11115,6827,11123,6723,10131,6371,9611,5539,8051,5251,7643,5115,7571,3515,5987,3267,5387,2971,5171,2499,4963,1979,4291,1995,4179,1979,4123,2051,3963,1827,3611,1475,3219,1123,3179,983,3203,881,3219,697,3035,307,2963,362,2843,245,2627,253,2571,339,2475,421,2475,323,2251,430,2067,443,2107,553,1947,421,1859,352,1867,454,1931,449,1955,344}"
12648,6yknN2rl,black,Drac25,sadeqv,win,resign,945,992,-47,standard,blitz,blitz,180,2,3+2,lichess.org,21.0,0.31,50.0,,18/09/25 18:10,2025-09-18 21:15:20.982+00,265.429,A03,Bird Opening: Dutch Variation,Bird Opening,2,6,8905,3.37,,,,,-7,13195,1.72,,,,,56,28,f4 d5 Nf3 Bf5 Nd4 e6 Nxf5 exf5 g3 d4 d3 Qd5 Rg1 Bb4+ Bd2 Nc6 c3 dxc3 Nxc3 Bxc3 Bxc3 Nf6 Qd2 O-O-O O-O-O Qxa2 Qc2 Nd5 Qb1 Qxb1+ Kxb1 Ne3 Rc1 f6 h4 Nd5 Bd2 Nd4 Bh3 g6 e4 Nb6 exf5 Nb3 fxg6+ Kb8 Rcf1 Nxd2+ Kc2 Nxf1 Rxf1 hxg6 g4 Nd5 h5 Ne3+,"{18003,18003,18107,17075,18115,16571,18123,16627,18139,16435,18179,16427,18099,16019,18059,15891,18011,15947,18035,15803,18091,15867,17899,14579,17467,14235,17171,13291,16739,12051,16747,11651,16539,11275,15939,10139,15643,9667,15347,9555,15139,8667,15091,8531,14987,8515,14163,8539,14171,8651,14115,8731,13731,8811,13779,8905,13195}"
12649,UkKCuZUP,white,Drac25,c_horo,loss,outoftime,950,949,1,standard,blitz,blitz,180,2,3+2,lichess.org,17.0,-2.16,47.0,,17/09/25 22:04,2025-09-18 01:12:00.708+00,480.492,C02,"French Defense: Advance Variation, Nimzowitsch System",French Defense,7,-5,0,5.14,,,,,5,1952,4.72,,,,,70,35,e4 d5 e5 e6 d4 c5 Nf3 Nc6 Bb5 Bd7 Be3 Nxe5 Bxd7+ Nxd7 Ne5 Nxe5 dxe5 Qb6 O-O Qxb2 Nd2 Qb6 Rb1 Qc7 Nf3 Ne7 c4 Nf5 Qa4+ Qc6 Qb3 b6 cxd5 Qxd5 Qb5+ Qd7 Qc4 Nxe3 fxe3 b5 Qb3 Rb8 Rbd1 Qc6 Rd6 Bxd6 exd6 Qxd6 Rd1 Qc6 Ne5 Qc7 Nd7 Rd8 Qxb5 Rxd7 Rxd7 Qxd7 Qc4 Qd1+ Kf2 O-O Qxc5 Qd2+ Kf3 Qxa2 g4 Qd5+ Qxd5 exd5,"{18003,18003,17939,17987,17939,18051,17827,18083,17227,17963,17059,16795,16659,16851,16859,16835,16979,16907,16499,16875,15251,15715,14923,15747,14363,15163,13875,14931,13451,14515,11363,14251,9907,14027,8515,12891,7691,12803,7667,12051,6555,11635,6403,9859,6107,9075,6139,8915,5939,8155,5875,6947,5139,6659,4091,5315,3811,5307,3803,4643,3843,4331,3211,2195,3195,2235,3083,1891,2775,1952,0}"
12650,RqUkpiPu,white,Drac25,rem21,win,mate,945,937,8,standard,blitz,blitz,180,2,3+2,lichess.org,15.0,-1.11,,,17/09/25 22:02,2025-09-18 01:03:37.098+00,69.794,C20,"King's Pawn Game: Wayward Queen Attack, Kiddie Countergambit",King's Pawn Game,4,5,16326,1.86,,,,,-6,16892,1.39,,,,,19,10,e4 e5 Qh5 Nf6 Qxe5+ Be7 Bb5 c6 Bc4 b5 Bb3 c5 d3 Nc6 Qg5 Nd5 Qxd5 Nb4 Qxf7#,"{18003,18003,18139,18083,18147,18067,18179,17787,18083,17843,17819,17395,17323,17259,17203,16891,16507,16892,16326}"
12651,ZFoo3CMB,black,Drac25,sorryforwhut,win,resign,938,1008,-70,standard,blitz,blitz,180,2,3+2,lichess.org,13.0,1.59,30.0,,17/09/25 21:58,2025-09-18 01:02:06.565+00,235.95,C46,Three Knights Opening,Three Knights Opening,6,7,9626,3.99,,,,,-7,11813,2.95,,,,,43,22,e4 e5 Nf3 Nc6 Nc3 Bb4 d4 Bxc3+ bxc3 exd4 Nxd4 Nxd4 Qxd4 Nf6 Bg5 d6 Bxf6 gxf6 O-O-O Be6 Qa4+ Bd7 Qb3 Be6 Bc4 Qd7 Qxb7 Ke7 Bxe6 fxe6 Qb5 Qxb5 Rxd6 cxd6 Rd1 Rab8 Re1 Qb1+ Kd2 Qxa2 Ra1 Qxa1 Ke3,"{18003,18003,18139,17867,18275,17883,18475,17963,18531,18059,18691,17611,18891,17163,19027,16387,19139,16451,18899,15619,18659,14723,17691,14531,17771,14067,17539,11755,13291,11443,11859,11187,11659,10907,11819,10419,11827,10411,11795,10307,11755,9987,11813,9626}"
12652,22se5LuA,black,Drac25,RobbyMac,win,resign,932,944,-12,standard,blitz,blitz,180,2,3+2,lichess.org,17.0,-0.78,42.0,,17/09/25 21:42,2025-09-18 00:49:19.18+00,434.826,C20,King's Pawn Game: Wayward Queen Attack,King's Pawn Game,3,6,2706,6.12,,,,,-5,1580,6.32,,,,,52,26,e4 e5 Qh5 Nc6 Bc4 g6 Qf3 Nf6 c3 Bc5 d3 d6 Bg5 Bg4 Qg3 h6 Bxf6 Qxf6 Qxg4 Qxf2+ Kd1 Qxb2 Qf3 Rf8 d4 Bxd4 cxd4 Qxa1 Kc2 Nxd4+ Kc1 Nxf3 Nxf3 b5 Bd5 O-O-O Nd2 c6 Nb3 Qxa2 Na5 Qxa5 Bxc6 b4 Rd1 b3 Nd2 Qc5+ Kb2 Qc2+ Ka3 Qxd1,"{18003,18003,18019,17955,17651,17963,17651,18099,17667,17339,17403,16955,17275,15419,15907,12347,15715,12339,15787,11955,15067,11883,13299,10875,8547,9851,8203,9243,7227,8603,6219,8243,6275,6491,6139,5707,5091,5419,4811,5259,3667,5027,3611,4411,2675,4067,2227,3307,2147,3187,1931,2706,1580}"
12653,vxTxHR0q,white,Drac25,Machado_xzy,loss,resign,938,910,28,standard,blitz,blitz,180,2,3+2,lichess.org,23.0,0.65,,,17/09/25 21:39,2025-09-18 00:41:50.192+00,138.62,C20,King's Pawn Game: Wayward Queen Attack,King's Pawn Game,3,-6,14595,2.27,,,,,13,13500,3.22,,,,,30,15,e4 e5 Qh5 Nc6 Bc4 g6 Qf3 Nf6 Bb5 Nd4 Qd3 Nxb5 Qxb5 Bd6 Nc3 O-O Nf3 c6 Qe2 Bb4 O-O Bxc3 dxc3 Re8 Bg5 d5 Nxe5 Rxe5 Qf3 Rxg5,"{18003,18003,17963,18075,18003,18107,18059,18211,18131,17451,17683,17139,17723,15923,17027,15819,16907,15691,15979,15587,15659,15675,15683,15403,15635,15339,15619,14995,15539,13500,14595}"
12654,onU48VWJ,black,Drac25,Machado_xzy,loss,resign,944,895,49,standard,blitz,blitz,180,2,3+2,lichess.org,,5.36,,,17/09/25 21:37,2025-09-18 00:39:20.026+00,100.27,C50,Italian Game,Italian Game,5,-6,13475,5.03,,,,,15,16770,1.37,,,,,19,10,e4 e5 Nf3 Nc6 Bc4 Qf6 c3 Bc5 d4 h6 dxc5 d6 cxd6 cxd6 Nbd2 Qg5 Nxg5 hxg5 O-O,"{18003,18003,18115,18035,18243,16603,17603,16251,16899,16115,16659,15363,16723,14691,16643,13723,16659,13659,16770,13475}"
12655,lYLp8Naw,white,Drac25,serotoninxx,loss,resign,950,970,-20,standard,blitz,blitz,180,2,3+2,lichess.org,17.0,-3.9,53.0,,17/09/25 21:29,2025-09-18 00:35:06.83+00,324.628,B20,Sicilian Defense: Bowdler Attack,Sicilian Defense,3,-6,8388,3.43,,,,,6,7504,3.89,,,,,56,28,e4 c5 Bc4 e6 Nf3 d5 Bb5+ Nc6 d3 a6 Ba4 b5 Bb3 c4 dxc4 dxc4 Qxd8+ Kxd8 Bxc4 bxc4 Nbd2 Nf6 e5 Ng4 Nxc4 Bc5 O-O Ke7 Bg5+ f6 exf6+ gxf6 Bh4 Bb7 h3 Nh6 Nfe5 Nxe5 Nxe5 Rhg8 g3 Nf5 Nd3 Bb6 b4 Nxh4 Nc5 Nf3+ Kg2 Nd2+ Kh2 Nxf1+ Rxf1 Bxc5 bxc5 Rac8,"{18003,18003,17827,18115,17627,17979,17267,17859,16675,16803,16251,16875,16267,16507,16355,16675,16387,16355,15363,16555,15355,16179,14923,16179,14387,16171,14315,14763,14323,14499,14419,14491,14027,11979,13403,12051,13051,10499,13099,10051,12323,9915,11211,8699,10539,8747,9931,8203,9059,7811,9163,7379,9235,7403,9307,7504,8388}"
12656,yudkYly9,white,Drac25,Appu3712,loss,resign,955,968,-13,standard,blitz,blitz,180,2,3+2,lichess.org,20.0,1.77,39.0,,17/09/25 21:22,2025-09-18 00:29:24.243+00,438.449,C20,"King's Pawn Game: Wayward Queen Attack, Kiddie Countergambit",King's Pawn Game,4,-5,2191,5.1,,,,,8,4377,4.54,,,,,62,31,e4 e5 Qh5 Nf6 Qxe5+ Be7 Bb5 Nc6 Bxc6 dxc6 d3 O-O Bf4 Bd6 Qg5 h6 Qg3 g5 Bxd6 cxd6 d4 Nxe4 Qb3 Be6 Qxb7 Bd5 Nc3 Nxc3 bxc3 Re8+ Ne2 Qf6 Qd7 Re7 Qg4 Be6 Qf3 Qxf3 gxf3 c5 O-O-O cxd4 Nxd4 Bxa2 Kd2 Rd8 Nf5 Re6 Ra1 Bc4 Rxa7 Rf6 Ne7+ Kg7 Nf5+ Rxf5 Re1 Be6 Ke3 Re5+ Kd4 Rxe1,"{18003,18003,18123,17811,18115,17587,17819,16963,17859,17011,17227,16859,17211,16411,16291,16203,15643,14963,14483,14555,14539,14403,12523,13923,12387,12523,11011,11595,11067,11547,10851,10907,8787,8811,8123,8051,7211,7083,7299,6643,6803,6563,6811,6435,5931,5827,5979,5619,5163,5443,4939,5147,4195,5051,3915,5035,3475,4451,2563,4459,2611,4377,2191}"
12657,vIZwyMtL,white,Drac25,Oguzhares,loss,outoftime,962,898,64,standard,blitz,blitz,180,2,3+2,lichess.org,23.0,-4.33,56.0,,17/09/25 21:13,2025-09-18 00:21:46.673+00,509.608,C20,"King's Pawn Game: Wayward Queen Attack, Kiddie Countergambit",King's Pawn Game,4,-7,0,5.0,,,,,7,1409,4.74,,,,,72,36,e4 e5 Qh5 Nf6 Qxe5+ Be7 Bc4 Nc6 Qg5 O-O d3 Nxe4 Qf4 Nf6 Nf3 d5 Bb5 Bd6 Qh4 a6 Ba4 b5 Bb3 Re8+ Be3 Ne5 Nxe5 Bxe5 d4 Bd6 c3 c6 Bc2 Bb7 O-O Rc8 Bg5 h6 Bxf6 Qxf6 Nd2 Qxh4 Nf3 Qg4 h3 Qg6 Bxg6 fxg6 b4 Rf8 Nh4 g5 Ng6 Rf6 a4 Rxg6 axb5 axb5 Rfe1 Ra8 Rab1 Bf4 g3 Bd2 Re7 Bc8 Rd1 Bxc3 Rc7 Bxb4 Rxc6 Bf8,"{18003,18003,18099,17907,17971,17571,17627,17139,17123,16251,16467,15891,15587,15019,15011,14763,15003,14787,14219,14355,13251,14427,13307,14059,13027,9363,10731,9419,10331,7947,10139,5675,9795,4443,9731,4435,9219,2715,8835,2595,7915,2467,6475,1787,6219,1875,6187,1923,5819,1371,5787,1411,5835,1411,3555,1475,3627,1483,2979,1547,1907,1507,1867,1611,1603,1371,1419,1451,531,1427,477,1409,0}"
12658,QtQiYV9U,black,Drac25,Oguzhares,loss,resign,969,891,78,standard,blitz,blitz,180,2,3+2,lichess.org,20.0,4.9,45.0,,17/09/25 21:07,2025-09-18 00:13:07.441+00,364.008,C45,Scotch Game: Classical Variation,Scotch Game,8,-7,4954,5.22,,,,,7,5795,4.88,,,,,51,26,e4 e5 Nf3 Nc6 d4 exd4 Nxd4 Bc5 Nxc6 bxc6 Bc4 Qf6 Qe2 Qg6 Nc3 Qxg2 Rg1 Bxf2+ Qxf2 Qxf2+ Kxf2 g6 Bf4 d6 Rae1 Nf6 Ke2 O-O Kd1 Bg4+ Kc1 Bf3 e5 dxe5 Bxe5 Nd7 Bxc7 Nb6 Bb3 Bd5 Nxd5 cxd5 Rd1 Rac8 Bxb6 axb6 Rxd5 Rcd8 Rxd8 Re8 Rxe8+,"{18003,18003,18203,18083,18195,17643,18195,17587,18011,17395,16843,17347,15827,15515,15459,15227,14739,13931,13707,13475,13755,12987,13331,12891,11323,10923,10403,10235,10371,8843,10371,8339,10035,7603,10235,7115,10051,6267,8739,5955,7531,5907,6675,5275,5827,5315,5907,5443,5763,5531,5795,4954}"
12659,VyzNd92k,white,Drac25,felipelealpatricio,draw,stalemate,969,928,41,standard,blitz,blitz,180,2,3+2,lichess.org,21.0,1.87,36.0,,17/09/25 20:54,2025-09-18 00:04:34.461+00,583.785,C20,"King's Pawn Game: Wayward Queen Attack, Kiddie Countergambit",King's Pawn Game,4,0,2696,2.69,,,,,1,1667,2.92,,,,,115,58,e4 e5 Qh5 Nf6 Qxe5+ Qe7 Qxc7 Na6 Qc4 Qc5 Nc3 Qxc4 Bxc4 Bc5 Nf3 O-O h3 d6 d4 Bb4 Bd2 Bxc3 Bxc3 Nxe4 O-O Be6 d5 Bf5 Bd3 Nac5 Bxe4 Bxe4 Ng5 f6 Nxe4 Nxe4 Be1 Rac8 c3 a5 f3 Nc5 b4 axb4 cxb4 Nd3 Bg3 Rfd8 a3 Ne5 Rae1 Nd3 Re7 Nb2 Rxb7 Nc4 Rc1 Nxa3 Rxc8 Rxc8 Rd7 Nc4 Bxd6 Nxd6 Rxd6 Rc1+ Kh2 Rb1 Rb6 g5 d6 Kf8 d7 Ke7 Rb7 Ra1 b5 Ra8 b6 f5 Rc7 Rb8 b7 f4 g3 fxg3+ Kxg3 h6 Kg4 Kd8 Rc6 Kxd7 Rxh6 Rxb7 Rh7+ Kc6 Rxb7 Kxb7 Kxg5 Kc7 h4 Kd7 h5 Ke7 Kg6 Kf8 h6 Kg8 f4 Kh8 f5 Kg8 h7+ Kh8 f6,"{18003,18003,17923,17827,17987,17739,17875,17643,15291,16995,14651,16931,14643,16675,14219,15675,13315,14195,12091,13315,11299,13339,11339,13251,9363,12739,8763,12115,7659,10811,7051,10747,5771,10123,5667,10147,5755,9547,5499,9315,5515,9043,4771,8979,4755,9035,3795,7923,3283,5955,2779,5395,2475,4779,1939,4107,1771,3779,1811,3835,1787,3115,1619,3315,1683,3291,1747,3251,1739,2747,1795,2155,1579,2235,1523,1875,1515,1699,1579,1579,1643,1291,1683,1203,1587,1163,1715,1163,1851,847,1475,736,1427,768,1547,788,1683,909,1851,789,1995,989,2131,1171,2307,1291,2459,1371,2619,1459,2771,1571,2875,1667,2696}"
12660,uf6OEqPK,black,Drac25,TDHStrace,win,mate,962,1097,-135,standard,blitz,blitz,180,2,3+2,lichess.org,15.0,0.31,,,17/09/25 20:43,2025-09-17 23:48:16.82+00,288.159,A45,Queen's Pawn Game: Chigorin Variation,Queen's Pawn Game,4,7,7300,7.14,3.0,1.0,1.0,72.0,-26,7434,7.05,0.0,1.0,2.0,46.0,32,16,d4 d5 Nc3 Nf6 Nf3 Bg4 h3 Bxf3 exf3 Nc6 Be3 e6 Bd3 Bb4 Qd2 Qd6 a3 Ba5 b4 Bb6 b5 Nxd4 Bg5 Qe5+ Be3 O-O O-O c6 a4 Bc7 Rae1 Qh2#,"{18003,18003,17699,17811,17259,17787,17395,17651,17531,15987,17283,15691,16995,15707,15947,14131,15771,13731,13683,13699,13139,13259,10483,10835,9851,8155,9747,7483,9275,7539,7434,7300}"
12661,LZbb5EVm,black,Drac25,TGibby,loss,outoftime,966,1024,-58,standard,blitz,blitz,180,2,3+2,lichess.org,11.0,-2.77,62.0,,16/09/25 21:42,2025-09-17 00:50:46.964+00,490.718,D00,Queen's Pawn Game,Queen's Pawn Game,2,-4,0,4.62,,,,,5,4625,3.43,,,,,79,40,d4 d5 b4 e5 c3 e4 f3 Nf6 g4 Nbd7 Bg5 h6 Bxf6 Qxf6 Qc2 exf3 Nxf3 Nb6 Nbd2 Bxg4 O-O-O Nc4 Nxc4 dxc4 Bg2 Bd6 Qe4+ Qe7 Qxg4 O-O Rde1 f5 Qg6 Rf6 Qh5 Qe3+ Kb1 Qxc3 Ne5 Qxb4+ Kc2 Qa4+ Kb1 Qb4+ Kc2 Bxe5 dxe5 Rff8 Bd5+ Kh8 Rhf1 Qa4+ Kc3 Qa5+ Kd4 Rad8 Qf3 c6 Ke3 Qb6+ Kd2 cxd5 Rb1 Qa5+ Kc2 Qa4+ Kc1 b6 e6 Qa3+ Kd1 Qxa2 e7 Rfe8 exd8=Q Rxd8 Qxf5 c3 Qc2,"{18003,18003,17075,17379,16899,16259,16987,15859,16955,14779,16931,14523,17051,14579,17083,14083,17051,13363,16843,13355,16707,12107,16739,12011,16835,10475,16667,7779,16603,5747,15411,5547,14715,4971,14195,4587,13643,3747,13043,3379,13091,2739,12667,1235,12483,796,12011,243,12027,231,11387,239,11379,296,11227,390,10403,412,8723,463,8523,540,6915,507,6675,440,6691,428,6259,436,6043,365,5371,396,5315,451,5283,343,4625,0}"
12662,zAGD0NtD,white,Drac25,TGibby,win,resign,960,1031,-71,standard,blitz,blitz,180,2,3+2,lichess.org,16.0,4.78,32.0,,16/09/25 21:39,2025-09-17 00:42:15.388+00,191.063,C20,King's Pawn Game: Wayward Queen Attack,King's Pawn Game,3,6,12213,2.9,,,,,-7,14357,1.82,,,,,41,21,e4 e5 Qh5 Qf6 Nc3 d6 Nd5 Qg6 Qxg6 hxg6 Nxc7+ Kd7 Nxa8 b6 Nxb6+ axb6 Bc4 Nf6 Bxf7 Nxe4 Bxg6 Nc5 Bf5+ Kc7 Bxc8 Kxc8 d3 Nc6 Be3 d5 Bxc5 Bxc5 Nh3 Nd4 Kd1 Re8 Re1 Bb4 c3 Bxc3 bxc3,"{18003,18003,18107,18043,17883,18147,17891,17867,17467,17939,17563,17787,17563,17571,17211,17611,16355,17251,16283,17075,16131,15891,16011,15859,16075,15987,15235,16019,14403,15619,14403,15691,13755,15507,12587,14947,12131,14587,12123,14539,12213,14357}"
12671,esguoMIZ,black,Drac25,Toasterinee,win,resign,948,887,61,standard,blitz,blitz,180,2,3+2,lichess.org,16.0,-5.32,30.0,,16/09/25 20:48,2025-09-16 23:51:22.24+00,194.484,C46,Three Knights Opening,Three Knights Opening,6,5,13275,2.36,,,,,-22,11983,2.87,,,,,42,21,e4 e5 Nf3 Nc6 Nc3 Bb4 b3 Bxc3 dxc3 Nf6 Bd3 d5 Bb2 dxe4 Bxe4 Qxd1+ Rxd1 Nxe4 O-O Bg4 Rfe1 Bxf3 gxf3 Ng5 c4 O-O Bxe5 Nxf3+ Kf1 Nxe1 Rxe1 Nxe5 Rxe5 Rae8 Re2 Rxe2 Kxe2 c5 Kd3 Rd8+ Ke4 Rd2,"{18003,18003,18067,17891,18099,17915,17683,17555,17803,17363,17355,16363,17227,16059,16683,15779,16723,15891,15363,15003,14587,13539,12859,13443,12819,13331,12523,13363,12235,13419,12371,13347,12443,13459,12115,13499,12283,13531,12371,13251,12483,13275,11983}"
12663,ntYT0uVO,white,Drac25,M3wadico,draw,draw,959,1008,-49,standard,blitz,blitz,180,2,3+2,lichess.org,24.0,2.4,41.0,,16/09/25 21:28,2025-09-17 00:38:51.599+00,600.745,C20,King's Pawn Game: Wayward Queen Attack,King's Pawn Game,3,1,884,2.9,,,,,-1,3785,2.45,,,,,119,60,e4 e5 Qh5 Nc6 Bb5 Nf6 Qd1 a6 Bxc6 dxc6 Nc3 Bc5 h3 O-O Nf3 Ba7 Nxe5 c5 d3 b5 Nc6 Qd6 Nxa7 Rxa7 Qf3 b4 Nd5 Nxd5 exd5 Bb7 Bf4 Qd7 Qg3 Bxd5 O-O Qf5 b3 Qg6 Be3 Qxg3 fxg3 Re8 Bxc5 Re2 Rf2 Rxf2 Kxf2 Ra8 Bxb4 Re8 Re1 Rxe1 Kxe1 f5 Kf2 g5 Bd2 h6 c4 Bb7 d4 Kg7 g4 Kg6 gxf5+ Kxf5 g4+ Kg6 Kg3 h5 h4 gxh4+ Kxh4 hxg4 Kxg4 Kf6 Bf4 c6 c5 Bc8+ Kg3 Kf5 Be5 Ke4 a4 Bd7 b4 Kd5 Kf4 Kc4 b5 axb5 axb5 Kxb5 Ke4 Kc4 Bd6 Be8 Ke5 Bh5 Be7 Bf3 Kd6 Kxd4 Kc7 Bd5 Bf8 Bb3 Kxc6 Ba4+ Kb6 Be8 Kc7 Kd5 Kb6 Kc4 c6 Bxc6 Kxc6,"{18003,18003,18099,17931,17867,17923,16235,17963,16251,18043,16235,17819,15811,17731,15603,16779,15347,16595,14491,16667,13243,16347,11867,16547,10363,15443,10059,15419,9995,15507,9867,15403,8795,15379,8827,14827,7555,14099,5691,14107,5763,13555,5771,13307,3363,13035,2603,12987,2659,12771,1795,12811,1907,12947,1867,13035,1459,12979,1483,12811,1427,12803,1083,12595,1139,12691,1291,12699,1411,12627,1291,12723,1387,12859,1491,12307,1579,11883,1555,11947,1491,11923,1435,11755,1163,11579,1155,10659,1059,9411,834,9195,898,9283,753,9315,819,8683,908,8003,962,7251,1059,6019,1083,5283,1107,4739,1123,4779,1179,4651,1203,4723,1035,3763,1003,3785,884}"
12664,QuSRppyz,black,Drac25,M3wadico,loss,resign,964,1002,-38,standard,blitz,blitz,180,2,3+2,lichess.org,19.0,0.27,35.0,,16/09/25 21:22,2025-09-17 00:28:02.452+00,313.925,C50,Italian Game,Italian Game,5,-5,1679,6.53,,,,,6,11918,2.43,,,,,51,26,e4 e5 Nf3 Nc6 Bc4 f6 O-O Nge7 d4 d5 exd5 Nxd5 dxe5 Be6 Nc3 Nxc3 Qxd8+ Rxd8 Bxe6 fxe5 Ng5 Be7 Nf7 Rd1 Nxh8 Rxf1+ Kxf1 Ne4 Nf7 Nd4 Bc4 Nxc2 Rb1 Nd6 Nxd6+ cxd6 Be3 Nb4 Bb5+ Kd8 Bxa7 Nxa2 Bb6+ Kc8 b4 Nc3 Rc1 Kb8 Rxc3 d5 Bd7,"{18003,18003,18075,18059,18163,17787,18147,17371,18171,17403,18219,17435,18171,17107,18035,16771,17731,16587,17827,14835,16275,13395,16259,11747,15619,11283,14915,10587,14771,9171,14043,8603,13907,7427,13931,7227,13827,7051,13427,6507,13395,6115,13243,6051,12611,5883,12659,5723,11859,5755,11918,1679}"
12665,q4N1MG7G,black,Drac25,uglyducklin,win,mate,958,959,-1,standard,blitz,blitz,180,2,3+2,lichess.org,17.0,-0.66,44.0,,16/09/25 21:13,2025-09-17 00:21:37.038+00,457.47,A00,Grob Opening,Grob Opening,1,6,3049,5.54,,,,,-6,654,6.43,,,,,56,28,g4 d5 g5 e5 Nf3 Bg4 Rg1 Qd7 h3 Bxf3 exf3 Nc6 Nc3 Bb4 Bb5 Bxc3 dxc3 a6 Ba4 O-O-O b4 b5 Bb3 d4 Qd3 Qxh3 g6 dxc3 Qxc3 hxg6 Bxf7 Nge7 Bg5 Qh2 Be6+ Kb8 Rd1 Qxg1+ Ke2 Qxd1+ Ke3 Nf5+ Bxf5 gxf5 Qxc6 Qc1+ Ke2 Qxg5 Qxa6 Qd2+ Kf1 Qd1+ Kg2 Qh1+ Kg3 Qh3#,"{18003,18003,17987,17075,18083,16707,18091,15595,17979,14883,17811,14571,17795,13891,17779,13643,17659,12843,17003,12323,16899,12355,16459,11403,10939,10803,9035,9915,8907,9595,7995,9483,7051,6459,5867,6179,5179,5811,4363,5683,4251,4275,4003,4187,2163,3787,1555,3859,662,3835,471,3619,591,3459,654,3049}"
12666,kUmR7Z5s,white,Drac25,sgalzin,win,resign,954,882,72,standard,blitz,blitz,180,2,3+2,lichess.org,18.0,5.92,,,16/09/25 21:11,2025-09-17 00:13:44.828+00,115.399,C20,King's Pawn Game: Wayward Queen Attack,King's Pawn Game,3,4,16790,1.1,,,,,-5,12700,4.82,,,,,23,12,e4 e5 Qh5 Qf6 Nf3 g6 Qxe5+ Qxe5 Nxe5 Bd6 Nc4 f6 Nc3 Be5 Nd5 Na6 Nxe5 fxe5 Bxa6 bxa6 Nxc7+ Kd8 Nxa8,"{18003,18003,18115,17603,17643,17611,17275,17203,17339,16291,17107,14563,16867,14507,16779,13267,16715,13291,16635,13243,16699,12795,16790,12700}"
12667,fkWKzkhb,black,Drac25,uglyducklin,loss,resign,959,953,6,standard,blitz,blitz,180,2,3+2,lichess.org,,,,,16/09/25 21:10,2025-09-17 00:11:28.854+00,59.122,A00,Grob Opening,Grob Opening,1,-5,16709,4.31,,,,,6,16900,3.68,,,,,7,4,g4 d5 g5 e5 d4 Qxg5 Bxg5,"{18003,18003,16763,17531,16835,17419,16900,16709}"
12668,kpEUs3hk,black,Drac25,ahmad_abdullah,win,mate,953,975,-22,standard,blitz,blitz,180,2,3+2,lichess.org,18.0,-5.9,34.0,,16/09/25 21:03,2025-09-17 00:09:54.207+00,358.691,C45,Scotch Game,Scotch Game,7,6,7397,2.79,,,,,-6,10756,1.91,,,,,78,39,e4 e5 d4 Nc6 Nf3 exd4 Nxd4 Ne5 Bf4 Bd6 Bxe5 Bxe5 Nf3 Bxb2 Nc3 Bxc3+ Ke2 Bxa1 Qxa1 d6 Qxg7 Qf6 Qxf6 Nxf6 Ng5 Bg4+ Ke3 Bh5 Bd3 O-O-O Kf4 h6 Nxf7 Bxf7 e5 Nd5+ Ke4 Nc3+ Kf4 Rhe8 exd6 Rxd6 Bf5+ Be6 Be4 Bxa2 Ra1 Kb8 g4 Bd5 g5 hxg5+ Kxg5 Rxe4 f4 a6 f5 Rd8 f6 Rf8 Kg6 Rg4+ Kf5 Rg2 h4 Rxc2 h5 Rf2+ Kg6 R8xf6+ Kg7 Rf7+ Kg6 Be4+ Kg5 Rg2+ Kh6 Rh7#,"{18003,18003,18003,17787,17947,17355,17779,17443,17763,16267,17667,16323,17819,16315,17115,16179,16923,16243,16995,15307,17011,15195,16467,15251,16531,14099,16603,14147,15939,13403,14563,12379,14443,12371,14387,12307,14355,11995,14035,11291,13939,11291,13251,10923,13091,10579,13075,10339,12843,10099,12419,10011,12499,10131,12267,9819,12323,9083,12099,9067,11803,8779,11667,7827,11683,7755,11491,7619,11123,7675,10995,7707,11051,7555,11043,7579,10756,7397}"
12669,uvkjRy8L,white,Drac25,ahmad_abdullah,loss,resign,959,969,-10,standard,blitz,blitz,180,2,3+2,lichess.org,21.0,-5.31,,,16/09/25 21:01,2025-09-17 00:03:46.581+00,163.986,C20,"King's Pawn Game: Wayward Queen Attack, Kiddie Countergambit",King's Pawn Game,4,-6,9979,5.01,,,,,6,16306,1.13,,,,,32,16,e4 e5 Qh5 Nf6 Qxe5+ Be7 Bc4 O-O d3 Re8 Qg3 c6 Bh6 g6 Nf3 d5 exd5 cxd5 Bb5 Bd7 Nc3 Bd6+ Ne5 Bxe5 Qf3 Bg4 Qxd5 Nxd5 Bxe8 Bxc3+ bxc3 Qxe8+,"{18003,18003,18091,17811,18059,17747,17027,17763,16675,17787,16043,17699,15843,17595,14667,17651,14267,17083,14331,17019,14339,17051,13571,17099,11627,16411,11219,16395,10707,16323,10579,16306,9979}"
12670,ubAdED9s,white,Drac25,avix8,win,outoftime,953,970,-17,standard,blitz,blitz,180,2,3+2,lichess.org,26.0,1.97,32.0,,16/09/25 20:51,2025-09-17 00:00:40.862+00,542.888,B01,Scandinavian Defense,Scandinavian Defense,2,6,3088,3.17,,,,,-6,0,3.83,,,,,95,48,e4 d5 Qh5 Nf6 Qe5 Nc6 Qc3 Nxe4 Qe3 e5 c3 Bc5 d4 Bd6 dxe5 Bxe5 Nf3 Qf6 Bb5 O-O O-O Qf5 Bxc6 bxc6 Nxe5 Qxe5 Nd2 Re8 Nxe4 Qxe4 Qxe4 Rxe4 f3 Re6 Bf4 Ba6 Rfe1 Rf6 Bxc7 Rc8 Be5 Re6 Bd4 Rxe1+ Rxe1 Kf8 Kf2 Re8 Rxe8+ Kxe8 Bxa7 Bb7 Bc5 Kd7 b3 Ke6 c4 dxc4 bxc4 Ke5 g3 f5 f4+ Ke4 Ke2 Ba6 Bf8 g6 Bh6 Bxc4+ Kf2 Bxa2 h3 c5 g4 c4 gxf5 gxf5 Bg7 Kxf4 Kg2 Ke4 Kg3 Bb3 h4 Ba4 h5 Be8 h6 f4+ Kh4 Kf5 Bc3 Kg6 Bd2,"{18003,18003,18131,17443,16755,16139,16139,16067,15483,14827,14547,12603,14475,11203,13787,11403,13531,8667,12883,8627,12523,6467,11963,6491,11483,6515,11155,4931,10283,4411,8979,4051,8555,3699,8299,3635,8051,2611,8043,1779,8051,1603,7491,1499,7547,1515,7027,1475,6963,1475,7107,1043,7075,1115,6947,1195,6979,1211,7075,1163,7035,1211,7083,1051,7091,826,6707,803,6723,829,6467,698,5859,758,5875,850,5867,1051,5499,794,5315,619,3411,336,3179,441,3259,392,3307,292,3355,321,3315,217,3088,0}"
12672,5E378R3d,black,Drac25,fadulvii,win,resign,943,901,42,standard,blitz,blitz,180,2,3+2,lichess.org,24.0,0.39,31.0,,16/09/25 20:42,2025-09-16 23:47:43.581+00,317.357,D06,Queen's Gambit Declined: Marshall Defense,Queen's Gambit Declined,4,5,6068,6.28,,,,,-5,7886,5.06,,,,,40,20,d4 d5 c4 Nf6 Nc3 Bg4 g3 e6 h3 Bh5 cxd5 Nxd5 Bg2 Bb4 Bd2 Bxc3 bxc3 Nd7 Qb3 b6 Qb5 O-O Bxd5 exd5 Qxd5 Nf6 Qxd8 Raxd8 Nf3 Bxf3 exf3 c5 Be3 Nd5 dxc5 Nxe3 fxe3 bxc5 O-O Rd3,"{18003,18003,18083,17587,17619,16683,17019,16091,16355,15091,14147,14427,13827,13851,13403,13419,13363,11963,13235,10771,12627,9971,11811,9803,11907,9387,11067,9315,11107,8819,11019,7227,9723,7011,8723,6227,8091,6227,8059,6068,7886}"
12673,28BiL1iY,white,Drac25,kienbel,win,resign,938,887,51,standard,blitz,blitz,180,2,3+2,lichess.org,15.0,1.41,,,16/09/25 20:03,2025-09-16 23:06:45.793+00,168.465,C50,Italian Game: Hungarian Defense,Italian Game,6,5,12439,3.48,,,,,-5,13886,2.57,,,,,33,17,e4 e5 Nf3 Nc6 Bc4 Be7 Nc3 Nd4 Nxe5 Nh6 d3 O-O Bxh6 gxh6 Qg4+ Kh8 O-O-O Rg8 Qf4 Bg5 Nxf7+ Kg7 Nxg5 hxg5 Qe5+ Qf6 Qxf6+ Kxf6 Nd5+ Ke6 Nxc7+ Kd6 Nxa8,"{18003,18003,18067,17963,17651,17307,17283,17307,16755,16491,16731,16531,16771,16475,16371,16427,15443,16403,14587,15987,14259,15507,13339,15211,12971,15043,12587,15091,12387,14371,12435,14411,12439,13886}"
12674,X7YAYHaH,black,Drac25,Abohamad64,loss,outoftime,943,976,-33,standard,blitz,blitz,180,2,3+2,lichess.org,22.0,0.83,47.0,,16/09/25 18:53,2025-09-16 22:02:31.792+00,551.116,A01,Nimzo-Larsen Attack: Classical Variation,Nimzo-Larsen Attack,2,-5,0,3.46,,,,,16,1549,3.16,,,,,105,53,b3 d5 Bb2 Nc6 e3 e5 Bb5 Ne7 Bxe5 a6 Bxc6+ Nxc6 Bb2 Bb4 Nf3 O-O O-O Bg4 d4 Bd6 Nbd2 Qf6 a3 Qh6 c4 Bxf3 Nxf3 Rae8 cxd5 Ne7 Rc1 Nf5 Re1 Nh4 Nxh4 Qxh4 g3 Qh3 f4 Re4 b4 Rfe8 Rc3 Bxf4 gxf4 Rxe3 Rcxe3 Rxe3 Rxe3 Qxe3+ Kh1 Qe4+ Kg1 Qxf4 Qf1 Qd2 Bc1 Qxd4+ Qf2 Qxf2+ Kxf2 Kf8 Bf4 c6 dxc6 bxc6 Bc7 Ke8 Be5 Kd7 Bxg7 Ke6 Ke3 f5 Kf4 h5 Bh6 Kd5 Bg7 Kc4 Bb2 Kb3 Bc1 h4 Kxf5 h3 Kg4 Kc2 Kxh3 Kxc1 Kg4 Kb2 h4 Kxa3 h5 Kxb4 h6 a5 h7 a4 h8=Q a3 Qd4+ Kb3 Qd3+,"{18003,18003,18035,17963,18099,17891,18091,17651,18035,17331,18043,17267,17587,16667,16939,16627,16715,16171,16491,15835,16259,15515,15379,15307,14451,15171,14515,14539,14179,11747,11675,11555,8323,11579,7491,11291,7491,10043,6171,7771,4115,7755,3339,5787,2747,4971,2563,4995,2515,5043,1923,4587,1691,4291,1403,4043,1091,3483,1059,3491,1099,3587,1091,3555,1059,3659,1099,3627,1155,3715,1211,3563,1131,3611,844,3627,682,3643,728,3747,730,3635,812,3339,864,3203,948,3171,963,3171,1107,3147,1067,3291,1219,3435,1331,3627,1459,3819,1507,4019,1563,4076,1549,0}"
12675,6yThGtLX,white,Drac25,Abohamad64,loss,outoftime,949,958,-9,standard,blitz,blitz,180,2,3+2,lichess.org,25.0,-7.56,,,16/09/25 18:46,2025-09-16 21:53:11.566+00,394.117,C20,King's Pawn Game: Wayward Queen Attack,King's Pawn Game,3,-6,0,8.57,,,,,18,5803,6.1,,,,,42,21,e4 e5 Qh5 Nc6 Bb5 Nf6 Qf3 Bc5 c3 d6 Ne2 O-O h3 Bd7 b4 Bb6 Bxc6 Bxc6 Na3 Nxe4 Qf5 g6 Qg4 f5 Qf3 Nxf2 Qg3 Nxh1 Qh2 Nf2 d4 Ne4 Bh6 Rf7 Nc4 Qh4+ Kd1 Qxh6 Nxb6 axb6 dxe5 dxe5,"{18003,18003,17915,17707,17827,17267,16859,15451,16131,14483,15299,14171,14563,13307,14515,13243,13139,13235,12259,13171,5475,11075,5011,11131,3379,8867,1523,8795,1291,8275,1131,7539,830,7027,453,6115,219,6123,219,6003,228,5803,0}"
12676,B2lel1K0,black,Drac25,Shubham9764,win,mate,944,914,30,standard,blitz,blitz,180,2,3+2,lichess.org,19.0,-7.12,,,16/09/25 18:41,2025-09-16 21:46:09.051+00,273.443,C57,"Italian Game: Two Knights Defense, Knight Attack, Normal Variation",Italian Game,8,5,7380,5.06,,,,,-5,11743,2.98,,,,,44,22,e4 e5 Nf3 Nc6 Bc4 Nf6 Ng5 d5 exd5 Nxd5 Qf3 f6 Bxd5 Nb4 Nf7 Qxd5 Qh5 Qxf7 Qxf7+ Kxf7 Kd1 Bf5 d3 Bc5 Nc3 Bxf2 Nb5 a6 Nxc7 Rac8 a3 Nxc2 Kxc2 Rxc7+ Kb3 Bxd3 Rd1 Rd8 Rh1 Bc2+ Kb4 Bc5+ Kc4 Bxa3#,"{18003,18003,18147,18107,18283,17283,18347,16923,18379,16811,18443,16331,18035,15075,17731,14939,16731,14227,15827,14243,15875,14099,15547,12219,15507,11451,15091,11027,15179,11067,13939,10611,13387,10387,13467,10115,12827,9291,11883,8355,11827,7963,11743,7380}"
12677,rQBRpEUV,white,Drac25,ever-bueso,win,mate,937,1008,-71,standard,blitz,blitz,180,2,3+2,lichess.org,15.0,-3.66,54.0,,16/09/25 18:34,2025-09-16 21:41:14.403+00,405.743,C02,"French Defense: Advance Variation, Nimzowitsch System",French Defense,7,7,3647,4.49,,,,,-7,6735,3.63,,,,,65,33,e4 e6 Nf3 d5 e5 c5 d4 Qb6 Nc3 Nc6 dxc5 Bxc5 Bg5 Qxb2 Bb5 Qxc3+ Bd2 Qb2 O-O Bb4 Bxc6+ Bd7 c3 bxc6 cxb4 Rb8 Rb1 Qxa2 Ng5 Ne7 Be3 Rb7 Qf3 Nf5 g4 Nh4 Qxf7+ Kd8 Nxe6+ Bxe6 Bg5+ Kc8 Qxe6+ Kc7 Bxh4 Rb5 Qd6+ Kb6 Bd8+ Kb7 Qd7+ Ka6 Ra1 Qxa1 Rxa1+ Ra5 bxa5 Kb5 Qb7+ Kc5 Rc1+ Kd4 Qb4+ Kxe5 Re1#,"{18003,18003,17611,18107,17707,18211,17611,18251,16659,17915,16427,17803,15083,17651,13587,17563,13163,14379,13035,14211,12939,14227,12771,13619,11603,13643,10859,13691,8939,12379,8731,11643,8059,10763,6987,10531,6923,10643,5635,10451,5347,9683,5267,9763,5323,7427,5323,7491,4627,7211,4315,7051,4259,6515,4339,6451,4387,6539,4427,6627,4075,6659,3819,6735,3647}"
12678,teiQmpsK,white,Drac25,ABonBon20,loss,outoftime,941,1043,-102,standard,blitz,blitz,180,2,3+2,lichess.org,,-2.5,,,16/09/25 16:03,2025-09-16 19:05:38.282+00,104.987,C20,"King's Pawn Game: Wayward Queen Attack, Kiddie Countergambit",King's Pawn Game,4,-4,0,18.0,,,,,4,15570,2.7,,,,,20,10,e4 e5 Qh5 Nf6 Qxe5+ Be7 d3 O-O Qg3 d6 h3 Nc6 Be2 Nd4 Bh6 Nh5 Bxh5 Bf6 Bf4 Nxc2+,"{18003,18003,18107,18067,18131,18043,18107,17867,17395,17691,17051,17195,17139,16675,16939,16203,16787,15875,14974,15570,0}"
12679,DKMIAnc2,black,Drac25,krizan_zetan,win,mate,934,985,-51,standard,blitz,blitz,180,2,3+2,lichess.org,20.0,-0.24,31.0,,15/09/25 19:18,2025-09-15 22:22:02.79+00,184.647,A40,Englund Gambit Declined: Reversed French,Englund Gambit Declined,3,7,12919,2.54,,,,,-7,14538,1.73,,,,,42,21,e3 e5 d4 e4 Nc3 d5 Be2 Bb4 Bd2 Nc6 f3 Nf6 fxe4 Bxc3 Bxc3 dxe4 Bb5 Bd7 Bxc6 Bxc6 d5 Bxd5 Bxf6 gxf6 Qh5 Qe7 O-O-O O-O-O Rxd5 Qe6 Rxd8+ Rxd8 Nh3 Qxa2 c3 Qa1+ Kc2 Qxh1 Qf5+ Kb8 Nf4 Qd1#,"{18003,18003,18027,17995,17995,18019,17707,18123,17715,17907,17787,17963,17707,17395,17755,17459,17611,16779,17411,16619,17499,16339,17539,16211,16467,15915,16475,15923,16371,13763,15651,13763,15451,13739,15067,13539,15003,13619,14683,13651,14538,12919}"
12680,L8IvChOi,white,Drac25,al5p5,loss,resign,939,993,-54,standard,blitz,blitz,180,2,3+2,lichess.org,24.0,0.04,45.0,,15/09/25 19:13,2025-09-15 22:18:44.647+00,310.586,B00,St. George Defense,St. George Defense,2,-5,3797,4.18,,,,,5,16525,0.45,,,,,68,34,e4 a6 Bc4 e6 d4 b5 Bb3 Bb7 f3 Nf6 h3 h6 Ne2 Nc6 e5 Nd5 Nf4 Nxf4 Bxf4 Qh4+ g3 Qe7 c3 f6 Nd2 g5 exf6 Qxf6 Be5 Nxe5 dxe5 Qxe5+ Ne4 Bxe4 O-O Qxg3+ Kh1 Qxh3+ Kg1 Bc5+ Rf2 Bxf2+ Kxf2 Qxf3+ Qxf3 Bxf3 Kxf3 O-O+ Kg4 Kg7 Bc2 Rf4+ Kg3 Raf8 Bd3 Rf3+ Kg2 Rxd3 Rf1 Rxf1 Kxf1 Rd2 c4 bxc4 b3 cxb3 axb3 Rb2,"{18003,18003,17795,18043,17323,17947,17019,18075,15811,17939,14939,18011,14867,18043,13915,18027,13795,17995,13835,17851,13683,16987,12331,16907,11851,16803,11443,16667,11451,16675,10987,16667,10571,16595,8883,16611,8251,16547,8091,16475,7147,16515,7227,16491,7275,16643,7363,16795,7147,16371,5403,15763,5459,15859,4931,15907,4539,16107,4643,16139,4707,16283,4227,16307,4235,16403,4379,16525,3797}"
12681,Anhe8ecd,black,Drac25,Kranfdlohtreb,loss,outoftime,944,1004,-60,standard,blitz,blitz,180,2,3+2,lichess.org,16.0,0.94,,,15/09/25 18:46,2025-09-15 21:52:50.972+00,395.422,D06,Queen's Gambit Declined: Marshall Defense,Queen's Gambit Declined,4,-5,0,6.0,,,,,4,9993,2.67,,,,,61,31,d4 d5 c4 Nf6 Nc3 Bf5 Bg5 dxc4 Nf3 Ne4 Nxe4 Bxe4 e3 f6 Bh4 g5 Bg3 g4 Nd2 Bd5 Nxc4 e6 Qc2 Bb4+ Ke2 b5 a3 Bxc4+ Kd1 Bd6 Bxc4 Bxg3 Bxb5+ Ke7 hxg3 Qc8 Qc5+ Kf7 Qh5+ Ke7 Ke2 f5 Qg5+ Kd6 Qf6 c6 Qe5+ Ke7 Bd3 Nd7 Qa5 a6 Qb4+ Kf7 Bc4 Rb8 Qc3 Qc7 Rh6 Kg7 Rah1,"{18003,18003,18083,17731,18211,17371,18203,16771,18195,15539,17859,15579,17603,13747,17603,13739,17651,12155,17315,11771,17011,9003,16627,7899,15763,7219,15323,7187,15043,6283,14771,5755,14099,4187,14019,3371,13979,2779,13923,2003,13155,1219,13179,1123,12323,1195,12163,968,11819,821,11315,832,11347,835,10963,888,10883,834,10163,204,9993,0}"
12682,N3xwQwkT,black,Drac25,topBogdan001,win,timeout,941,781,160,standard,blitz,blitz,180,2,3+2,lichess.org,,,,,15/09/25 18:44,2025-09-15 21:45:38.988+00,83.329,C40,King's Pawn Game: McConnell Defense,King's Pawn Game,4,3,13648,7.26,,,,,-3,14693,4.73,,,,,14,7,e4 e5 Nf3 Qf6 d4 exd4 Qxd4 Nc6 Qxf6 Nxf6 e5 Ne4 Bd3 Nc5,"{18003,18003,18139,16891,18171,16307,18371,15411,17835,15451,17947,14507,17547,13648,14693}"
12683,Xf1Tl5vb,white,Drac25,skyiskult,win,mate,935,927,8,standard,blitz,blitz,180,2,3+2,lichess.org,20.0,-2.44,,,15/09/25 18:37,2025-09-15 21:43:42.994+00,369.6,B13,Caro-Kann Defense: Exchange Variation,Caro-Kann Defense,8,6,2770,8.96,,,,,-5,3983,8.76,,,,,35,18,e4 c6 d4 d5 exd5 cxd5 Nf3 Nc6 Bb5 Bd7 Ne5 Nf6 Nxd7 Nxd7 Qh5 e6 O-O Nxd4 Bxd7+ Qxd7 Qd1 Bc5 c3 Nf5 Bf4 O-O Nd2 d4 Ne4 Qb5 Be5 dxc3 Qg4 Ne3 Qxg7#,"{18003,18003,17923,18147,17723,18347,16827,18347,16603,18259,16515,16859,15115,16259,13923,14187,12907,14187,12435,14235,10763,13699,10515,12131,7923,11091,7603,8811,5795,4315,3947,4019,2963,3983,2770}"
12684,HYTfGXdr,white,Drac25,darksqrdominance,loss,outoftime,940,992,-52,standard,blitz,blitz,180,2,3+2,lichess.org,25.0,-0.5,,,15/09/25 16:46,2025-09-15 19:54:06.507+00,428.799,C20,"King's Pawn Game: Wayward Queen Attack, Kiddie Countergambit",King's Pawn Game,4,-5,0,7.83,,,,,5,2831,6.9,,,,,46,23,e4 e5 Qh5 Nf6 Qxe5+ Be7 Nc3 Nc6 Qg3 O-O d4 Bb4 Be3 Bxc3+ bxc3 Nxe4 Qf4 f5 Bd2 Qe8 Ne2 d5 f3 Nxd2 Qxd2 Ne7 Nf4 Ng6+ Be2 Nxf4 Qxf4 g6 Qxc7 Qe3 c4 Qc3+ Kf2 Qxd4+ Kg3 Rf7 Qf4 Qb6 Rad1 Qf6 Bd3 g5,"{18003,18003,18003,17811,18027,16595,17819,16691,17195,15787,15555,15811,15379,15747,15443,15707,13851,13907,12611,12731,9667,11531,8659,11323,8587,10531,8155,10499,7635,9235,7547,8299,5563,7347,3635,7099,2771,7115,1923,6667,1091,4091,1035,2827,721,2831,0}"
12685,a3nWa7Ay,black,Drac25,darksqrdominance,loss,resign,945,987,-42,standard,blitz,blitz,180,2,3+2,lichess.org,,-0.39,,,15/09/25 16:44,2025-09-15 19:46:36.875+00,133.684,C48,"Four Knights Game: Spanish Variation, Classical Variation",Four Knights Game,8,-5,9101,8.09,,,,,5,17460,0.49,,,,,23,12,e4 Nc6 Nf3 Nf6 Nc3 e5 Bb5 Bc5 d3 O-O h3 d6 Bg5 h6 Bh4 g5 Nxg5 hxg5 Bxg5 Ne7 Bxf6 Qd7 Bxd7,"{18003,18003,18099,17675,18211,17491,18283,17075,18307,17011,18323,17115,18323,16387,18355,14211,18123,14043,18163,11931,17515,10739,17460,9101}"
12686,2gOO6iH0,black,Drac25,wjsxowns,loss,outoftime,951,921,30,standard,blitz,blitz,180,2,3+2,lichess.org,21.0,3.49,,,14/09/25 16:20,2025-09-14 19:24:52.351+00,235.298,C44,Scotch Game,Scotch Game,5,-6,0,12.86,,,,,28,8186,7.01,,,,,29,15,e4 e5 Nf3 Nc6 d4 Bb4+ c3 Be7 d5 Na5 Nxe5 Bd6 Nf3 Qf6 e5 Bxe5 Qe2 d6 Bg5 Qf5 b4 f6 Nxe5 Qxe5 Qxe5+ dxe5 Be3 Nc4 Bxc4,"{18003,18003,18147,18059,17683,17051,16563,16331,16275,15947,15363,14235,13923,13395,13691,13203,11803,13235,11739,12075,11291,11139,9707,10827,8899,10835,8171,10895,8186,0}"
12687,mmpha4vZ,white,Drac25,nikAlex747,win,resign,943,1100,-157,standard,blitz,blitz,180,2,3+2,lichess.org,25.0,0.79,,,14/09/25 14:10,2025-09-14 17:16:06.01+00,343.623,B07,Czech Defense,Czech Defense,6,8,3378,8.6,2.0,2.0,1.0,84.0,-8,1068,9.96,3.0,1.0,1.0,75.0,35,18,e4 d6 d4 Nf6 Nc3 c6 e5 Nd5 exd6 Nxc3 bxc3 Qxd6 Bd3 e5 Be3 Be7 Nf3 O-O dxe5 Qc7 O-O Be6 Nd4 Qxe5 Qe2 Bd6 g3 Bh3 Rfe1 Qd5 Qf3 Qxf3 Nxf3 Nd7 Ng5,"{18003,18003,17995,18099,16819,17691,16779,16515,16291,14651,16035,14051,14275,13579,13747,11995,13179,10555,12195,10475,11027,10347,10259,9547,8987,8987,6475,8779,6475,8683,3867,5787,3851,5891,3378,1068}"
12688,SBjPWCTF,white,Drac25,JIHAD201227,win,outoftime,937,926,11,standard,blitz,blitz,180,2,3+2,lichess.org,26.0,1.34,52.0,,14/09/25 03:34,2025-09-14 06:43:36.856+00,528.568,C20,"King's Pawn Game: Wayward Queen Attack, Kiddie Countergambit",King's Pawn Game,4,6,873,4.76,,,,,-6,0,5.0,,,,,73,37,e4 e5 Qh5 Nf6 Qxe5+ Be7 d3 d5 Bg5 O-O Be2 Nc6 Qg3 Nd4 Bd1 dxe4 Bh6 g6 Bxf8 Bxf8 Ne2 exd3 cxd3 Qe7 Nc3 Bg4 f3 Bh5 O-O Re8 Nxd4 Qe3+ Qf2 Qxd3 Bc2 Qc4 Rae1 Rxe1 Rxe1 Nd7 Re8 Kg7 Rd8 Ne5 Qe2 Bc5 Qxc4 Nxc4 g4 Ne3 Be4 Bxd4 gxh5 Nd5+ Kg2 Nf4+ Kf1 Nxh5 Rxd4 Nf4 Bd5 Nd3 Rxd3 g5 b4 c6 Be4 f6 h3 h6 Bf5 g4 fxg4,"{18003,18003,18123,17843,18035,18043,17339,17675,16475,17115,15411,16875,14883,16355,13819,16219,13291,14099,13147,13683,12131,11955,11347,12019,9987,12027,9499,8787,9411,7955,8139,7795,7379,6523,5363,5395,3291,5147,2955,5147,2843,4931,1267,3267,369,3035,452,2347,494,1667,349,1075,390,662,349,400,250,273,272,312,252,300,314,273,448,348,521,249,674,210,770,243,873,0}"
12689,qWZxDTv5,black,Drac25,JIHAD201227,win,resign,931,931,0,standard,blitz,blitz,180,2,3+2,lichess.org,11.0,-1.64,,,14/09/25 03:29,2025-09-14 06:34:40.05+00,304.053,C44,Scotch Game,Scotch Game,6,6,5172,9.16,,,,,-5,7261,7.16,,,,,30,15,e4 e5 Nf3 Nc6 d4 exd4 Ng5 f6 Qf3 Bb4+ c3 dxc3 bxc3 Be7 Bc4 Nh6 O-O fxg5 Re1 d6 Bd3 Ne5 Nd2 Nxf3+ Nxf3 Bg4 Nd4 c5 Ne6 Bxe6,"{18003,18003,18059,18083,18203,17571,18315,14107,16155,12787,15939,12851,15635,12171,15395,10451,11971,9467,11731,8235,10539,5907,9739,5819,9147,5691,8803,5179,7651,5172,7261}"
12697,W8BUxxok,white,Drac25,rcdunn1010,loss,outoftime,945,1096,-151,standard,blitz,blitz,180,2,3+2,lichess.org,17.0,-0.79,63.0,,14/09/25 02:28,2025-09-14 05:36:42.285+00,495.62,B10,Caro-Kann Defense: Hillbilly Attack,Caro-Kann Defense,3,-3,0,4.74,,,,,3,3321,3.97,,,,,76,38,e4 c6 Bc4 d5 exd5 cxd5 Bb5+ Nc6 Nf3 Bg4 h3 Bxf3 Qxf3 Nf6 d4 e6 Bg5 Be7 O-O O-O c3 Qb6 Bd3 Qxb2 Nd2 Qxc3 Bxh7+ Kxh7 Qxc3 Rac8 Qd3+ g6 Bxf6 Bxf6 Rac1 Kg7 Qb3 Na5 Qa4 Nc6 Nf3 Rh8 g3 Rxh3 Kg2 Rch8 Ng1 Rh2+ Kf3 Nxd4+ Kf4 e5+ Ke3 Nf5+ Ke2 d4 Nf3 Nxg3+ Kd3 Nf5 Rh1 Rxh1 Rxh1 Rxh1 Ke2 Rh2 Qxa7 Ng3+ Ke1 Rh1+ Kd2 Ne4+ Kc2 Nxf2 Nd2 Rd1,"{18003,18003,17707,18099,17315,18299,17315,18363,16739,18459,14115,18499,14011,18459,12739,18051,12275,18075,11987,18099,10955,17899,10019,17059,9395,16595,9411,16515,9499,15771,9395,15531,7939,15507,7163,13755,6283,12627,5547,9331,2899,8147,2459,7987,2467,7867,2339,7931,2331,7443,2083,6811,2083,5243,1635,4907,1523,4963,1355,3419,1131,3499,1147,3699,626,3475,409,3555,403,3547,435,3667,431,3531,302,3321,0}"
12690,tHirNEk9,white,Drac25,JIHAD201227,win,outoftime,926,937,-11,standard,blitz,blitz,180,2,3+2,lichess.org,28.0,3.4,46.0,,14/09/25 03:18,2025-09-14 06:29:27.783+00,639.552,C20,"King's Pawn Game: Wayward Queen Attack, Kiddie Countergambit",King's Pawn Game,4,5,1959,2.63,,,,,-6,0,2.95,,,,,123,62,e4 e5 Qh5 Nf6 Qxe5+ Qe7 Qxc7 Qd8 Qe5+ Be7 Bc4 d6 Qg3 d5 exd5 Ng4 Be2 Bc5 Bxg4 Bxg4 Qxg4 Qf6 Qe4+ Kd8 Nf3 Re8 Ne5 Qxe5 Qxe5 Rxe5+ Kf1 Nd7 c3 Kc7 d4 Rae8 dxe5 Nxe5 Bf4 Kd6 c4 Kd7 Nc3 Nd3 Be3 Bxe3 fxe3 Rxe3 Ne2 Nxb2 Kf2 Rd3 Rab1 Nxc4 Rxb7+ Kd6 Rxa7 Nd2 Nf4 Ne4+ Ke2 Rd2+ Ke3 Rxg2 Kxe4 g6 Rxf7 Kc5 a4 Re2+ Kf3 Rc2 Rxh7 Ra2 Ne6+ Kb4 Nc5 Kxc5 Rg7 Ra3+ Ke4 Rxa4+ Ke5 Rg4 h3 Rg5+ Ke4 Rxd5 Rxg6 Kc4 h4 Rd4+ Kf5 Kd5 Kf6 Rf4+ Kg7 Ke5 Rg5+ Ke6 Re1+ Kd7 h5 Rh4 Kg6 Rd4 Rf1 Ke6 Rf6+ Ke7 h6 Rh4 Rf7+ Ke8 h7 Kd8 Kg7 Ke8 Rgf5 Kd8 h8=Q+ Rxh8 Kxh8,"{18003,18003,18107,18051,18155,17667,18171,16891,17131,16787,15771,16723,15707,15195,15027,15187,12667,14571,12267,14155,12235,14147,10651,13715,10059,13491,10083,12491,10091,12547,9995,11747,9395,11867,9451,11995,9275,11051,8739,10875,8411,11003,7803,11075,6171,10531,6251,10603,3763,10459,3643,10155,3547,10123,3571,10139,3123,9755,1843,9683,1643,9571,1611,7995,1587,7659,1627,7403,1643,7211,1611,6283,1563,6363,1395,6379,1283,6339,1315,6075,1371,6059,1499,5611,1467,5563,1243,5307,1331,5299,1275,5099,1379,5147,1459,5107,1491,4979,1571,4955,1635,4643,1667,3235,1555,3019,1571,2211,1651,2115,1755,1603,1787,1595,1811,1267,1867,1011,1931,372,1899,357,1959,0}"
12691,viMOdqL7,black,Drac25,JIHAD201227,loss,resign,931,931,0,standard,blitz,blitz,180,2,3+2,lichess.org,25.0,-2.45,43.0,,14/09/25 03:12,2025-09-14 06:18:37.379+00,349.713,C56,"Italian Game: Two Knights Defense, Open Variation",Italian Game,7,-5,1482,7.87,,,,,6,9989,3.82,,,,,43,22,e4 e5 Bc4 Nf6 Nf3 Nc6 d4 Nxe4 d5 Na5 Nxe5 Nxc4 Qf3 Ncd6 O-O f6 Ng4 Ng5 Bxg5 fxg5 Ne5 Qe7 Re1 Kd8 Nc3 g6 Nc6+ bxc6 Rxe7 Bxe7 Re1 Nf5 dxc6 dxc6 Qxc6 Rb8 Nd5 Bd7 Qxc7+ Ke8 Qxb8+ Kf7 Qxh8,"{18003,18003,18059,18003,17907,17691,18019,16451,17147,15227,16979,14419,16203,13531,14699,12243,12723,11131,12579,10851,12611,8987,12435,6523,12179,6195,11979,6067,11979,5539,11963,4827,10411,4339,10515,3739,10427,2779,9963,2011,9859,1907,9989,1482}"
12692,ouCoYxQw,black,Drac25,IamGautham,loss,resign,936,965,-29,standard,blitz,blitz,180,2,3+2,lichess.org,32.0,1.95,48.0,,14/09/25 03:05,2025-09-14 06:12:35.27+00,423.213,C24,Bishop's Opening: Berlin Defense,Bishop's Opening,4,-5,905,5.18,,,,,5,8367,2.92,,,,,67,34,e4 e5 Bc4 Nf6 Qe2 Nc6 Nf3 Bc5 Bxf7+ Kf8 Qc4 Qe7 Bd5 Nxd5 exd5 Na5 Qc3 e4 Nd4 b6 O-O Qh4 g3 Qg4 d3 exd3 Qxd3 d6 Nf3 g6 Nc3 Bf5 Qe2 Bb4 Bh6+ Kf7 Ng5+ Kg8 Qxg4 Bxg4 Nce4 Rf8 Bxf8 Kxf8 c3 Bc5 Nxc5 bxc5 b4 Nb7 bxc5 Nxc5 Rab1 Ne4 Nxe4 Bf5 Rb8+ Kf7 Rxh8 Bxe4 Rxh7+ Kf6 Rxc7 Bxd5 Rxa7 Bxa2 Rxa2,"{18003,18003,18011,17507,18059,16627,18107,16323,18139,16019,17083,14555,16899,12675,16915,12595,16307,11195,15443,10675,15203,9987,14115,9299,13883,8771,13619,7347,13331,6747,12803,6123,12371,5283,12371,5259,11723,4659,11171,4675,10691,1123,9587,1091,8843,860,8875,828,8803,899,8787,701,8499,760,8395,777,8323,780,8203,807,8291,860,8363,830,8355,946,8367,905}"
12693,KH8UPYnO,white,Drac25,sherif-elsaady,loss,resign,941,1044,-103,standard,blitz,blitz,180,2,3+2,lichess.org,28.0,-0.39,58.0,,14/09/25 02:57,2025-09-14 06:05:19.87+00,494.56,C20,"King's Pawn Game: Wayward Queen Attack, Kiddie Countergambit",King's Pawn Game,4,-5,378,4.41,,,,,4,4100,3.48,,,,,81,41,e4 e5 Qh5 Nf6 Qxe5+ Be7 Nf3 d6 Qc3 Nxe4 Qe3 Nf6 Bc4 Nc6 c3 Na5 Na3 Ng4 Qf4 Nxc4 Nxc4 O-O Ne3 Nf6 Ng5 Be6 Nxe6 fxe6 Qc4 d5 Qb5 b6 O-O Ne4 d3 Nc5 d4 Ne4 f3 Ng5 Ng4 a6 Qd3 Qd6 Ne5 Nf7 g3 Nxe5 Qe2 Ng6 Bf4 Nxf4 gxf4 Qxf4 Rae1 Qg5+ Qg2 Qxg2+ Kxg2 Bg5 Kf2 Bh4+ Ke2 Bxe1 Rxe1 g6 b4 Rf4 Ke3 Rh4 Re2 Rf8 Kd3 Rxf3+ Kd2 Rf1 Re1 Rxh2+ Kd1 Rff2 b5,"{18003,18003,18019,17819,18043,17699,15219,17571,14459,17379,13891,17051,12843,16851,12771,16683,11363,15931,9763,14875,9683,13619,9323,13091,6307,12011,5459,12035,4667,11763,4075,11659,3739,11467,3395,11131,3171,10987,2659,10859,2275,10387,1787,9203,1491,8195,1043,8163,680,7659,709,7139,780,7195,492,7011,397,5627,448,5227,506,5203,387,5163,587,5003,316,4963,395,4987,411,4795,282,4739,424,4587,483,4539,610,4443,378,4100}"
12694,guQQ8FiL,black,Drac25,sherif-elsaady,loss,resign,945,1039,-94,standard,blitz,blitz,180,2,3+2,lichess.org,16.0,5.25,33.0,,14/09/25 02:52,2025-09-14 05:56:51.036+00,251.769,D00,Queen's Pawn Game,Queen's Pawn Game,4,-4,3240,7.77,1.0,1.0,1.0,77.0,5,15364,1.39,0.0,0.0,0.0,98.0,39,20,d4 d5 e3 Nf6 c3 Bf5 Bd3 e6 Qa4+ Nc6 Bb5 Qd7 Nf3 Be4 Ne5 Bd6 Nxd7 Bxg2 Bxc6 bxc6 Qxc6 Nxd7 Qxa8+ Ke7 Qxh8 Bxh1 Qxh7 Nf6 Qxg7 Ne4 Nd2 Bxh2 Nxe4 dxe4 Bd2 Bf3 Qg5+ f6 Qg7+,"{18003,18003,18091,17651,18083,17723,18019,17587,17795,17395,17627,14195,17403,13955,17299,10355,16691,9651,16443,9339,16427,8835,16323,8427,16355,8491,16379,6803,16275,5987,16035,5443,16011,5435,15915,4443,15571,4123,15364,3240}"
12695,eRxlbDqX,white,Drac25,amitsoni1985,loss,resign,949,1026,-77,standard,blitz,blitz,180,2,3+2,lichess.org,41.0,-6.26,49.0,,14/09/25 02:46,2025-09-14 05:52:20.172+00,374.834,B21,Sicilian Defense: Smith-Morra Gambit,Sicilian Defense,3,-4,1538,6.59,,,,,5,9429,3.57,,,,,50,25,e4 c5 d4 cxd4 Qxd4 Nc6 Qd1 Nf6 Nc3 Qa5 Bd2 Qb6 Bb5 e6 b3 Bb4 Na4 Qxb5 c3 Be7 c4 Qe5 Nc3 Nxe4 Nf3 Qf5 Nxe4 Qxe4+ Be3 O-O O-O d5 Re1 Qg6 g3 Bf6 Rc1 d4 Bxd4 Rd8 Qc2 Bxd4 Qxg6 hxg6 Rcd1 e5 Nxe5 Bxe5 Rxe5 Rxd1+,"{18003,18003,17579,17259,17659,17227,17211,17243,16963,17267,16987,16931,15875,16731,15243,16643,14947,15547,12587,14627,11995,14067,11043,14043,10235,13387,9507,13387,9371,13307,9419,13035,8131,12755,6387,12435,5651,12171,4667,12179,3227,11715,3187,11315,2835,10683,2067,10443,1827,9429,1538}"
12696,UYCtH8dj,black,Drac25,amitsoni1985,win,outoftime,942,1033,-91,standard,blitz,blitz,180,2,3+2,lichess.org,37.0,4.26,57.0,,14/09/25 02:37,2025-09-14 05:45:16.129+00,491.124,C60,Ruy Lopez: Cozio Defense,Ruy Lopez,6,7,5469,3.21,,,,,-7,0,4.5,,,,,80,40,e4 e5 Nf3 Nc6 Bb5 Nge7 O-O a6 Ba4 b5 Bb3 Bb7 c3 Na5 Re1 Nxb3 Qxb3 Nc6 d4 h6 d5 Na5 Qc2 Nc4 b3 Nd6 Nxe5 f6 Ng6 Rg8 Qe2 Be7 Qh5 Nf7 Bf4 d6 Nd2 Qd7 c4 O-O-O Rac1 b4 c5 dxc5 Nxe7+ Qxe7 Qf5+ Kb8 Nc4 Ka8 Na5 Qd7 Qxd7 Rxd7 Nc6 Bxc6 dxc6 Rdd8 Rxc5 Rge8 Bxc7 Rc8 Bg3 Nd8 c7 Nb7 Rc6 Na5 Rc5 Nb7 Rc4 Ka7 Rxb4 Re6 f3 Rc6 Bf2+ Nc5 Rc1 Ka8,"{18003,18003,18083,18099,18187,18035,18267,18115,18195,18075,18251,18107,18371,17891,18435,16819,18251,15843,18155,15739,17835,15787,16987,15859,16723,15451,16627,15067,16155,14947,14987,13187,14659,12331,11603,12323,11355,10907,10067,10875,5859,9819,2235,9323,1579,9115,1451,8371,623,7979,575,7651,448,7555,458,7571,542,7547,626,6843,634,6819,445,6235,404,6155,425,6171,386,5723,363,5787,433,5707,272,5691,229,5627,275,5469,0}"
12698,QbskZ16r,white,Drac25,isomat,loss,resign,951,926,25,standard,blitz,blitz,180,2,3+2,lichess.org,14.0,2.22,26.0,,14/09/25 02:24,2025-09-14 05:27:46.616+00,205.276,C20,King's Pawn Game: Wayward Queen Attack,King's Pawn Game,3,-6,12450,2.64,3.0,0.0,2.0,73.0,53,12289,2.86,2.0,2.0,0.0,88.0,42,21,e4 e5 Qh5 Nc6 Bb5 g6 Qf3 Qf6 Nc3 Qxf3 Nxf3 Bb4 Bxc6 dxc6 Nxe5 Bxc3 dxc3 Nf6 Bg5 Nxe4 O-O Nxg5 Rae1 O-O Ng4 Bxg4 f3 Bf5 f4 Ne6 Rf2 Rae8 Kf1 Nc5 g4 Bxg4 f5 Bxf5 c4 Rxe1+ Kxe1 Bxc2,"{18003,18003,18043,17835,17931,17379,17251,17411,16259,17419,16331,17619,16179,17683,15219,17339,15227,17539,15163,16363,13731,15083,13763,14923,13547,14547,13595,14067,13483,13355,13331,12907,13291,12603,13179,12259,13059,12299,12539,12299,12595,12289,12450}"
12699,BoQXFDyb,black,Drac25,AaKooTee,loss,mate,957,949,8,standard,blitz,blitz,180,2,3+2,lichess.org,19.0,1.92,65.0,,12/09/25 21:28,2025-09-13 00:36:28.66+00,459.721,D00,Queen's Pawn Game,Queen's Pawn Game,3,-6,592,3.87,,,,,6,10345,1.66,,,,,93,47,d4 d5 e3 Bf5 Nf3 f6 c4 e6 Be2 c5 Bd2 cxd4 Nxd4 Be4 Bf3 Bc5 O-O f5 Bc3 Bxd4 Bxd4 Qe7 Nd2 Nf6 Bh5+ g6 f3 Bd3 Qb3 Bxf1 Qb5+ Nc6 Nxf1 gxh5 Bc5 Qd7 a3 Rg8 g3 Ne5 Kf2 Qxb5 cxb5 Nfd7 Bd4 b6 f4 Nd3+ Ke2 N3c5 Nd2 e5 fxe5 Ne4 Nb3 O-O-O Rc1+ Kb7 a4 Rde8 a5 Nxe5 a6+ Ka8 Bxe5 Rxe5 Nd4 Nc5 Nc6 Ree8 Nd4 h4 gxh4 Rg2+ Kf3 Rxh2 Nxf5 Ne4 Rc7 Rf8 Kf4 Rf2+ Ke5 R8xf5+ Ke6 Nc5+ Kd6 Rf6+ Kxd5 R2f5+ Kd4 Rf7 Rc8#,"{18003,18003,18203,17403,18403,17411,18451,17131,18475,16931,18611,16307,18555,16019,18403,15643,18355,15475,18475,15395,18523,15051,18659,14891,18651,14867,18131,14187,17243,12403,17147,12243,16771,11523,16539,10363,16019,9363,15667,8235,15395,8259,15467,7835,14771,5979,14787,5739,14803,5059,14779,4515,14747,4179,14003,3515,13923,3579,13843,3467,13763,3275,13219,3203,12907,3243,13043,3035,12947,2579,12787,2067,12811,2091,12515,2155,12523,1675,11835,1675,11299,1347,11315,1315,11059,1187,10795,1131,10571,684,10587,592,10345}"
12700,UypYtDTh,black,Drac25,Eduardo_Castanho,loss,resign,962,988,-26,standard,blitz,blitz,180,2,3+2,lichess.org,21.0,-0.62,,,12/09/25 21:22,2025-09-13 00:28:18.586+00,350.04,C25,"Vienna Gambit, with Max Lange Defense","Vienna Gambit, with Max Lange Defense",5,-5,5974,5.47,,,,,7,7632,4.71,,,,,45,23,e4 e5 Nc3 Nc6 f4 Bb4 Nf3 Bxc3 bxc3 Qf6 d4 exf4 e5 Qe7 Bxf4 d6 Bd3 dxe5 Bxe5 Nxe5 Nxe5 f6 O-O fxe5 Re1 Be6 Rxe5 O-O-O Qf3 c6 a4 Nf6 Bf5 Rd6 a5 Qc7 Bxe6+ Kb8 Bb3 Re8 a6 b6 Rae1 Qf7 Bxf7,"{18003,18003,18027,17803,18075,17867,18067,17923,18155,17451,17035,17219,17059,15347,17051,14587,17059,14611,16819,14523,17019,14251,16675,14043,15683,12907,15339,12339,13195,11971,12771,11827,12323,9891,11155,9411,10739,8107,9987,7259,9179,6915,7563,6387,7632,5974}"
12701,PgLK2AFI,white,Drac25,Eduardo_Castanho,loss,mate,968,980,-12,standard,blitz,blitz,180,2,3+2,lichess.org,32.0,0.15,70.0,,12/09/25 21:15,2025-09-13 00:22:19.684+00,405.821,C20,King's Pawn Game: Wayward Queen Attack,King's Pawn Game,3,-6,922,5.02,,,,,8,10299,2.27,,,,,70,35,e4 e5 Qh5 g6 Qf3 Bg7 Bc4 Nf6 Nc3 O-O d3 d6 h3 Nc6 Nd5 Nd4 Qd1 c6 Nxf6+ Qxf6 c3 Ne6 Nf3 d5 exd5 cxd5 Bb3 b6 Bxd5 Rb8 Be4 Ba6 c4 Nc5 Bg5 Qd6 O-O h6 Bh4 f5 Bd5+ Kh7 Bg3 f4 Bh2 b5 Qe2 bxc4 dxc4 Bxc4 Qxc4 Rbc8 Qe4 Nxe4 Rfd1 Qb6 Bxe4 Qxb2 Rab1 Qxa2 Rb7 a5 Nxe5 Kg8 Bd5+ Qxd5 Rxd5 Rc1+ Rd1 Rxd1#,"{18003,18003,17811,18107,17803,18187,17499,18339,17147,18443,16587,18363,16515,18355,16075,18179,15659,16891,15195,17091,14995,16691,14011,16739,13403,16611,13259,15499,13251,15515,12667,15579,12579,15467,11427,14699,9843,14555,8587,14675,8123,14675,7787,14115,7531,14139,6131,14139,6139,13971,6083,13563,5443,13491,5315,12419,5251,11579,5139,11555,5211,10947,4875,10523,4779,10283,4851,10451,922,10299}"
12702,4aukH7Dk,black,Drac25,unpalominho,loss,outoftime,972,1063,-91,standard,blitz,blitz,180,2,3+2,lichess.org,16.0,3.73,45.0,,12/09/25 21:03,2025-09-13 00:11:13.931+00,457.806,C57,"Italian Game: Two Knights Defense, Knight Attack",Italian Game,7,-4,0,5.14,,,,,5,6601,3.26,,,,,71,36,e4 e5 Nf3 Nc6 Bc4 Nf6 Ng5 Qe7 Bxf7+ Kd8 Bc4 d6 Nf7+ Ke8 Nxh8 Be6 Bxe6 Qxe6 Nc3 Qg4 Qxg4 Nxg4 O-O Be7 f3 Nh6 d3 Ng8 f4 Bf6 fxe5 Bxe5 Nf7 Bf6 Nd5 Kxf7 Nxc7 Rc8 Nd5 Nd4 c3 Ne2+ Kh1 Nxc1 Raxc1 Ke6 a4 Rc5 b4 Rc6 b5 Rb6 c4 a6 Nxf6 Nxf6 h3 axb5 axb5 d5 exd5+ Kd6 g4 Kd7 g5 Nh5 Kg2 Rd6 Ra1 Rg6 h4,"{18003,18003,18083,17411,18011,16843,15683,14491,14787,14259,13667,13363,13643,12555,13691,12315,12819,12315,12915,10547,12459,10491,12259,9675,11731,8627,11771,8235,11555,7355,11411,7171,11011,6067,10779,5931,10515,5611,10347,5315,9963,4163,10003,2923,9963,1739,8899,1403,8443,1243,8443,1307,7899,791,7683,784,7571,719,7691,476,6843,560,6851,333,6971,340,6875,421,6611,347,6601,0}"
12703,ruw1Fhxb,white,Drac25,Li3ha,win,resign,968,842,126,standard,blitz,blitz,180,2,3+2,lichess.org,,-0.1,,,12/09/25 20:59,2025-09-13 00:03:06.37+00,205.195,B20,Sicilian Defense: Bowdler Attack,Sicilian Defense,3,4,7502,10.5,,,,,-8,13144,4.86,,,,,21,11,e4 c5 Bc4 d6 f3 Nc6 Nc3 Nf6 d3 g6 Nd5 Nxd5 Bxd5 Nd4 c3 Nc6 Qa4 Qd7 Be3 b6 Bxc6,"{18003,18003,17371,17867,16091,17067,15347,16611,14323,15795,13235,15555,12747,15635,12035,15163,11123,14299,7651,14083,7502,13144}"
12704,i0S8YsFv,white,Drac25,MatiasJosueChavez,loss,outoftime,973,1057,-84,standard,blitz,blitz,180,2,3+2,lichess.org,25.0,2.5,42.0,,12/09/25 18:24,2025-09-12 21:29:27.872+00,269.623,B00,"Nimzowitsch Defense: Scandinavian Variation, Advance Variation",Nimzowitsch Defense,5,-5,0,6.67,,,,,7,14052,1.52,,,,,54,27,e4 d5 e5 Nc6 d4 f6 Bb5 Bd7 Nf3 e6 Bf4 a6 exf6 gxf6 Bxc6 Bxc6 O-O Bd6 Qd2 e5 dxe5 fxe5 Bxe5 Bxe5 Nxe5 Nf6 Qg5 Qd6 Nxc6 Qxc6 Re1+ Ne4 Qe5+ Kd7 Qg7+ Kd6 Nc3 Rae8 Qh6+ Kd7 Qxc6+ Kxc6 Nxe4 Rxe4 b3 Rhe8 Kf1 d4 f3 Rxe1+ Rxe1 Rd8 Re6+ Kd5,"{18003,18003,17755,18011,17731,18083,17659,18099,17195,17603,16283,17635,16139,17723,15067,17923,13963,17395,13731,17387,13507,17323,13387,17379,13451,17387,11803,16811,11131,16763,10875,16547,10763,16195,10299,15627,10203,15307,9643,14987,9571,14947,9219,14995,8739,14963,8235,14499,8179,14523,8203,14067,7888,14052,0}"
12705,fuh2qFLg,black,Drac25,MontasserAA,win,mate,966,986,-20,standard,blitz,blitz,180,2,3+2,lichess.org,29.0,-3.6,59.0,,12/09/25 18:16,2025-09-12 21:24:41.668+00,489.222,D00,Blackmar-Diemer Gambit Declined: Vienna Defense,Blackmar-Diemer Gambit Declined,8,7,600,5.61,,,,,-6,668,5.59,,,,,64,32,d4 d5 e4 Nf6 f3 dxe4 Nc3 Bf5 Bf4 Nc6 Be2 Nd5 Nxd5 Qxd5 Bb5 Qxb5 d5 Qa5+ c3 Nd8 Ne2 exf3 Nd4 fxg2 Rg1 Be4 Bxc7 Qc5 Qa4+ b5 Nxb5 Qxg1+ Kd2 Qf2+ Kc1 Qe1+ Qd1 Qxd1+ Kxd1 g1=Q+ Kd2 Qg2+ Kd1 Qc2+ Ke1 Qd3 Nd6+ exd6 Rd1 Qe3+ Kf1 Qf3+ Ke1 Ne6 Bxd6 Nf4 Bxf8 Nd3+ Rxd3 Bxd3 Kd2 Qe2+ Kc1 Qc2#,"{18003,18003,18107,17891,16907,15707,16683,14755,15371,14235,15347,14155,13475,13947,13611,13075,11891,8827,11339,7235,10123,6763,8395,5859,7779,4363,5067,4179,3963,3587,2931,3483,2675,2779,2267,2203,2211,2115,2323,2075,2363,1979,2299,1883,2403,1667,618,1699,523,976,589,962,653,644,599,608,409,636,491,695,570,755,668,600}"
12706,HAx1EIWP,black,Drac25,particle_physics,loss,outoftime,970,1130,-160,standard,blitz,blitz,180,2,3+2,lichess.org,17.0,0.36,,,12/09/25 15:12,2025-09-12 18:21:16.295+00,504.92,B01,Scandinavian Defense,Scandinavian Defense,2,-4,0,5.81,,,,,3,692,5.58,,,,,63,32,e4 d5 Nc3 d4 Nce2 e5 Nf3 Bg4 d3 Bxf3 gxf3 Bb4+ Bd2 Nc6 f4 Bxd2+ Qxd2 Qh4 h3 O-O-O f5 f6 Ng1 Qh5 Be2 Qf7 b3 g6 Bg4 Kb8 O-O-O Qe7 Kb2 Qc5 Ne2 Nge7 f4 b6 h4 Nb4 h5 Nec6 hxg6 hxg6 fxe5 fxe5 fxg6 Rxh1 Rxh1 Nxa2 Kxa2 Nb4+ Kb2 Na6 c3 dxc3+ Nxc3 Qd4 g7 Rg8 Rh3 Kb7 Qe3,"{18003,18003,17931,17979,17995,17891,17755,17971,17003,17795,17203,17539,17059,17259,16715,16011,16699,13883,12139,11971,9659,11019,7099,9123,6619,8867,6011,7803,5555,7691,5507,6659,4747,5131,3867,4435,3603,1915,2779,1547,1979,1491,2051,1451,2195,1387,2083,1395,2251,1291,2235,971,2043,535,1363,572,1563,518,1235,571,492,606,692,0}"
12707,D8Mmwy1O,white,Drac25,MarkuShaTheFirst,loss,outoftime,977,885,92,standard,blitz,blitz,180,2,3+2,lichess.org,28.0,-0.81,,,12/09/25 15:05,2025-09-12 18:12:36.117+00,450.61,C02,"French Defense: Advance Variation, Nimzowitsch System",French Defense,7,-7,0,7.5,6.0,4.0,2.0,67.0,8,2549,6.72,5.0,3.0,1.0,76.0,48,24,e4 e6 d4 d5 e5 c5 Nf3 Nc6 Bb5 Bd7 Be3 a6 Bxc6 Bxc6 dxc5 Qa5+ Bd2 Qxc5 b4 Qe7 O-O f6 exf6 Qxf6 c3 Bd6 g3 Ne7 Bg5 Qg6 h4 h6 Be3 O-O Nbd2 Bb5 c4 dxc4 Re1 Bxb4 a3 Bxd2 Bxd2 Rad8 Qc1 Rxf3 Re3 Qf6,"{18003,18003,17915,18203,17155,17843,17035,17267,16659,16995,16027,16995,15891,17195,15995,16627,13211,16619,12115,13907,11315,13963,11075,13859,9155,10883,7387,10523,6683,8483,6179,7923,5771,7643,5627,6155,5219,4883,3891,4659,2723,4643,1891,4739,1099,3371,280,2549,0}"
12708,Jaj01ENC,white,Drac25,Mor1791,loss,outoftime,983,923,60,standard,blitz,blitz,180,2,3+2,lichess.org,17.0,-0.82,49.0,,12/09/25 14:57,2025-09-12 18:04:21.151+00,435.594,C20,King's Pawn Game: Wayward Queen Attack,King's Pawn Game,3,-6,0,5.0,,,,,11,9314,2.48,,,,,72,36,e4 e5 Qh5 Nc6 Bc4 g6 Qf3 Qf6 c3 Qxf3 Nxf3 Nf6 d3 Bg7 Bd5 Nxd5 exd5 Ne7 c4 d6 Nc3 a6 Ne4 O-O Bg5 f6 Bh4 g5 Bg3 Nf5 c5 Nxg3 hxg3 Bg4 cxd6 cxd6 Nxd6 b5 O-O-O Rad8 Ne4 Rxd5 Kb1 Rfd8 Rd2 Rxd3 Rhd1 Rxd2 Rxd2 Rxd2 Nfxd2 h6 f3 Bf5 g4 Bg6 Ka1 Kf7 Nb3 f5 Nd6+ Ke6 Nb7 fxg4 fxg4 e4 N3c5+ Kd5 Nb3 e3 N7c5 e2,"{18003,18003,18115,18019,18219,18091,18291,17595,18083,17651,18179,17339,17995,17323,17779,17235,17835,17379,17283,17443,16155,17251,15867,16347,15331,16307,14683,16259,14739,16107,12235,15595,12251,14715,11963,14779,11779,14715,10803,14731,9091,14459,8531,13203,6627,13171,6571,11955,6571,12075,5787,11883,5819,11683,5355,11483,5123,11547,4563,10939,4171,10899,3443,10523,3483,10627,3195,9779,1987,9635,1267,9314,0}"
12709,2nSNthpl,black,Drac25,cavidan_55,loss,outoftime,989,968,21,standard,blitz,blitz,180,2,3+2,lichess.org,15.0,-0.74,66.0,,12/09/25 14:46,2025-09-12 17:55:52.663+00,533.896,C20,King's Pawn Game: Wayward Queen Attack,King's Pawn Game,3,-6,0,4.29,,,,,6,3148,3.54,,,,,85,43,e4 e5 Qh5 Nc6 Bc4 g6 Qf3 Qf6 Qxf6 Nxf6 d3 Bc5 Bg5 Ng4 Nh3 f6 Bh4 d6 O-O g5 Bg3 Nh6 a3 Bxh3 gxh3 g4 hxg4 Nxg4 b4 Bd4 c3 Bb6 b5 Ne7 d4 exd4 cxd4 Bxd4 Ra2 O-O-O Rd2 Bb6 Be6+ Kb8 Bxg4 Rhg8 Be6 Rg6 Nc3 d5 exd5 a6 d6 cxd6 bxa6 bxa6 Kh1 Ka7 Bxd6 Nc8 Bxc8 Rxc8 Nd5 Ba5 Ne7 Bxd2 Nxc8+ Ka8 Nb6+ Kb7 Rb1 Kc6 Bg3 Ba5 Nc4 Bb6 Nxb6 h5 Nc4 Kc5 Ne3 Rg5 Rc1+ Kb5 Bf4,"{18003,18003,17915,17723,18067,17099,18155,17043,18155,17115,18219,16923,18267,16883,17683,16411,15555,15339,15211,13475,14723,13235,14235,13219,14219,13147,12771,13155,12939,13139,12931,12235,13011,11603,13107,11419,13155,11515,13171,10851,13251,10467,13283,10307,13355,9539,12611,8779,12155,8515,11859,5899,11675,5595,9643,5491,9739,4003,9779,3523,8523,3371,8331,2675,8347,2187,8387,1763,7963,1763,7707,1651,6155,1203,5355,1099,5011,957,4675,932,4803,409,4227,344,3148,0}"
12710,ST78w0io,white,Drac25,Akhremach,win,resign,984,965,19,standard,blitz,blitz,180,2,3+2,lichess.org,19.0,-3.49,38.0,,12/09/25 14:41,2025-09-12 17:46:42.21+00,335.531,C20,King's Pawn Game: Wayward Queen Attack,King's Pawn Game,3,5,7330,3.34,,,,,-6,9753,2.58,,,,,65,33,e4 e5 Qh5 Nc6 Bc4 g6 Qf3 Nf6 Bb5 Nd4 Qd3 c6 Bc4 b5 Bb3 d5 c3 dxe4 Qg3 Be6 Qxe5 Bd6 Qxd4 Bxb3 axb3 O-O d3 exd3 Bg5 Re8+ Kf1 Re4 Qxe4 Nxe4 Bxd8 Nd2+ Nxd2 Rxd8 Ngf3 Bf4 g3 Bxd2 Nxd2 Re8 Kg2 f5 Rhe1 Rxe1 Rxe1 a5 Re3 a4 bxa4 bxa4 Rxd3 c5 c4 g5 Ra3 f4 gxf4 gxf4 Rxa4 h5 Kf3,"{18003,18003,18107,17979,18179,17219,18259,17163,16971,16963,16699,16027,16139,16067,16123,14315,14667,14235,13571,13043,13107,12443,11739,12419,10659,12363,9611,12219,9499,12163,9195,10211,8459,10251,8539,10211,8547,10291,8107,10211,7515,10251,7595,10339,7499,10283,7499,9915,7515,9971,7555,10035,7459,10139,7563,10211,7491,10067,7467,10115,7459,10227,7451,10275,7330,9753}"
12711,5tOygQei,black,Drac25,Swe3tzz,loss,outoftime,990,930,60,standard,blitz,blitz,180,2,3+2,lichess.org,17.0,0.52,,,12/09/25 14:33,2025-09-12 17:39:40.869+00,395.542,D00,Queen's Pawn Game: Accelerated London System,Queen's Pawn Game,3,-6,0,7.2,1.0,1.0,3.0,71.0,42,3834,5.67,0.0,0.0,4.0,68.0,51,26,d4 d5 Bf4 Bf5 e3 Nf6 Nf3 Nc6 Nbd2 e6 c3 Ne4 Nxe4 dxe4 Ne5 Nxe5 Bxe5 Bd6 f4 f6 Bxd6 Qxd6 Bb5+ c6 Be2 O-O O-O Rad8 h3 Qc7 Qb3 b5 g4 Bg6 f5 Bf7 fxe6 Bxe6 Qxe6+ Kh8 Rad1 Qg3+ Kh1 Qxh3+ Kg1 Qxe3+ Rf2 Qg3+ Rg2 Qe3+ Kh2,"{18003,18003,17795,17691,17763,17603,17803,16779,17819,16203,16883,16131,16907,14411,16547,14323,16587,13315,16195,13347,16139,13323,15851,13131,14499,11427,13691,10531,12707,10051,10875,8627,9971,8019,9611,7891,8363,6979,7483,6843,6483,6811,5939,6787,5707,5915,5475,5587,5051,4600,3834,0}"
12712,KzevsR7X,black,Drac25,KasparovsSon,loss,outoftime,995,1030,-35,standard,blitz,blitz,180,2,3+2,lichess.org,28.0,6.81,,,12/09/25 14:24,2025-09-12 17:29:55.728+00,336.09,C20,King's Pawn Game: MacLeod Attack,King's Pawn Game,3,-5,0,7.2,,,,,6,12112,2.36,,,,,51,26,e4 e5 c3 d5 exd5 Qxd5 Bd3 e4 Bc2 Nf6 Qe2 Bg4 f3 Bf5 d3 Be7 fxe4 Nxe4 dxe4 Bxe4 Bxe4 O-O Bxd5 c6 Be4 Re8 Qd3 Na6 Bxh7+ Kf8 Ne2 Bh4+ g3 Bf6 Qf3 Re6 h4 Rae8 Rh2 Be5 Bf4 Rf6 Kd2 Rd8+ Kc2 Bxf4 Nxf4 g6 Nxg6+ Rxg6 Bxg6,"{18003,18003,18035,17635,17611,17555,17363,17259,17411,16851,17043,15603,16939,14339,16371,11635,16419,11387,16507,11403,16587,9787,16651,9523,16483,9371,16523,8691,16515,8547,16563,7771,16403,7675,16219,6539,16291,6275,16259,5643,14595,5363,13307,3867,13395,3075,13179,2027,12171,1725,12112,0}"
12713,ZVmGOvtT,white,Drac25,ilouan,win,resign,990,952,38,standard,blitz,blitz,180,2,3+2,lichess.org,23.0,-0.08,35.0,,12/09/25 14:20,2025-09-12 17:24:08.952+00,198.166,C02,"French Defense: Advance Variation, Nimzowitsch System",French Defense,7,5,8919,5.34,,,,,-14,14949,1.8,,,,,35,18,e4 e6 e5 d5 d4 c5 Nf3 Nc6 Bb5 Qb6 Bxc6+ bxc6 Be3 Qa5+ Nc3 cxd4 Bxd4 c5 b4 Qd8 Bxc5 Bxc5 bxc5 d4 Nxd4 Ne7 O-O Nc6 Nxc6 Qxd1 Raxd1 Bd7 Nd4 Ba4 Nxa4,"{18003,18003,17835,18203,17891,17739,17451,17539,16619,17379,15683,17227,15403,16843,15083,16883,14923,17019,10763,16139,10555,16147,10371,16347,10259,15747,9763,15723,9731,15675,9779,15827,9091,15491,8919,14949}"
12714,w9OEJd3u,black,Drac25,Rev1vall,loss,outoftime,997,958,39,standard,blitz,blitz,180,2,3+2,lichess.org,21.0,1.68,53.0,,12/09/25 14:13,2025-09-12 17:20:22.345+00,422.472,B00,"Nimzowitsch Defense: Kennedy Variation, Linksspringer Variation",Nimzowitsch Defense,5,-7,0,6.92,,,,,6,5833,4.68,,,,,53,27,e4 e5 d4 Nc6 d5 Nb4 Bd2 a5 Nf3 d6 Bb5+ Bd7 Nc3 c6 dxc6 bxc6 Bc4 Bg4 h3 Bh5 g4 Bg6 Ng5 f6 Ne6 Qe7 Na4 d5 exd5 Nxc2+ Qxc2 Bxc2 dxc6 Bxa4 O-O Bxc6 g5 g6 gxf6 Nxf6 Bg5 Bd7 Nc7+ Kd8 Nxa8 Qc5 Bxf6+ Kc8 Bxh8 Qxc4 Nb6+ Kb7 Nxc4,"{18003,18003,18067,17755,18163,16363,17619,15971,17219,15467,16883,14883,16907,14187,16947,14067,16099,11371,15619,11395,15643,11467,15347,8875,14835,7827,11659,7259,11003,6867,10811,6907,10107,6763,9307,6787,8419,6283,8091,5755,7707,3499,7555,2971,7443,1339,6427,721,5627,474,5675,350,5833,0}"
12715,O0MEY3zy,white,Drac25,Surenoki,win,mate,990,1046,-56,standard,blitz,blitz,180,2,3+2,lichess.org,15.0,0.52,,,12/09/25 14:06,2025-09-12 17:12:46.68+00,362.696,C20,King's Pawn Game: Wayward Queen Attack,King's Pawn Game,3,7,5093,6.79,,,,,-7,3420,8.1,,,,,39,20,e4 e5 Qh5 d6 Bc4 g6 Qf3 f6 Nc3 Nc6 Nge2 Nh6 d3 f5 Bxh6 Bxh6 Nd5 f4 h3 Be6 Nxc7+ Qxc7 Bxe6 Nd4 Nxd4 exd4 Qg4 Qxc2 Bd7+ Kf8 O-O Qxd3 f3 Rd8 Be6 g5 Qf5+ Kg7 Qf7#,"{18003,18003,18123,18051,18099,17859,18131,17931,17699,15363,14555,12771,13859,11427,13155,11227,12787,9931,11811,10003,10067,10003,10131,9787,9859,9859,9091,8507,8467,8235,7691,8067,6739,4299,5459,3395,5371,3420,5093}"
12716,7jmhpHi5,white,Drac25,a_perfect_sphere,loss,resign,994,1109,-115,standard,blitz,blitz,180,2,3+2,lichess.org,17.0,-1.81,43.0,,12/09/25 14:01,2025-09-12 17:06:35.732+00,288.605,C20,King's Pawn Game: Wayward Queen Attack,King's Pawn Game,3,-4,5490,5.44,,,,,4,11962,2.75,,,,,46,23,e4 e5 Qh5 Nc6 Bc4 g6 Qf3 Nf6 c3 Bg7 Nh3 O-O d3 d6 Ng5 Bg4 Qg3 d5 exd5 Na5 Qxe5 Nxc4 dxc4 Re8 Ne6 Qd7 Bh6 fxe6 Bxg7 Kxg7 O-O exd5 Qg5 Be2 Re1 Bxc4 Na3 Rxe1+ Rxe1 Bxa2 h3 Re8 Rxe8 Qxe8 Qxd5 Nxd5,"{18003,18003,18091,18171,18219,18131,18323,18171,18379,18251,18043,18395,17459,18315,17283,18347,16499,17435,15731,17507,12483,17251,12187,17147,11707,14435,10251,14451,9795,14443,9259,14427,8211,14187,7723,12963,7483,12595,7459,11659,6259,11795,5643,11995,5707,11962,5490}"
12717,bzR4NNSK,black,Drac25,Zweig64,loss,outoftime,997,1157,-160,standard,blitz,blitz,180,2,3+2,lichess.org,18.0,1.83,,,12/09/25 13:54,2025-09-12 17:01:05.72+00,421.808,C44,Scotch Game,Scotch Game,5,-3,0,9.0,,,,,4,3019,7.49,,,,,41,21,e4 e5 Nf3 Nc6 d4 Qf6 d5 Nd4 Nxd4 exd4 c4 Bc5 Bd3 d6 O-O Nh6 b3 Bg4 Qc2 Qg6 Kh1 Bf3 gxf3 O-O Rg1 Qh5 Qe2 Rae8 Nd2 f5 Nf1 fxe4 Bxe4 Rxe4 Qxe4 Rxf3 Ng3 Qf7 Rg2 d3 Bxh6,"{18003,18003,18067,18115,18211,16955,18235,16787,18267,16715,17771,15595,16843,15323,16827,14155,14947,13003,13107,12787,12379,12147,12075,10059,11403,9971,11187,8395,10779,8347,10043,7971,9443,5603,9347,3747,5571,2099,3123,939,3019,0}"
12718,jWBlIm8E,black,Drac25,CB_Aadhvik,loss,mate,1003,1025,-22,standard,blitz,blitz,180,2,3+2,lichess.org,,0.87,,,12/09/25 13:50,2025-09-12 16:52:30.969+00,136.133,C50,"Italian Game: Giuoco Pianissimo, Italian Four Knights Variation",Italian Game,9,-6,11494,8.14,2.0,0.0,1.0,61.0,10,15346,2.95,0.0,0.0,0.0,98.0,19,10,e4 e5 Nf3 Nc6 Bc4 Nf6 Nc3 Bc5 d3 Ng4 Bxf7+ Kxf7 Ng5+ Kg8 Qxg4 d5 Qf3 Nd4 Qf7#,"{18003,18003,17835,17267,17923,16763,17347,16643,17395,15883,16243,14771,16323,12163,16243,11763,15499,11494,15346}"
12719,Wo7tBv6n,white,Drac25,hs2308,loss,outoftime,1008,1044,-36,standard,blitz,blitz,180,2,3+2,lichess.org,27.0,-1.18,57.0,,12/09/25 13:00,2025-09-12 16:09:05.084+00,492.697,C20,King's Pawn Game: Wayward Queen Attack,King's Pawn Game,3,-5,0,4.74,,,,,7,1045,4.58,,,,,76,38,e4 e5 Qh5 Nc6 Bc4 g6 Qf3 Nf6 c3 Bc5 d3 O-O Bg5 Be7 Bh6 Re8 Bg5 d6 Bxf6 Bxf6 h3 Na5 Bd5 c6 Bb3 Nxb3 axb3 Be6 c4 b5 Ra6 bxc4 Rxc6 cxb3 Nc3 Bg7 Nge2 Bd7 Rxd6 Qc7 Rd5 Be6 Nb5 Qc2 Rxe5 Bxe5 O-O Rab8 Na3 Qxb2 d4 Qxa3 dxe5 Qa2 Nf4 b2 Nxe6 Rxe6 Qd1 Rc8 Qb1 Qxb1 Rxb1 Rb8 f3 Rxe5 f4 Rxe4 Kf2 Rxf4+ Ke3 Rc4 Kd3 Rc1 g4 Rxb1,"{18003,18003,18099,17707,18227,17363,18299,17219,18259,15931,17771,15731,17643,15235,16683,14875,15051,13899,14939,13691,14715,12707,14411,12547,12179,12243,12283,11315,12083,10371,11883,9603,11331,7851,10859,7323,9371,6179,9299,5875,8859,4667,8123,3363,7139,2531,6515,2019,5299,2011,4179,1627,4155,1387,4147,1075,3891,958,3475,867,3555,714,3667,706,3635,756,3699,791,3787,857,3643,995,3707,1019,3011,1045,0}"
12720,AjYIJBC0,black,Drac25,AbdielMiranda,loss,mate,1012,1134,-122,standard,blitz,blitz,180,2,3+2,lichess.org,,1.53,,,12/09/25 12:56,2025-09-12 15:59:48.503+00,177.135,C60,Ruy Lopez,Ruy Lopez,5,-4,12153,6.5,,,,,5,11132,6.87,,,,,21,11,e4 e5 Nf3 Nc6 Bb5 Qf6 Bxc6 dxc6 d4 Bb4+ c3 Ba5 dxe5 Qe6 O-O b5 Be3 Qg4 Bg5 h6 Qd8#,"{18003,18003,18027,18099,17835,17723,16387,16915,16195,16563,16243,16675,16283,15595,15483,14411,13683,13795,13235,12153,11132}"
12721,0wpjauw7,black,Drac25,janik117n7,win,resign,1005,1068,-63,standard,blitz,blitz,180,2,3+2,lichess.org,20.0,-4.7,44.0,,11/09/25 14:36,2025-09-11 17:42:17.467+00,357.134,B01,Scandinavian Defense: Mieses-Kotroc Variation,Scandinavian Defense,4,7,5931,3.77,,,,,-7,9164,2.68,,,,,66,33,e4 d5 exd5 Qxd5 Nc3 Qe5+ Qe2 Nc6 Qxe5 Nxe5 Nd5 Kd7 Bb5+ c6 Bxc6+ bxc6 Nf4 Nf6 Nfh3 Bb7 Ng5 h6 N5f3 Nxf3+ Nxf3 e6 Ne5+ Ke7 O-O g5 d3 Nh5 d4 Nf4 c3 Ne2+ Kh1 Nxc1 Raxc1 Bg7 Nc4 Ba6 Ne5 Bxf1 Rxf1 Bxe5 dxe5 Rad8 h3 Rd3 a4 Rhd8 Re1 Rd1 Rxd1 Rxd1+ Kh2 Re1 b4 Rxe5 b5 cxb5 axb5 Rxb5 c4 Rc5,"{18003,18003,18075,18091,18091,17899,17971,17699,17931,17723,18035,16395,17723,16451,16099,16403,15419,14331,14763,13883,14691,13347,14387,11123,14587,10435,14595,10299,14411,8963,14355,8259,13827,8035,13315,7675,13219,7715,12683,7435,12491,7283,12027,7195,12051,7243,12091,7067,11731,6819,10771,6499,9715,6435,9611,6443,9811,6147,9131,6123,9219,5963,9315,5899,9515,5931,9164}"
12722,zZ5KFKwi,black,Drac25,terskiris,win,outoftime,999,982,17,standard,blitz,blitz,180,2,3+2,lichess.org,,,,,11/09/25 14:32,2025-09-11 17:33:02.181+00,60.358,D02,Queen's Pawn Game: Zukertort Variation,Queen's Pawn Game,3,6,15575,4.05,,,,,-13,0,25.72,,,,,14,7,d4 d5 Nf3 Bf5 Nc3 Nf6 Bf4 Nc6 h3 Ne4 Nxe4 Bxe4 Rc1 f6,"{18003,18003,18131,17731,17827,17603,17731,17507,17875,17491,17931,17035,17556,15575,0}"
12755,ipshFFmu,white,Drac25,Hamoudi300,win,outoftime,948,1026,-78,standard,blitz,blitz,180,2,3+2,lichess.org,22.0,4.98,,,08/09/25 21:42,2025-09-09 00:49:35.502+00,425.109,B20,Sicilian Defense: Bowdler Attack,Sicilian Defense,3,7,3125,7.08,2.0,0.0,1.0,81.0,-18,0,8.57,0.0,0.0,1.0,52.0,43,22,e4 c5 Bc4 Nc6 Nf3 b6 Bd5 Bb7 Ng5 e6 Bc4 Qxg5 d4 cxd4 Bxg5 Bc5 c3 f6 Bh4 O-O-O b4 d5 bxc5 dxc4 Qg4 d3 Nd2 g5 Qxe6+ Kb8 Bg3+ Ka8 cxb6 axb6 Nxc4 d2+ Nxd2 Nge7 Qxf6 Rhf8 Qxg5 Nc8 O-O,"{18003,18003,17611,17827,16987,17171,16619,16627,15651,16491,13851,16283,13299,14515,13307,14035,12203,13403,11811,11483,10547,9907,10147,9907,8435,5419,8299,4443,7939,4195,7635,3947,5467,3051,5235,1563,4803,1603,3147,627,3123,266,3125,0}"
12723,8METNYVJ,white,Drac25,YouYac,win,outoftime,994,962,32,standard,blitz,blitz,180,2,3+2,lichess.org,21.0,1.17,32.0,,11/09/25 14:23,2025-09-11 17:31:35.802+00,467.761,B00,Borg Defense,Borg Defense,2,5,4821,3.88,,,,,-6,0,5.29,,,,,69,35,e4 g5 d4 g4 Qxg4 d5 Qf4 dxe4 Qxe4 Nf6 Qe5 Nc6 Bb5 Bd7 Bxc6 Bxc6 Nf3 e6 Bg5 Be7 Nc3 Bxf3 gxf3 Bd6 Qxf6 Qxf6 Bxf6 Rg8 Kd1 Rg6 Be5 Bxe5 dxe5 O-O-O+ Ke2 Rd4 Ke3 Rb4 b3 f6 a3 Rb6 f4 fxe5 fxe5 Rc6 Kd3 Rg5 f4 Rg4 Raf1 Rg2 h4 Rg3+ Kd4 Rcxc3 Rhg1 Rxg1 Rxg1 Rxc2 Rg8+ Kd7 Rg7+ Kc6 Rxh7 Rd2+ Ke3 Rd5 Re7,"{18003,18003,17163,17899,16931,17955,15859,15731,15627,15715,14451,15163,14347,13843,13859,13371,12763,11411,12019,10763,11651,9507,10867,7283,10891,7003,10947,6971,10747,6491,10427,5563,10451,5635,10531,5035,10091,3331,9739,3035,9555,2427,9331,2011,8131,2035,7179,1987,7131,1675,5931,1627,5747,1403,5363,989,4755,629,4723,729,4707,821,4763,850,4883,617,4899,504,4821,0}"
12724,CCYfGYQq,white,Drac25,max821994,win,resign,989,953,36,standard,blitz,blitz,180,2,3+2,lichess.org,29.0,6.96,49.0,,11/09/25 14:17,2025-09-11 17:21:32.107+00,261.388,C20,King's Pawn Game: Wayward Queen Attack,King's Pawn Game,3,5,11681,1.81,1.0,0.0,2.0,86.0,-6,14117,1.11,2.0,1.0,2.0,79.0,71,36,e4 e5 Qh5 g6 Qf3 a6 Bc4 f6 Nc3 b5 Bd5 c6 Bxg8 Rxg8 d3 g5 Qh5+ Ke7 Qxh7+ Ke6 Qxg8+ Ke7 Qh7+ Ke6 Be3 Ra7 Qh3+ Kd6 f4 Rc7 fxe5+ fxe5 Qg3 Ke7 Qxg5+ Ke8 Qxd8+ Kxd8 Nf3 c5 Nxe5 Bd6 Nf7+ Ke7 Nxd6 Kxd6 Bf4+ Kc6 Bxc7 Kxc7 Nd5+ Kc6 Ne7+ Kc7 Nxc8 Kxc8 O-O Nc6 Rf8+ Kc7 c3 c4 dxc4 bxc4 h4 Kd6 Rf6+ Kc7 Rxc6+ Kxc6 Rf1,"{18003,18003,18091,17867,18115,16579,17739,16475,17395,16307,17291,16379,16915,16451,16763,16371,16555,16171,16595,16283,16635,16259,16411,16323,15003,15971,14755,15731,13211,15491,13019,15691,12987,15219,12851,15243,12867,15443,12563,15483,12083,15347,12099,15211,12043,15411,12147,14763,12251,14963,12355,15011,12443,15091,12363,15291,12163,14995,11627,14955,11731,14843,11651,15043,11595,14611,11483,14419,11603,14619,11681,14117}"
12725,dTiTQo4w,black,Drac25,bekzan7,win,mate,983,987,-4,standard,blitz,blitz,180,2,3+2,lichess.org,21.0,-0.33,45.0,,11/09/25 14:03,2025-09-11 17:11:30.585+00,451.053,C50,Italian Game,Italian Game,5,6,920,6.57,4.0,0.0,3.0,74.0,-7,2444,5.98,1.0,1.0,3.0,51.0,54,27,e4 e5 Nf3 Nc6 Bc4 Qf6 d3 h6 c3 Bc5 d4 exd4 cxd4 Nxd4 Nxd4 Bxd4 O-O d6 Nc3 Bxc3 bxc3 Qxc3 Bd2 Qxc4 Re1 Be6 Rc1 Qxa2 e5 O-O-O Ra1 Qb3 Qe2 dxe5 Rxa7 Bc4 Ra8+ Kd7 Qg4+ Be6 Rxd8+ Kxd8 Qxg7 Ke7 Qxh8 f6 Qg7+ Bf7 Bxh6 Nxh6 Qxh6 Qc3 Qh3 Qxe1#,"{18003,18003,18131,17987,18275,17283,17395,17259,15883,17267,15899,17291,16099,16475,14627,16459,14739,14915,12555,14627,12755,14683,12643,14571,12659,12459,12435,11771,11987,9675,10891,9091,8427,8555,8283,6883,7283,6955,7107,6731,5235,6371,5283,2123,5235,2027,4979,2075,3003,1227,3051,1115,2444,920}"
12726,c2wZJ5D8,white,Drac25,VivekBelsare,loss,resign,989,1017,-28,standard,blitz,blitz,180,2,3+2,lichess.org,,-7.42,,,11/09/25 13:59,2025-09-11 17:02:00.088+00,151.028,C20,King's Pawn Game: Wayward Queen Attack,King's Pawn Game,3,-6,6760,12.49,1.0,0.0,1.0,62.0,5,17665,0.42,1.0,0.0,0.0,95.0,18,9,e4 e5 Qh5 d6 Bc4 Nh6 d3 Bg4 Bxf7+ Kd7 Be6+ Kxe6 Bg5 Be7 Qh4 Bxg5 f3 Bxh4+,"{18003,18003,18123,17867,18203,17579,18155,17659,16547,17731,10795,17747,9467,17739,7795,17699,7395,17665,6760}"
12727,8RljL6vU,black,Drac25,Grisou67,loss,outoftime,996,910,86,standard,blitz,blitz,180,2,3+2,lichess.org,17.0,-0.33,25.0,,11/09/25 13:50,2025-09-11 16:58:37.108+00,503.257,C20,King's Pawn Game: Leonardis Variation,King's Pawn Game,3,-7,0,4.19,,,,,7,2644,3.57,,,,,87,44,e4 e5 d3 Bc5 Nf3 Nc6 Be3 Bxe3 fxe3 d6 d4 Bg4 d5 Nb4 Bd3 Nxd3+ Qxd3 Bxf3 gxf3 Qh4+ Kd2 Qf2+ Qe2 Qxe2+ Kxe2 Nf6 Nc3 c6 dxc6 bxc6 Rag1 O-O Rd1 Rad8 Rd2 Nh5 Rg1 f5 f4 exf4 exf4 Nxf4+ Kf2 Nh3+ Kg2 Nxg1 Kxg1 fxe4 Nxe4 d5 Nc5 Rf6 Re2 Kf7 Nb7 Rb8 Nc5 Rxb2 a4 d4 Nd7 Rg6+ Kf2 d3 Ne5+ Kg8 Nxd3 Rf6+ Ke3 Re6+ Kf2 Ra2 Rxe6 Rxc2+ Ke3 c5 Re8+ Kf7 Rc8 c4 Ne5+ Ke6 Nxc4 Kd5 Kd3 Rc1 Ne3+,"{18003,18003,18043,17435,18051,17347,18155,17187,18147,16755,18259,16283,18307,15931,17651,14875,17643,14931,17547,15043,16267,14403,15651,13315,15587,12835,15739,12707,15339,12779,15283,12099,13891,10603,13347,10203,12947,8731,12419,8347,12387,8419,12075,8475,11955,8155,12075,8003,12107,8083,12163,7571,10571,7243,10347,7275,10315,7291,10091,6971,9779,6563,9771,6563,9811,5291,9091,5051,8995,4907,7403,4931,7403,4371,6955,4035,5675,3939,5571,3579,4187,2891,3907,2739,3211,2443,2644,0}"
12728,F76K2a5F,white,Drac25,Pkarde,loss,outoftime,999,1141,-142,standard,blitz,blitz,180,2,3+2,lichess.org,29.0,-3.88,52.0,,11/09/25 13:18,2025-09-11 16:27:25.86+00,534.062,B00,Pirc Defense,Pirc Defense,4,-3,0,4.09,10.0,7.0,5.0,70.0,8,3164,3.45,7.0,2.0,5.0,72.0,88,44,e4 d6 d4 Nf6 d5 g6 Bg5 Bg7 Qf3 O-O h3 h6 Bh4 c6 Nc3 cxd5 Nxd5 Nxd5 exd5 Nd7 c3 Ne5 Qe4 Bf5 Qe2 Nd3+ Kd2 Ne5 Nf3 Nxf3+ Qxf3 Qc7 Rc1 e6 Bd3 Bxd3 Qxd3 a6 Bg3 exd5 Qxd5 Rfe8 Kc2 Be5 f4 Bg7 Kb1 b6 f5 Re5 Bxe5 Bxe5 fxg6 Kg7 Rhf1 Rf8 g4 fxg6 Rxf8 Kxf8 Qf3+ Kg7 g5 hxg5 h4 gxh4 Qg4 Bg3 Rg1 d5 Rxg3 hxg3 Qd4+ Kh6 Qxd5 Qf4 Qh1+ Kg5 Kc2 Qf2+ Kd1 g2 Qh2 g1=Q+ Qxg1+ Qxg1+ Kd2 Qg2+,"{18003,18003,17939,18131,16571,18171,16307,18195,15707,18075,15787,17867,15603,17923,15291,17723,15227,17475,15251,17259,14987,17299,14003,17219,13195,15483,12603,14995,11523,14531,11147,13235,9963,12339,9219,11171,8915,9875,7419,8515,7291,8275,5371,7899,3771,7323,3355,5899,3083,5787,2651,5915,2531,5307,2243,5147,1995,4723,1835,4827,1611,4795,1059,4803,1115,4851,1187,4627,1187,4507,1219,4539,1155,4435,1251,3507,1123,3299,985,3139,1051,3083,997,2995,835,3131,1027,3164,0}"
12729,ihYlN7V1,black,Drac25,Murico11,loss,resign,1004,1042,-38,standard,blitz,blitz,180,2,3+2,lichess.org,19.0,0.47,39.0,,11/09/25 04:23,2025-09-11 07:33:27.654+00,584.405,D00,Queen's Pawn Game: Accelerated London System,Queen's Pawn Game,3,-5,1563,2.83,,,,,5,2824,2.62,,,,,117,59,d4 d5 Bf4 Nf6 e3 Bf5 Nf3 Bg4 Nbd2 Nc6 c3 e6 Bd3 Bd6 Bg3 Bxg3 hxg3 h6 Qc2 Qd7 Rh4 g5 Nxg5 O-O-O Ngf3 h5 O-O-O Kb8 Kb1 Na5 Ne5 Qe7 Nxg4 hxg4 Rxh8 Rxh8 Nb3 Nxb3 Qxb3 Qd6 Be2 e5 Qc2 exd4 cxd4 Rc8 Qb3 Nd7 Bb5 Nb6 Bd3 c6 f3 Qc7 fxg4 Qxg3 Rf1 Qxg4 Rxf7 Qxg2 Qc2 Qg1+ Qc1 Qxc1+ Kxc1 Nd7 Rxd7 Rc7 Rxc7 Kxc7 e4 dxe4 Bxe4 a5 Kc2 b6 b3 c5 d5 Kd6 Kd3 b5 Kc3 Ke5 Bg2 c4 bxc4 bxc4 Kxc4 a4 Kb4 a3 Kxa3 Kd4 Kb4 Ke5 a4 Kd6 a5 Kc7 a6 Kb6 Bf1 Ka7 Kc4 Kb6 Kd4 Kc7 Ke5 Kd7 a7 Kc7 a8=Q Kb6 d6 Kc5 d7,"{18003,18003,18131,17467,17763,16739,17795,16771,16451,15715,16459,13523,15211,12891,14275,11819,14475,10907,13099,8067,12363,7483,9323,5603,7435,4411,7315,3939,6971,1939,5211,1131,5035,992,4739,1027,4155,1083,4195,1107,3403,802,3019,791,2995,622,2563,642,2067,634,1595,510,1539,331,1467,332,1035,326,895,336,880,388,931,402,974,491,968,523,1027,629,1027,649,1227,702,1331,808,1435,927,1483,1035,1483,1003,1515,1051,1595,983,1587,1051,1691,1251,1779,1299,1899,1435,2051,1475,2251,1579,2419,1691,2619,1795,2395,1715,2499,1843,2547,1875,2683,1763,2651,1963,2699,2043,2723,2099,2824,1563}"
12730,vWIPhRYI,white,Drac25,tahchessin,win,outoftime,998,1027,-29,standard,blitz,blitz,180,2,3+2,lichess.org,21.0,-1.97,44.0,,11/09/25 04:15,2025-09-11 07:23:01.623+00,462.224,C20,King's Pawn Game: Wayward Queen Attack,King's Pawn Game,3,6,2808,5.24,,,,,-6,0,6.21,,,,,59,30,e4 e5 Qh5 Nc6 Bc4 g6 Qf3 Qf6 c3 Bg7 d3 Nge7 Nh3 Qxf3 gxf3 O-O f4 Na5 fxe5 Nxc4 dxc4 Bxe5 Bf4 Bg7 Bxc7 a6 Nd2 a5 O-O-O Ra6 Kc2 b6 Bd6 Re8 Nf4 Nc6 Nd5 Ra7 Nxb6 Be5 Nxc8 Rxc8 Bxe5 Nxe5 Nb3 Nxc4 Rhe1 d6 f4 a4 Nd4 Re8 a3 Ra6 Nb5 Re7 b3 axb3+ Kxb3,"{18003,18003,18091,16579,18147,16003,18203,15963,17995,15211,17643,14747,17083,14403,16939,14531,15771,14579,15643,14363,15531,14507,15451,13283,15339,11243,13723,9875,13451,8795,11651,8251,11179,7691,10683,7227,10379,5619,9763,3851,8715,3179,8035,3379,7763,2603,5275,1827,4563,1379,4251,844,3483,816,3115,409,2803,434,2808,0}"
12731,JK5lnph6,white,Drac25,Cr4ter,win,resign,993,966,27,standard,blitz,blitz,180,2,3+2,lichess.org,22.0,4.21,43.0,,11/09/25 04:09,2025-09-11 07:14:58.269+00,344.232,C20,King's Pawn Game: Wayward Queen Attack,King's Pawn Game,3,5,9497,4.05,,,,,-5,1294,7.96,,,,,43,22,e4 e5 Qh5 Nc6 Bc4 g6 Qf3 Nf6 c3 Bc5 b4 Bxb4 cxb4 Nd4 Qd3 O-O Nf3 Nxf3+ Qxf3 c6 d3 b5 Bb3 Bb7 Nc3 d5 Bg5 dxe4 dxe4 c5 Bxf6 Qd7 Bd5 Bxd5 Nxd5 h5 O-O cxb4 Rad1 Rad8 Ne7+ Qxe7 Bxe7,"{18003,18003,17987,17947,18083,17803,18155,17923,18235,17091,17547,14515,17203,13531,15155,12411,15019,11603,14923,11323,14187,10763,13987,10747,13499,6611,13187,5547,12691,4907,12059,3995,10779,3763,10411,2379,9795,2211,9491,1723,9435,1491,9497,1294}"
12732,jwASjp3e,black,Drac25,Cr4ter,loss,resign,999,960,39,standard,blitz,blitz,180,2,3+2,lichess.org,18.0,5.5,,,11/09/25 04:06,2025-09-11 07:09:05.901+00,181.171,C46,Three Knights Opening,Three Knights Opening,5,-6,10730,5.59,,,,,6,12854,3.96,,,,,27,14,e4 e5 Nf3 Nc6 Nc3 a6 a3 Bc5 Nxe5 Nxe5 d4 Bxd4 Qxd4 Nc6 Qxg7 Qf6 Qxf6 Nxf6 Bg5 Nxe4 Nxe4 Nd4 O-O-O Kf8 Bf6 Rg8 Rxd4,"{18003,18003,18043,18019,18179,17995,18259,17907,18355,17923,18451,16571,18523,16675,18619,16043,15971,15875,14691,15635,14675,15787,14611,12099,14091,11219,12854,10730}"
12733,em0QfhJY,black,Drac25,chess4best,loss,mate,1004,1036,-32,standard,blitz,blitz,180,2,3+2,lichess.org,22.0,-0.12,44.0,,11/09/25 03:57,2025-09-11 07:05:23.874+00,456.578,A00,Hungarian Opening: Indian Defense,Hungarian Opening,2,-5,722,4.32,4.0,4.0,5.0,77.0,71,10069,1.94,2.0,3.0,2.0,77.0,83,42,g3 Nf6 Bg2 e5 d3 h6 b3 d5 Bb2 Nc6 Nd2 Bb4 a3 Bc5 Ngf3 Bg4 h3 Bxf3 Bxf3 Bd4 Bxd4 Nxd4 Bg2 Qe7 e3 Nb5 c4 dxc4 dxc4 Nxa3 Qf3 c6 O-O Nc2 Ra2 Nb4 Raa1 e4 Nxe4 Nd3 Nxf6+ Qxf6 Qxf6 gxf6 Rfd1 Ne5 f4 Ng6 e4 O-O h4 Rae8 Rd6 Ne7 Rxf6 Kg7 Rd6 Nc8 Rd7 Nb6 Rxb7 Rd8 Raxa7 Rd3 Rxb6 Rd1+ Kh2 Rfd8 Bh3 R8d2+ Bg2 Rf2 Kh3 Rdd2 Kg4 Rxg2 Rxc6 Rdf2 Rcc7 Rg1 Rxf7+ Kg6 h5#,"{18003,18003,17547,17987,17491,18027,17467,17843,17491,17715,17507,15747,17355,15379,16739,14915,16635,14235,15875,14307,15675,14347,15539,11915,15531,11099,15291,9467,15187,8891,13539,8379,13355,8099,13011,7771,12691,6459,12571,4947,12427,4683,12443,4699,12427,3891,11963,3475,11915,3475,11523,3011,11411,2267,11259,1227,11259,1059,11219,1067,11187,1115,11147,1195,10939,1227,10987,1003,10955,1099,10891,1043,10883,1027,10691,1027,10707,975,10363,990,10331,722,10069}"
12734,404kNqN3,white,Drac25,resaltchess,win,outoftime,998,992,6,standard,blitz,blitz,180,2,3+2,lichess.org,22.0,1.08,,,11/09/25 03:47,2025-09-11 06:53:08.284+00,360.278,C02,"French Defense: Advance Variation, Nimzowitsch System",French Defense,7,6,5564,8.29,3.0,0.0,1.0,82.0,-22,0,12.0,2.0,1.0,2.0,64.0,31,16,e4 e6 e5 d5 d4 c5 Nf3 Nc6 Bb5 Bd7 Bg5 f6 exf6 gxf6 Bh4 cxd4 Bxc6 Qa5+ c3 Bxc6 Qxd4 Bc5 Qg4 Nh6 Qxe6+ Be7 O-O Bd7 Qe3 Qc7 Qxh6,"{18003,18003,17555,17883,17627,18011,17547,17587,17555,17587,17171,17355,17187,17347,15459,16715,15051,15155,13203,9043,11635,5795,8107,3787,7971,3539,6827,2355,5843,1521,5564,0}"
12735,JYqtWS9P,white,Drac25,fadulvii,win,timeout,994,872,122,standard,blitz,blitz,180,2,3+2,lichess.org,23.0,4.81,,,11/09/25 00:31,2025-09-11 03:33:45.428+00,143.156,B00,Nimzowitsch Defense,Nimzowitsch Defense,2,4,16723,1.16,,,,,-4,1572,14.94,,,,,23,12,e4 Nc6 Bc4 e6 d4 d5 exd5 exd5 Bb5 Ne7 Nf3 a6 Ba4 b5 Bb3 Nf5 Nc3 Nfxd4 Nxd4 Qe7+ Be3 Nxd4 Qxd4,"{18003,18003,17883,18043,17635,18123,17659,18187,17755,15475,17347,15611,17395,15691,17411,15227,17019,13459,16819,11667,16779,10267,16723,1572}"
12736,wiJkFtFZ,black,Drac25,halaan,win,resign,990,926,64,standard,blitz,blitz,180,2,3+2,lichess.org,16.0,5.38,47.0,,11/09/25 00:21,2025-09-11 03:30:34.689+00,551.233,C50,Italian Game,Italian Game,5,4,1062,3.85,,,,,-5,311,3.93,,,,,90,45,e4 e5 Nf3 Nc6 Bc4 f6 d4 exd4 Nxd4 Bc5 Nxc6 dxc6 O-O Bxf2+ Kxf2 Qxd1 Rxd1 Bg4 Rd4 c5 Rd3 f5 e5 Ne7 Bf4 c6 Nc3 b5 Be6 c4 Rd6 Nc8 Rxc6 Ne7 Rc5 a6 Nd5 Nxd5 Bxd5 Rd8 Ke3 Ke7 c3 Bh5 Rg1 Bf7 Bxf7 Kxf7 Rf1 Rd3+ Ke2 Ke6 Rc6+ Kd5 Rxa6 Re8 g3 Rd8 Ra5 Kc5 b3 Rd2+ Ke3 R2d3+ Ke2 R3d5 bxc4 Kxc4 Be3 Rd3 Bf4 Rxc3 Rb1 Rc2+ Kf3 Rd3+ Be3 Rcc3 Rbxb5 Rxe3+ Kf4 Rcd3 Rc5+ Kb4 Rab5+ Ka4 Ra5+ Kb4 Ra6 Kxc5,"{18003,18003,18067,18115,17947,16579,17507,15531,17507,14619,16795,14515,15715,13715,15507,11955,15707,10675,12955,10443,12163,8203,10811,7243,9971,5995,7523,5411,5987,3939,6043,2739,5283,1139,3499,1075,2819,1059,2923,1163,1499,1091,1339,909,1331,652,969,686,284,752,263,600,330,598,410,437,446,499,251,590,261,653,244,666,290,497,256,508,379,476,454,562,468,650,415,734,352,822,412,893,434,919,481,910,427,952,422,1011,377,1062,311}"
12737,gqg1gbt8,black,Drac25,omarcito72,win,resign,982,1132,-150,standard,blitz,blitz,180,2,3+2,lichess.org,19.0,0.4,41.0,,10/09/25 23:10,2025-09-11 02:16:17.762+00,360.9,C65,"Ruy Lopez: Berlin Defense, Beverwijk Variation",Ruy Lopez,8,8,2162,7.92,,,,,-8,8121,4.71,,,,,42,21,e4 e5 Nf3 Nc6 Bb5 Bc5 O-O Nf6 Bxc6 dxc6 Qe2 Bg4 Nc3 Bd4 h3 Bh5 Qd3 Bxc3 Qxc3 Nxe4 Qxe5+ Qe7 Qxh5 O-O Qe5 Rae8 Qxe7 Rxe7 d3 Nf6 Bd2 Re2 Bb4 Rfe8 Rac1 Nd5 Ba3 Nf4 Rfe1 f6 Rxe2 Nxe2+,"{18003,18003,17979,17475,17915,16115,17747,16067,17427,15979,16651,15987,15323,13347,14067,12571,13619,10307,13555,10131,13307,5515,13171,4899,12819,4003,12283,4075,12259,3635,11883,3619,11107,2923,10891,2787,9595,2251,9275,2147,8923,2162,8121}"
12738,1XSorN5e,white,Drac25,urbetterok,win,resign,975,1016,-41,standard,blitz,blitz,180,2,3+2,lichess.org,20.0,-0.58,28.0,,10/09/25 23:03,2025-09-11 02:08:41.518+00,281.965,C20,King's Pawn Game: Wayward Queen Attack,King's Pawn Game,3,7,9788,4.32,,,,,-7,5643,6.51,,,,,39,20,e4 e5 Qh5 d6 Bc4 Qe7 Nc3 Be6 Nd5 Qd7 Nf3 g6 Qh4 Nc6 Nf6+ Nxf6 Qxf6 Rg8 Bxe6 fxe6 Ng5 Bg7 Qxe6+ Qxe6 Nxe6 Kd7 Nxg7 Rxg7 d3 Nd4 O-O Rf8 Bh6 Rgf7 Bxf8 Rxf8 c3 Nc2 Rac1,"{18003,18003,18115,18115,18203,18051,17907,17851,16819,17235,14563,16923,13859,16499,13819,16387,13571,15619,12195,14027,11795,10019,11699,9667,11683,8635,10907,8739,10947,8795,10291,8659,10083,6619,10027,6819,10107,6915,9788,5643}"
12739,1IVcwPTv,white,Drac25,robynteague,loss,timeout,981,998,-17,standard,blitz,blitz,180,2,3+2,lichess.org,19.0,-0.33,56.0,,10/09/25 21:07,2025-09-11 00:13:35.037+00,366.848,B01,Scandinavian Defense,Scandinavian Defense,2,-6,269,6.33,,,,,5,7380,3.93,,,,,56,28,e4 d5 Nc3 d4 Nd5 c6 Nf4 e5 Nh5 Nf6 Bc4 g6 Nxf6+ Qxf6 Qf3 Nd7 d3 b5 Bb3 a5 a3 a4 Ba2 Bg7 Qxf6 Nxf6 Nf3 Ng4 O-O f5 h3 Nf6 Nxe5 fxe4 Nxc6 exd3 cxd3 Nd7 Nxd4 Bxd4 Bd5 Ra6 Be3 Bxb2 Rae1 Bxa3 Bc5+ Kd8 Bxa3 Rb6 Bb4 Nf6 f3 Nxd5 Re5 Nxb4,"{18003,18003,17779,17979,17859,17387,17779,17499,17387,17083,16755,14979,16107,15003,16259,14795,16059,14643,15947,14651,15851,14691,15947,13427,14939,13275,14963,13011,13683,12859,11875,11851,11827,11139,11347,10915,10363,10347,9235,10259,8971,9571,5907,9435,5755,9067,5467,8587,5491,7803,5443,7275,5387,7315,4803,7380,269}"
12740,iAOlWuGj,black,Drac25,baiddo777,win,mate,975,1008,-33,standard,blitz,blitz,180,2,3+2,lichess.org,19.0,-5.16,,,10/09/25 20:23,2025-09-10 23:26:10.547+00,168.292,C46,Three Knights Opening: Schlechter Variation,Three Knights Opening,8,6,12811,5.19,0.0,0.0,0.0,95.0,-6,11191,6.81,0.0,0.0,3.0,68.0,22,11,e4 e5 Nf3 Nc6 Nc3 Bb4 Nd5 Nf6 Nxf6+ Qxf6 c3 Bc5 b4 Bb6 d4 exd4 Nxd4 Nxd4 cxd4 Bxd4 Rb1 Qxf2#,"{18003,18003,17971,18075,17867,17763,15339,16595,15371,16627,15515,16075,15203,14859,14035,13675,14235,13035,12179,13019,11191,12811}"
12741,5iaSGDtd,white,Drac25,WJC1999,win,resign,970,910,60,standard,blitz,blitz,180,2,3+2,lichess.org,,5.34,,,10/09/25 20:20,2025-09-10 23:22:39.275+00,151.429,B00,Pirc Defense,Pirc Defense,2,5,13332,5.84,,,,,-9,8451,11.94,,,,,17,9,e4 d6 Bc4 g6 Qf3 Nf6 d3 Bg7 Bg5 e5 Nc3 O-O Nd5 Bg4 Nxf6+ Qxf6 Qxg4,"{18003,18003,18083,17755,17939,17435,17467,17523,16595,17379,16203,16979,15931,14715,14131,11443,13332,8451}"
12742,mr6UrPN1,white,Drac25,Pepe_Lopez-177,win,outoftime,962,1065,-103,standard,blitz,blitz,180,2,3+2,lichess.org,21.0,-1.24,58.0,,10/09/25 18:32,2025-09-10 21:40:47.165+00,515.707,C20,King's Pawn Game: Wayward Queen Attack,King's Pawn Game,3,8,431,4.88,,,,,-7,0,5.0,,,,,73,37,e4 e5 Qh5 Qf6 Bc4 Bc5 Qf3 d6 Nc3 c6 d3 h6 Nh3 Bxh3 Qxh3 Qxf2+ Kd1 Nd7 Qf3 Qxf3+ gxf3 f6 Be6 O-O-O b4 Bd4 Bb2 Kb8 Kc1 Nb6 Ne2 Bxb2+ Kxb2 Re8 Bb3 Ne7 Nc3 g5 a4 Rc8 a5 Nd7 Bc4 d5 Bb3 d4 Na4 c5 Be6 Rhd8 Nxc5 Nc6 Nxd7+ Kc7 Nc5 Nxb4 Nxb7 Kxb7 Bxc8+ Rxc8 Kb3 Nxc2 a6+ Kb8 Rhc1 Nxa1+ Rxa1 Rc6 Rb1 Kc7 Ra1 Kb6 Kb4,"{18003,18003,18123,17723,17803,17659,16467,17483,15667,17483,15603,17451,15651,17107,15643,16995,15667,15435,11019,15323,11075,14987,10755,14619,8963,13827,7667,12051,7195,11075,6419,10659,6499,10307,6555,10267,6451,10059,5955,9051,5355,8923,4723,8467,3643,8435,3203,7443,2451,4731,2123,3531,1651,1779,1043,1307,445,999,523,1075,593,989,562,831,504,707,541,587,597,635,505,498,431,0}"
12743,gMgv3x2u,black,Drac25,Rcpersaud,win,mate,955,1091,-136,standard,blitz,blitz,180,2,3+2,lichess.org,26.0,1.17,,,10/09/25 02:09,2025-09-10 05:17:18.861+00,481.969,C46,Three Knights Opening,Three Knights Opening,5,7,910,5.89,2.0,3.0,3.0,72.0,-7,523,6.03,6.0,1.0,3.0,49.0,60,30,e4 e5 Nf3 Nc6 Nc3 Bc5 d3 Nf6 Bg5 d6 Nd5 Ne7 Nxf6+ gxf6 Bxf6 Rg8 Qd2 Qd7 b4 Bb6 a4 c6 c3 d5 Bxe7 Qxe7 exd5 cxd5 Be2 Bg4 O-O Bc7 b5 O-O-O Rfe1 Qf6 d4 e4 Ne5 Bxe5 Bxg4+ Kb8 dxe5 Qxe5 Bh3 d4 cxd4 Rxd4 Qh6 Qc5 Qxh7 Rgd8 g3 Rd2 Qxf7 Rf8 Qh5 Qxf2+ Kh1 Qxh2#,"{18003,18003,17971,18107,17899,18019,17819,18083,17699,17435,16843,16363,16019,16323,16035,16299,14675,14867,13491,13811,13539,11931,13427,11739,11795,11323,11555,11075,11627,11019,11643,10547,11043,10539,10507,7995,9667,7491,8779,6915,8163,6923,8107,6411,7067,6451,6171,6467,3915,2627,3011,2475,2563,1771,2123,1179,662,1099,523,910}"
12744,S9ZuC1Iz,black,Drac25,EldenVanStorm,win,mate,951,838,113,standard,blitz,blitz,180,2,3+2,lichess.org,15.0,-2.73,28.0,,10/09/25 02:05,2025-09-10 05:08:56.599+00,194.446,C24,Bishop's Opening: Berlin Defense,Bishop's Opening,4,4,16065,0.42,,,,,-4,20710,-0.59,,,,,94,47,e4 e5 Bc4 Nf6 d3 d5 exd5 Nxd5 Bxd5 Qxd5 Nc3 Qxg2 Qf3 Qxf3 Nxf3 Bb4 Nxe5 Be6 Bd2 O-O Nb5 Bxd2+ Kxd2 Na6 Nd7 Bxd7 c4 Bxb5 cxb5 Nc5 d4 Ne4+ Kd3 Nxf2+ Ke2 Nxh1 Rxh1 Rae8+ Kd3 c6 bxc6 bxc6 Rc1 Rc8 d5 Rfd8 Kd4 cxd5 Rxc8 Rxc8 Kxd5 Rc2 b4 Rxa2 b5 Rxh2 Kc6 Rb2 Kc5 h5 Kc6 h4 Kc5 h3 Kc4 h2 Kc5 h1=R Kc6 Rh5 Kb7 Rbxb5+ Ka8 a5 Ka7 a4 Ka6 Rbf5 Kb6 Rh6+ Ka7 Re6 Ka8 Re8+ Kb7 Rfe5 Ka6 R8e6+ Kb7 Rd5 Ka7 Rd7+ Kb8 Re8#,"{18003,18003,18131,17875,18275,17435,18363,17515,18491,17595,18643,17547,18547,17347,18659,17267,18691,15723,18683,15563,18619,15499,18739,15379,18603,15459,18043,15259,18243,15355,18307,15291,18395,15379,18459,15531,18539,15667,18603,15507,18691,15603,18795,15571,18771,15515,18731,15451,18547,15563,18715,15619,18683,15747,18803,15747,18915,15723,18891,15699,18939,15747,19067,15819,19203,15747,19307,15651,19435,15611,19555,15643,19683,15363,19731,15499,19859,15363,19915,15491,20035,15627,20139,15723,20227,15883,20323,15891,20451,16043,20579,16115,20710,16065}"
12745,GNZEme1y,white,Drac25,EldenVanStorm,loss,resign,958,830,128,standard,blitz,blitz,180,2,3+2,lichess.org,17.0,0.47,,,10/09/25 01:59,2025-09-10 05:05:34.442+00,361.404,C20,King's Pawn Game: Wayward Queen Attack,King's Pawn Game,3,-7,634,7.89,,,,,8,8228,4.65,,,,,44,22,e4 e5 Qh5 Nc6 Bc4 g6 Qf3 Nf6 c3 Bc5 b4 Bb6 a4 a6 a5 Ba7 d3 d6 Bg5 Bg4 Qg3 O-O f3 Bh5 f4 exf4 Qxf4 b6 Bxf6 Ne7 Qh6 Nf5 exf5 Qxf6 g4 Rfe8+ Ne2 Bxg4 d4 Bxe2 Bxe2 Qxf5 Qh3 Qxh3,"{18003,18003,18123,18083,18251,18107,18291,18203,18307,18227,18315,18083,18443,18131,18515,18243,18163,18211,18139,18243,15627,17779,13979,17659,13467,17691,13499,16779,13163,15995,12251,9571,7323,9579,5827,9579,5019,9627,2619,8747,2587,8259,1083,8228,634}"
12746,kqdnfuDw,white,Drac25,valdesiga,win,outoftime,952,977,-25,standard,blitz,blitz,180,2,3+2,lichess.org,18.0,0.89,,,10/09/25 01:52,2025-09-10 04:59:06.253+00,399.8,C20,King's Pawn Game: Wayward Queen Attack,King's Pawn Game,3,6,4488,7.11,,,,,-6,0,9.48,,,,,39,20,e4 e5 Qh5 Nc6 Bc4 g6 Qf3 Nf6 c3 Bc5 b4 Bb6 a4 a5 d3 O-O Bg5 Kg7 Qh3 h5 bxa5 Nxa5 Nf3 Nxc4 dxc4 d5 Qh4 dxe4 Nxe5 Ba5 O-O Bxc3 Nxc3 Qd4 Bxf6+ Kg8 Nxg6 Qxc3 Bxc3,"{18003,18003,18107,17747,18235,15787,18315,15467,18171,15227,17667,13747,17347,12931,16779,12147,16155,7451,12371,5675,10931,5019,9587,4963,9267,4571,7851,3275,6395,1227,6147,1195,5715,730,5435,351,4723,382,4488,0}"
12747,KdbgARxn,black,Drac25,valdesiga,loss,resign,958,972,-14,standard,blitz,blitz,180,2,3+2,lichess.org,20.0,1.72,27.0,,10/09/25 01:48,2025-09-10 04:52:16.171+00,236.731,C34,King's Gambit Accepted: MacLeod Defense,King's Gambit Accepted,6,-6,8473,7.33,,,,,5,9428,6.6,,,,,27,14,e4 e5 f4 Nc6 Nf3 exf4 d4 d5 Bxf4 Bg4 Be2 Bd6 Ng5 Bxf4 Nxf7 Qe7 O-O Qxf7 Bxg4 Nf6 Rxf4 g5 Bh5 Nxh5 Rxf7 Kxf7 Qxh5+,"{18003,18003,18035,17491,18107,17259,18091,16363,17947,15851,17043,15755,13595,14971,13427,12363,11851,11131,11875,10403,11699,9795,9427,9107,9403,9075,9428,8473}"
12748,tmX6VdWf,black,Drac25,PushAPawnMichail,loss,outoftime,963,996,-33,standard,blitz,blitz,180,2,3+2,lichess.org,20.0,0.2,63.0,,09/09/25 16:21,2025-09-09 19:27:56.953+00,384.444,D00,Queen's Pawn Game: Accelerated London System,Queen's Pawn Game,3,-5,0,5.63,,,,,6,9652,2.61,,,,,65,33,d4 d5 Bf4 Nc6 c3 Bf5 Nf3 Nf6 e3 e6 Nh4 h6 Nxf5 exf5 Bd3 g6 Nd2 Bd6 Bxd6 Qxd6 O-O Ne4 Nxe4 fxe4 Be2 f5 Qb3 O-O-O a4 Na5 Qc2 g5 b4 Nc6 b5 Na5 Rfb1 b6 c4 h5 c5 bxc5 dxc5 Qe5 b6 Kd7 Bb5+ c6 Be2 a6 b7 Rb8 Bxa6 h4 Qd2 g4 Qxa5 g3 fxg3 hxg3 h3 Rxh3 gxh3 g2 Ra2,"{18003,18003,18067,17987,18139,17843,18187,16787,18083,16635,18091,16395,18099,16355,18155,16171,17931,16211,17819,16259,17235,15323,17259,14963,17107,14683,17099,14187,16411,13899,16243,12699,16219,12187,16075,12027,15795,12035,14627,11419,14291,10851,14299,10163,14099,7979,13499,7787,10755,6571,10651,6483,10659,5979,10475,5595,10483,4171,10235,4011,10315,3379,10195,2547,9652,0}"
12749,CP3ON3d7,white,Drac25,leonardovenom321,win,mate,956,1011,-55,standard,blitz,blitz,180,2,3+2,lichess.org,17.0,0.15,50.0,,09/09/25 16:08,2025-09-09 19:17:57.07+00,538.355,C20,King's Pawn Game: Wayward Queen Attack,King's Pawn Game,3,7,1711,3.13,2.0,2.0,0.0,94.0,-7,4627,2.62,6.0,1.0,2.0,86.0,105,53,e4 e5 Qh5 Qf6 Nc3 c6 Bc4 d6 Nf3 Nh6 d3 Bg4 Qg5 Nd7 Qxf6 Nxf6 Bxh6 gxh6 d4 b5 dxe5 dxe5 Bb3 Bd6 a4 b4 Ne2 a5 h3 Bd7 Ng3 h5 Ng5 h4 Nf5 Bxf5 exf5 h6 Nxf7 Rh7 Nxd6+ Ke7 Nc4 c5 O-O-O e4 Nb6 Rg8 Nd5+ Nxd5 Bxd5 Rxg2 Bxe4 Rxf2 f6+ Kxf6 Bxh7 Rg2 Rhf1+ Kg5 Rg1 Rxg1 Rxg1+ Kf4 Bd3 h5 Rg8 Ke3 Re8+ Kf3 Re4 Kg2 Rxh4 Kg3 Rxh5 Kh2 Rh8 Kg3 h4 Kg4 h5 Kg5 h6 Kf6 h7 Kg7 Ra8 b3 cxb3 c4 bxc4 Kh6 h8=R+ Kg7 Rh7+ Kf6 Rxa5 Ke6 Rh6+ Kf7 Raa6 Ke7 Rh7+ Kf8 Ra8#,"{18003,18003,18083,18067,17267,18123,16403,18123,16451,17747,16107,17739,14403,14835,11587,14555,11115,14595,10675,13211,9179,13067,8579,12771,6851,12219,6459,9811,5883,9419,5179,9243,4915,8835,4235,8515,4291,8291,3915,6475,3947,6315,2379,6235,2187,6003,2011,5659,1803,5411,1859,5427,1715,5387,1619,5227,1667,4459,1651,4483,1715,4219,1843,4203,1891,4099,1899,4131,1899,4251,1819,4355,1891,4379,2003,4323,2075,4355,1779,4555,1867,4683,1907,4827,1995,4947,1995,4339,2043,4107,2123,4067,2035,4267,1891,4339,1883,4339,1971,4411,1819,4523,1899,4627,1711}"
12750,CRM6sEpE,black,Drac25,DSHarpo,loss,outoftime,963,852,111,standard,blitz,blitz,180,2,3+2,lichess.org,26.0,-0.13,58.0,,08/09/25 23:02,2025-09-09 02:10:10.761+00,486.381,C50,Italian Game,Italian Game,5,-7,0,5.63,,,,,8,1561,5.14,,,,,65,33,e4 e5 Nf3 Nc6 Bc4 f6 d4 d6 d5 Na5 b3 Nxc4 bxc4 Ne7 O-O Bg4 Qd3 c6 Nh4 cxd5 cxd5 Bh5 Qb5+ Qd7 Qb4 g5 Nf5 Nxf5 exf5 b5 Qc3 a5 Nd2 Rc8 Qxa5 Qxf5 Qxb5+ Kf7 Qb7+ Be7 Ba3 Rcd8 c4 g4 Rab1 Rhe8 Rb6 Qd7 Ne4 Qxb7 Rxb7 f5 Ng5+ Kg6 Ne6 Bh4 Nxd8 Rxd8 Rb6 Rg8 Bxd6 Kg5 Be7+ Kf4 Rh6,"{18003,18003,18131,18075,18179,17619,17811,16947,17331,16715,16667,16651,16667,16339,15691,16123,15059,15291,14043,14859,13971,14539,13035,13163,12275,11675,11619,11571,11643,9051,10995,8803,10507,8331,10107,7379,9083,7267,8395,7115,8099,4275,7003,3987,4395,2195,4267,1315,2883,981,3083,727,2923,711,2411,590,2259,660,1723,566,1699,414,1635,330,1561,0}"
12751,z4EUAJwT,white,Drac25,fugarte,win,outoftime,960,844,116,standard,blitz,blitz,180,2,3+2,lichess.org,30.0,4.36,,,08/09/25 22:54,2025-09-09 02:01:30.858+00,431.988,B00,Pirc Defense,Pirc Defense,2,3,3466,6.06,,,,,-4,0,7.5,,,,,49,25,e4 d6 Bc4 Nf6 Nc3 a6 d4 Bg4 f3 Bh5 h4 h6 g4 Bg6 h5 Nxh5 gxh5 Bh7 Be3 Nc6 Bd5 Nb4 Bb3 e6 a3 d5 axb4 Bxb4 e5 c6 Ne2 O-O Rg1 Qh4+ Bf2 Qxh5 Ra4 Be7 Nf4 Qf5 Nce2 Bg5 Bg3 Bxf4 Bxf4 b5 Ra3 a5 c3,"{18003,18003,17803,18091,17387,17923,17163,17715,17059,17723,16379,16899,14811,15523,14851,14307,14835,14323,13835,13987,13371,11947,8571,11467,8259,10947,7835,10475,7659,8451,6843,7131,6659,6483,6563,6435,6139,4779,6179,3259,4891,2947,4259,1819,3995,1099,3411,806,3466,0}"
12752,s5XO7yEN,black,Drac25,Kirtland_H0bler,win,outoftime,954,949,5,standard,blitz,blitz,180,2,3+2,lichess.org,19.0,-4.28,66.0,,08/09/25 22:44,2025-09-09 01:52:48.337+00,499.697,C46,Three Knights Opening,Three Knights Opening,5,6,621,5.43,,,,,-6,0,5.46,,,,,66,33,e4 e5 Nf3 Nc6 Nc3 Bc5 Na4 Qe7 Bc4 a6 b3 b5 Nc3 bxc4 bxc4 Nd4 Nd5 Qd6 Ng5 Nh6 c3 Ne6 d3 Nxg5 Bxg5 f6 Bh4 g5 Bg3 c6 Qh5+ Nf7 Nb6 Bxb6 O-O Bb7 Kh1 Qe6 Rab1 Ba7 Rxb7 Bb8 Rfb1 O-O f4 Nd6 f5 Qf7 Qg4 Nxb7 d4 Nd6 dxe5 Nxc4 exf6 Qxf6 e5 Qxf5 Qh5 Nxe5 Re1 Nd3 Re7 Bxg3 Rxh7 Qxh7,"{18003,18003,18075,18075,17875,17931,17427,16651,15179,15915,15171,15915,14795,15875,14827,15491,14523,14395,13155,12411,13211,11939,12579,10731,12635,10523,11443,10427,10323,10171,9243,9963,8283,9763,8075,9179,5947,8219,5387,7707,5267,7227,5083,6435,3059,1931,2611,1803,1899,1851,1379,1675,1387,1579,1155,1651,1011,1459,822,1099,785,695,456,693,299,621,0}"
12753,zraV4PhG,white,Drac25,samn7,loss,outoftime,960,924,36,standard,blitz,blitz,180,2,3+2,lichess.org,21.0,-0.33,,,08/09/25 22:37,2025-09-09 01:43:59.119+00,402.11,B10,Caro-Kann Defense: Hillbilly Attack,Caro-Kann Defense,3,-6,0,8.57,,,,,8,4493,6.75,,,,,42,21,e4 c6 Bc4 d5 exd5 cxd5 Bb5+ Bd7 Nc3 d4 Bxd7+ Qxd7 Ne4 d3 Nc5 Qd5 Nxd3 Qxg2 Qf3 Qxf3 Nxf3 e6 a3 h6 Nde5 Nf6 Nd4 Bd6 Nc4 Bc5 Nb5 Ne4 Nc7+ Ke7 O-O Nc6 Nxa8 Rxa8 d3 Nf6 b4 Bb6,"{18003,18003,17651,18203,17403,18219,17307,17875,16787,16283,16667,16027,16371,15603,15235,13995,8667,13171,8347,11395,8379,11531,6211,11603,5163,10339,5195,9475,4827,9163,4667,8531,4379,8163,3611,7459,3283,7659,1707,5843,888,4493,0}"
12754,51mF3Tng,black,Drac25,karasuxxkgt,win,outoftime,955,928,27,standard,blitz,blitz,180,2,3+2,lichess.org,20.0,-5.59,42.0,,08/09/25 21:52,2025-09-09 01:02:33.506+00,629.626,D00,Blackmar-Diemer Gambit Declined: Vienna Defense,Blackmar-Diemer Gambit Declined,8,5,1470,2.9,,,,,-6,0,3.1,,,,,116,58,d4 d5 e4 Nf6 Nc3 dxe4 f3 Bf5 fxe4 Nxe4 Nxe4 Bxe4 Bd3 Bxg2 Be4 Bxe4 Nf3 e5 Qe2 Bxf3 Qxf3 Qxd4 Be3 Qxb2 Rd1 Qb4+ Bd2 Qb6 Qd3 Nc6 Ba5 Qd4 Qxd4 Nxd4 Bxc7 Rc8 Bxe5 Nxc2+ Kf1 Ne3+ Ke2 Nxd1 Rxd1 Rd8 Re1 Be7 Bxg7 Rg8 Be5 Rg2+ Kf1 Rxa2 Bc7 Rdd2 Bg3 Rdc2 Bh4 Kd7 Rxe7+ Kc6 Bg3 Ra1+ Be1 Rca2 Rxf7 Rc2 Rf6+ Kd5 Rf5+ Ke6 Rf3 Rcc1 Re3+ Kf5 Rf3+ Kg4 Re3 Kf4 Re2 Kf3 Rf2+ Ke3 Re2+ Kd3 Rd2+ Kc3 Re2+ Kd3 Rd2+ Ke4 Re2+ Kf3 Rf2+ Kg4 Rg2+ Kh3 Kf2 Rxe1 Rg3+ Kxh2 Rg2+ Kh3 Rg3+ Kh4 Rg7 Rf1+ Ke2 Kh3 Rxh7+ Kg4 Rg7+ Kh5 Rh7+ Kg6 Rg7+ Kh5,"{18003,18003,18203,17899,18403,16403,18603,15571,18643,15339,18763,15379,18963,15203,17579,14859,17595,13179,17091,11891,16331,11371,16411,11267,16411,11099,15667,8763,13363,7763,13131,5459,8523,4667,8411,4211,7835,4035,7107,3867,6979,3979,7179,3755,6547,3683,5651,3595,4539,3491,4483,3299,4267,3227,4051,2819,3771,1787,3627,1763,1843,1731,1891,1323,1579,722,1563,719,1339,784,580,793,648,901,648,970,587,849,726,891,704,940,568,1003,707,1019,837,1099,956,1171,1075,1267,1163,1403,1291,1507,860,1491,843,1555,851,1499,981,1595,572,1595,413,1147,350,1267,236,1307,220,1411,363,1470,0}"
12756,MgpY2LNu,white,Drac25,Jeanmimikiri,win,outoftime,942,991,-49,standard,blitz,blitz,180,2,3+2,lichess.org,24.0,2.7,,,08/09/25 21:34,2025-09-09 00:41:28.698+00,426.338,B01,Scandinavian Defense,Scandinavian Defense,2,6,4051,6.64,,,,,-7,0,8.57,,,,,43,22,e4 d5 Nc3 d4 Nd5 c6 Nb4 e5 Nd3 Qc7 Nf3 Bg4 h3 Bxf3 Qxf3 Nf6 Qf5 Qd7 Qxe5+ Be7 Nc5 Qd6 Qxd6 Bxd6 Nxb7 Bc7 d3 O-O f4 Nh5 g4 Nxf4 Bxf4 Bxf4 Nc5 Be3 Nb3 Nd7 c3 Nb6 cxd4 Na4 Rb1,"{18003,18003,17771,17923,17859,17363,17075,16563,16915,13171,16635,12443,14411,10835,14411,10731,14019,9251,13643,8643,11459,5963,10691,5995,10203,2971,8827,2987,8107,1955,7107,1323,5795,1171,4819,585,4739,485,4499,685,4547,343,4051,0}"
12757,y5UuvkVS,black,Drac25,PM_Steve,loss,resign,947,956,-9,standard,blitz,blitz,180,2,3+2,lichess.org,,0.39,,,08/09/25 21:31,2025-09-09 00:34:03.115+00,151.714,C44,Scotch Game: Lolli Variation,Scotch Game,9,-5,8763,9.24,,,,,8,17139,0.86,,,,,21,11,e4 e5 Nf3 Nc6 d4 Nxd4 Nxd4 exd4 Qxd4 c5 Qd5 Qa5+ c3 Nf6 Qe5+ Be7 Bg5 d6 Qf4 Qb5 Bxb5+,"{18003,18003,18099,18027,18131,16435,18195,16115,18363,15315,17651,14923,17563,14219,17627,13707,17667,12355,17267,9075,17139,8763}"
12758,YOzoFcK3,black,Drac25,HYWOX,loss,outoftime,953,945,8,standard,blitz,blitz,180,2,3+2,lichess.org,29.0,-1.25,,,08/09/25 21:25,2025-09-09 00:30:35.065+00,312.368,D00,Queen's Pawn Game: Accelerated London System,Queen's Pawn Game,3,-6,0,11.25,,,,,6,11575,4.02,,,,,33,17,d4 d5 Bf4 Nc6 e3 Bf5 Bd3 e6 Qe2 Nf6 Nd2 Ne4 Bxe4 dxe4 f3 exf3 gxf3 Bxc2 Rc1 Bg6 e4 Bd6 d5 Nd4 Qd3 e5 Bg3 a5 Ne2 Nxe2 Qxe2 Bc5 Qb5+,"{18003,18003,18107,17787,18179,17235,18267,15427,16483,14403,16411,13283,16331,13187,16283,12171,16203,12171,15619,10635,15459,10483,14947,9179,12955,7419,12155,4475,12163,2675,12139,1703,11575,0}"
12759,JKxocTlN,white,Drac25,Pablo-N-M24,win,mate,945,1082,-137,standard,blitz,blitz,180,2,3+2,lichess.org,16.0,3.86,,,08/09/25 20:59,2025-09-09 00:07:40.744+00,487.873,B01,Scandinavian Defense,Scandinavian Defense,2,8,628,5.43,6.0,3.0,2.0,76.0,-8,2335,5.05,7.0,1.0,2.0,55.0,65,33,e4 d5 e5 f6 Nf3 e6 d4 Nc6 Bb5 Bb4+ c3 Ba5 b4 Bb6 O-O g5 Ne1 h5 f4 g4 g3 f5 Nd2 h4 c4 hxg3 hxg3 Bxd4+ Kg2 dxc4 Nxc4 Qd5+ Nf3 Qxb5 Nxd4 Nxd4 Qxd4 Qc6+ Kf2 Rh2+ Ke1 Rh3 Rg1 Rh1 Rxh1 Qxh1+ Kd2 Qg2+ Kc3 Qxg3+ Kb2 Qg2+ Bd2 Bd7 Rd1 O-O-O Qxa7 c6 Qa8+ Kc7 Qa5+ b6 Qxb6+ Kc8 Nd6#,"{18003,18003,17955,17995,17699,18139,17603,18299,17563,17915,17571,17995,17395,18003,14427,17643,12787,17315,10603,16531,10595,16275,9891,16211,8635,15443,8435,14243,7451,13987,6891,13691,5707,11987,4339,11019,3899,10947,2675,10555,2667,9147,1995,9035,1755,9099,1883,9043,1739,9107,1555,8763,1259,7307,1251,7355,1115,6651,1131,6731,780,5923,745,2335,628}"
12760,OjajvUW6,black,Drac25,Lionel_le_killer,loss,resign,949,1056,-107,standard,blitz,blitz,180,2,3+2,lichess.org,20.0,2.27,,,08/09/25 20:54,2025-09-08 23:59:04.937+00,260.184,C50,Italian Game: Anti-Fried Liver Defense,Italian Game,6,-4,3350,11.27,2.0,0.0,2.0,40.0,12,11386,5.09,1.0,1.0,2.0,63.0,27,14,e4 e5 Nf3 Nc6 Bc4 h6 d4 Qf6 d5 Nd4 Nbd2 Bc5 c3 Nxf3+ Nxf3 d6 O-O Bg4 Be2 Qg6 Qa4+ Kf8 h3 Bxh3 Nh4 Qxe4 Qxe4,"{18003,18003,18131,17947,18251,17371,18075,15243,17227,14035,16083,13555,15059,12907,14339,12899,14323,12499,13691,11051,13411,8627,13451,6563,11531,4467,11386,3350}"
12761,yJ4LcwO1,white,Drac25,al5p5,win,resign,942,1026,-84,standard,blitz,blitz,180,2,3+2,lichess.org,23.0,-3.03,30.0,,08/09/25 20:50,2025-09-08 23:54:31.405+00,233.234,B00,St. George Defense,St. George Defense,2,7,7592,4.96,1.0,0.0,1.0,82.0,-7,15036,1.41,0.0,0.0,1.0,63.0,43,22,e4 a6 c4 e6 Nc3 b6 d4 Bb7 d5 h6 Nf3 Bb4 Bd2 Nf6 a3 Bxc3 Bxc3 O-O Ne5 Nxe4 dxe6 Nxc3 bxc3 dxe6 Qxd8 Rxd8 Be2 Nd7 Nxd7 Rxd7 f3 Rad8 O-O Rd4 cxd4 Rxd4 Rad1 e5 Rxd4 exd4 Rd1 b5 Rxd4,"{18003,18003,17435,17227,16891,17195,15899,17267,15667,16867,15187,16267,15123,16307,14403,16331,13491,16403,13243,16163,12899,15931,12195,15763,11963,15843,10835,15883,10027,15907,9939,15907,9963,15747,8819,15747,8643,15467,7899,15531,7763,15211,7592,15036}"
12762,PXLY6mGI,white,Drac25,Enderito,win,resign,936,964,-28,standard,blitz,blitz,180,2,3+2,lichess.org,19.0,4.75,,,08/09/25 20:48,2025-09-08 23:49:55.003+00,107.789,C20,King's Pawn Game: Wayward Queen Attack,King's Pawn Game,3,6,12598,5.41,,,,,-6,15152,3.17,,,,,20,10,e4 e5 Qh5 Nc6 Bc4 g6 Qf3 Nf6 c3 d5 exd5 Nxd5 Bxd5 f5 Bxc6+ bxc6 Qxc6+ Qd7 Qxa8 c6,"{18003,18003,17915,17827,17939,17659,16731,17515,16755,17027,16675,17115,15707,15907,15235,15883,15283,15635,15131,15152,12598}"
12763,9rxXwIKq,black,Drac25,Elie81,loss,outoftime,940,1057,-117,standard,blitz,blitz,180,2,3+2,lichess.org,20.0,0.76,53.0,,08/09/25 19:46,2025-09-08 22:52:50.255+00,390.938,C44,King's Knight Opening: Normal Variation,King's Knight Opening,4,-4,0,6.21,,,,,4,8842,3.16,,,,,59,30,e4 e5 Nf3 Nc6 Ng5 Nh6 d3 Be7 h4 f6 Qh5+ Kf8 Ne6+ dxe6 Bxh6 Rg8 Be3 Nd4 Bxd4 exd4 Be2 e5 O-O Qe8 Qxe8+ Kxe8 Nd2 f5 c3 Bxh4 cxd4 f4 dxe5 g5 Bh5+ Ke7 Nf3 h6 Rac1 c6 b3 Be6 d4 Rad8 Rc5 b6 Rxc6 Bd7 Rc7 Rc8 Rfc1 Rxc7 Rxc7 Rc8 Rxa7 Ke6 Bg4+ Ke7 Bxd7,"{18003,18003,18107,17859,18075,15915,17827,15299,17363,14691,16667,13323,13571,12635,13643,10571,13003,9211,13035,9299,12995,8387,12931,6987,12323,6979,11755,6051,10811,4883,9979,3803,9507,3787,9515,3635,9291,1011,9307,1051,9299,1131,9339,1203,9211,1259,9179,1387,9155,1443,9187,1499,9379,1563,9227,1283,9067,1228,8842,0}"
12764,EzBH3tym,black,Drac25,ryancedeno,loss,mate,946,920,26,standard,blitz,blitz,180,2,3+2,lichess.org,19.0,-1.73,47.0,,08/09/25 19:35,2025-09-08 22:42:29.899+00,433.276,C26,Vienna Game: Stanley Variation,Vienna Game,5,-6,2645,6.98,,,,,6,939,7.42,,,,,47,24,e4 e5 Nc3 Nf6 Bc4 Bc5 Nf3 c6 d3 d6 Be3 b5 Bb3 Bxe3 fxe3 a5 Ng5 O-O d4 a4 Bxf7+ Rxf7 Nxf7 Kxf7 dxe5 Bg4 Qd4 c5 Qd3 c4 Qd4 Nc6 Qd2 Nxe5 Nd5 Nxd5 exd5 Bh5 Rf1+ Kg8 Qf2 Qg5 h4 Qg4 g3 Rf8 Qxf8#,"{18003,18003,18203,17771,18227,17747,18035,17563,17827,17627,17411,17507,17235,17019,17179,15059,17091,14539,15083,14355,13907,14291,14107,14395,14291,13491,12139,12499,9019,11883,9051,11619,7987,11299,7019,7619,7219,5995,5715,5915,5051,4643,3987,3539,1427,2645,939}"
12765,GFUzDnYT,black,Drac25,DarioBishop,win,resign,939,1010,-71,standard,blitz,blitz,180,2,3+2,lichess.org,18.0,-4.51,,,08/09/25 19:24,2025-09-08 22:27:11.401+00,135.903,B00,"Nimzowitsch Defense: Kennedy Variation, Linksspringer Variation",Nimzowitsch Defense,5,7,11388,7.35,,,,,-8,15687,2.32,,,,,20,10,e4 e5 d4 Nc6 d5 Nd4 Nf3 Bc5 Nxe5 Qf6 Nf3 d6 Be3 Bg4 Bxd4 Bxd4 Nxd4 Bxd1 Nb5 Qxb2,"{18003,18003,18011,17067,18019,17171,17891,16099,17523,15435,17363,14939,17395,14779,17203,13963,17123,13875,15931,11388,15687}"
12766,P20f5f9R,white,Drac25,outropedro,loss,outoftime,942,1102,-160,standard,blitz,blitz,180,2,3+2,lichess.org,15.0,-0.26,57.0,,08/09/25 18:40,2025-09-08 21:47:31.292+00,396.971,D01,Rapport-Jobava System,Rapport-Jobava System,5,-3,0,5.29,,,,,3,10190,2.37,,,,,68,34,d4 d5 Nc3 Nf6 Bf4 Nc6 e3 a6 Nf3 Bg4 Be2 e6 Ne5 Bxe2 Qxe2 Bb4 O-O-O Ne4 Nxe4 dxe4 Nxc6 bxc6 d5 cxd5 Rd4 Bc5 Rdd1 O-O Qg4 g6 Be5 c6 Qf4 f5 Qh6 Rf7 a3 Bf8 Qf4 c5 Rd2 c4 c3 Qb6 Bd4 Qb5 Kd1 Qb3+ Ke1 Qa2 Ke2 Qb3 Qe5 Bg7 Qxe6 Bxd4 exd4 Qb7 Qe5 Re7 Qf4 Rb8 f3 e3 Rc2 Qc7 Rb1 Qxf4,"{18003,18003,17635,18099,17323,18155,16787,18243,16187,18331,16155,18307,16059,17459,15827,17659,15771,17723,15651,17803,15715,17779,14491,17715,14515,17723,13155,17787,12947,17651,12307,17307,12331,16619,12107,16539,8771,16595,8315,15387,8227,15475,8283,13675,7691,13371,5955,13339,5811,13051,5851,12339,5891,12259,5939,12163,5675,11443,3531,11075,3467,10755,2379,10443,2283,10251,2061,10190,0}"
12767,0fWoI6TW,black,Drac25,kain2749,loss,outoftime,950,870,80,standard,blitz,blitz,180,2,3+2,lichess.org,21.0,-1.1,51.0,,08/09/25 18:30,2025-09-08 21:38:41.469+00,473.44,C40,Elephant Gambit,Elephant Gambit,4,-8,0,5.81,5.0,5.0,4.0,69.0,8,1970,5.17,5.0,3.0,4.0,79.0,63,32,e4 e5 Nf3 d5 Qe2 Bg4 h3 Bh5 g4 Bg6 d3 Bb4+ c3 Ba5 Bg5 f6 Bh4 dxe4 dxe4 Nc6 Qb5 b6 Qxc6+ Qd7 Qxa8+ Ke7 Qd5 Qa4 Nxe5 Bxe4 Qf7+ Kd6 Nd2 Kxe5 Nxe4 Qxe4+ Be2 Qxh1+ Bf1 Qe4+ Be2 Nh6 Qxg7 Rd8 Qxf6+ Kd5 Qxd8+ Kc6 Qf6+ Kb7 Qxh6 Qh1+ Bf1 Qe4+ Qe3 Bxc3+ bxc3 Qa4 Qe4+ Kb8 Qe8+ Kb7 Qxa4,"{18003,18003,18115,17659,17147,17531,17067,16819,15763,16891,15611,16283,15651,16355,14579,15875,14515,14747,13987,13171,13131,11091,12907,10963,12851,10971,12379,9459,11243,6003,9499,5323,7275,2339,5795,2267,5363,2075,4843,1731,4547,1547,4371,1459,4211,1491,4171,1427,2635,1203,2723,1019,2579,1059,2355,810,2331,808,2235,825,2275,928,1970,0}"
12768,ygx5QIYF,white,Drac25,h3yjoe,loss,outoftime,956,939,17,standard,blitz,blitz,180,2,3+2,lichess.org,13.0,-0.3,,,05/09/25 21:38,2025-09-06 00:44:35.707+00,361.26,B07,Pirc Defense,Pirc Defense,6,-6,0,9.0,,,,,6,9309,4.58,,,,,40,20,e4 d6 d4 Nf6 Nc3 g6 Qf3 Bg7 Bg5 O-O Bd3 Nc6 Nge2 e5 Bxf6 Bxf6 d5 Nb4 O-O-O c6 a3 Na6 h3 Nc5 b4 Nd7 g4 a5 b5 c5 Kd2 Nb6 a4 c4 Bxc4 Nxc4+ Ke1 Bg5 Qg2 Nb2,"{18003,18003,17867,18139,16851,18203,16547,18315,16363,18379,14923,18451,12939,18339,12523,17659,12155,17139,11883,15291,11267,14187,9515,13467,8723,12971,8579,12395,7891,12299,7003,12355,6363,12179,1803,11883,1691,9323,521,9309,0}"
12769,9M0NZxKC,white,Drac25,Amrane2011,loss,outoftime,963,908,55,standard,blitz,blitz,180,2,3+2,lichess.org,27.0,-1.11,,,03/09/25 19:50,2025-09-03 22:57:58.316+00,455.366,C02,"French Defense: Advance Variation, Nimzowitsch System",French Defense,7,-7,0,8.57,2.0,0.0,1.0,75.0,21,625,8.69,2.0,0.0,1.0,84.0,42,21,e4 e6 d4 d5 e5 c5 Nf3 cxd4 Nxd4 Nc6 Bb5 Qc7 a3 a6 Bxc6+ bxc6 O-O Qxe5 Nc3 Qc7 Nf3 Bc5 Ne2 Nf6 Bf4 Qb6 b4 Be7 Ne5 Rb8 Nxf7 Kxf7 Bxb8 Qxb8 Nd4 Qf4 Nxc6 Bb7 Nxe7 Kxe7 f3 Nd7,"{18003,18003,17683,17795,17427,17603,17267,17419,17283,16891,17131,14347,14563,13715,13827,13091,12715,11539,11283,9803,10443,8595,7603,5587,7219,2795,4699,2459,3715,1659,2539,1595,2419,1651,1563,1163,1107,1043,973,825,874,625,0}"
12770,8mRQNbod,black,Drac25,Amrane2011,win,outoftime,957,925,32,standard,blitz,blitz,180,2,3+2,lichess.org,,4.85,,,03/09/25 19:43,2025-09-03 22:49:57.278+00,364.805,C64,Ruy Lopez: Classical Variation,Ruy Lopez,6,6,4520,12.26,,,,,-17,0,15.0,,,,,24,12,e4 e5 Nf3 Nc6 Bb5 Bc5 Bxc6 Qf6 d4 exd4 Ba4 Qg6 O-O Nh6 Nh4 Qf6 Bxh6 Qxh6 Nf3 O-O Nbd2 Bd6 Nc4 Bf4,"{18003,18003,15787,18027,15435,17339,11707,17067,10627,14635,8875,11307,6347,9363,4555,6555,3467,6115,2011,5803,1387,5443,1397,4520,0}"
12771,1OoAlMJj,white,Drac25,YArslantas55,win,resign,950,1063,-113,standard,blitz,blitz,180,2,3+2,lichess.org,28.0,-3.19,36.0,,03/09/25 03:07,2025-09-03 06:17:14.401+00,566.057,C20,King's Pawn Game: Wayward Queen Attack,King's Pawn Game,3,7,1114,3.31,,,,,-17,1143,3.31,,,,,103,52,e4 e5 Qh5 Nc6 Bc4 Qf6 d3 h6 c3 g6 Qf3 Bg7 Bd5 Nge7 Be3 Nxd5 exd5 Ne7 d4 d6 dxe5 Qxe5 Ne2 O-O Bd4 Qxd5 Bxg7 Qxf3 gxf3 Kxg7 Nd2 Bf5 Nd4 Rae8 Nxf5+ Nxf5+ Kd1 Re7 Kc2 Rfe8 Ne4 d5 Nc5 b6 Nd3 Re2+ Kb3 c5 Rhe1 c4+ Kb4 cxd3 Rxe2 Rxe2 Re1 g5 Rd1 d2 Kb3 Re1 Rxd2 Nh4 Rxd5 Nxf3 Rd7 a5 Ka4 Nxh2 Rb7 Re6 Kb5 Kg6 Rxb6 Rxb6+ Kxb6 f5 c4 g4 c5 Nf3 c6 Ne5 c7 Nd7+ Kb5 h5 Kxa5 h4 c8=Q h3 Qxd7 h2 Qc6+ Kg5 Qh1 Kf4 Qxh2+ Kf3 Qg3+ Ke4 Qe3+ Kd5 b3,"{18003,18003,18115,15915,18139,14955,17443,14691,17059,14243,16907,11515,15971,10907,15387,10771,15331,10475,11955,9811,11379,9347,9219,9259,8747,8651,8635,8427,8243,8451,7491,8347,7427,7195,7379,7291,6979,6899,6747,6923,6483,6851,6451,6435,6099,6267,5955,5707,5123,5571,4579,5667,3955,5531,4091,5147,3715,4899,3683,4907,3531,4875,3563,4811,3291,4755,2747,4347,2163,4331,2035,4067,1443,4083,1475,4251,861,4227,893,4251,998,4355,1027,2547,514,938,471,1051,458,1187,463,1219,599,1267,718,1403,777,1515,863,1595,966,1651,1114,1143}"
12772,MVjGtdPc,white,Drac25,FolovRV_1976,win,mate,942,1087,-145,standard,blitz,blitz,180,2,3+2,lichess.org,19.0,-2.44,34.0,,03/09/25 03:01,2025-09-03 06:07:28.82+00,355.167,C02,"French Defense: Advance Variation, Nimzowitsch System",French Defense,7,8,5523,4.03,,,,,-8,10065,2.65,,,,,63,32,e4 e6 d4 d5 e5 c5 Nf3 Nc6 Bb5 Bd7 Bg5 Be7 Bxe7 Ngxe7 Na3 cxd4 Nxd4 Nxe5 Qh5 O-O Qxe5 Nf5 O-O Nxd4 Qxd4 Bxb5 Nxb5 a6 Nc3 f6 Rae1 e5 Qxd5+ Qxd5 Nxd5 Rfd8 c4 b5 b3 a5 Rd1 bxc4 bxc4 a4 a3 Rab8 Ne7+ Kh8 Rxd8+ Rxd8 Rc1 Rd3 f3 Rxa3 c5 Rd3 c6 a3 c7 a2 c8=Q+ Rd8 Qxd8#,"{18003,18003,17651,18107,17667,18227,17459,18339,17227,18011,16931,17347,15971,17195,15195,17075,15123,16443,13515,15043,13003,14027,12435,13923,12323,13963,12115,12867,11259,12691,10491,12659,9867,12635,9947,12363,9683,12155,9539,11875,9419,11307,9371,11179,9003,10827,7715,10603,7491,10635,6267,10603,5803,10587,5867,10131,5859,10187,5843,10115,5651,10065,5523}"
12773,oqAzwwpQ,black,Drac25,donborghini,win,resign,938,870,68,standard,blitz,blitz,180,2,3+2,lichess.org,20.0,4.46,,,03/09/25 02:57,2025-09-03 06:01:17.975+00,248.559,C44,Ponziani Opening,Ponziani Opening,5,4,10532,3.74,,,,,-4,9233,4.18,,,,,42,21,e4 e5 Nf3 Nc6 c3 Bc5 d4 exd4 cxd4 Bb4+ Nc3 d6 a3 Ba5 b4 Bb6 b5 Nxd4 Nxd4 Qf6 Nd5 Qxd4 Nxc7+ Bxc7 Qxd4 Nf6 Bc4 Bb6 Qc3 O-O O-O Nxe4 Qh3 Ng5 Qc3 Ne4 Qd3 Bf5 Qxd6 Nxd6 Bb2 Nxc4,"{18003,18003,18107,17587,18195,17379,18235,17435,18347,17419,18387,16835,18451,16531,18203,16627,18139,16323,18147,15299,15435,14803,15043,14635,15131,14411,15035,13379,14539,12019,14587,12067,12635,12019,12251,11595,10235,10883,9835,10579,9819,10532,9233}"
12774,OCa9yIxs,black,Drac25,bhandal,loss,outoftime,943,955,-12,standard,blitz,blitz,180,2,3+2,lichess.org,22.0,5.94,,,03/09/25 02:48,2025-09-03 05:56:45.765+00,472.685,C54,"Italian Game: Classical Variation, Giuoco Pianissimo",Italian Game,10,-5,0,7.5,,,,,6,440,7.32,,,,,49,25,e4 e5 Nf3 Nc6 Bc4 Bc5 c3 Nf6 d3 d6 h3 a6 a4 Na5 Ba2 c6 b4 Bxf2+ Kxf2 Bxh3 Rxh3 Ng4+ Kg1 Qf6 bxa5 d5 Bg5 Qg6 Nbd2 f6 Bh4 Ne3 Qe2 d4 cxd4 exd4 Nxd4 Nc2 Rc1 Nxd4 Qe3 Ne6 Bxe6 f5 Bxf5 Qd6 Qg5 O-O Nc4,"{18003,18003,17459,18019,16363,17003,16379,16451,15211,16251,13875,14827,13363,13987,12891,13283,12499,12387,12499,11155,11523,11139,11427,8019,10027,6939,9403,6475,7635,6275,6819,5739,5747,3675,5123,3755,4579,1539,3443,1563,3539,1347,3347,518,1507,253,1059,302,440,0}"
12775,1EB4cH2U,black,Drac25,facuorieta,loss,mate,947,1042,-95,standard,blitz,blitz,180,2,3+2,lichess.org,,1.92,,,03/09/25 02:46,2025-09-03 05:48:38.924+00,157.666,C44,Scotch Game: Haxo Gambit,Scotch Game,8,-4,8207,12.24,,,,,5,16710,1.44,,,,,19,10,e4 e5 Nf3 Nc6 d4 exd4 Bc4 Bc5 c3 dxc3 Bxf7+ Kf8 Bb3 d6 O-O Bg4 Qd5 Bxf3 Qf7#,"{18003,18003,17787,18091,17523,15771,17467,15339,17307,14539,17331,12723,17307,11523,17035,10587,17051,8207,16710}"
12776,jO6lKcrH,black,Drac25,j0rdiJ,win,mate,941,983,-42,standard,blitz,blitz,180,2,3+2,lichess.org,18.0,4.1,,,02/09/25 23:09,2025-09-03 02:16:34.132+00,401.519,B00,"Nimzowitsch Defense: Kennedy Variation, Linksspringer Variation",Nimzowitsch Defense,5,6,1886,6.45,2.0,1.0,2.0,80.0,-6,6047,4.78,0.0,0.0,2.0,48.0,52,26,e4 e5 d4 Nc6 d5 Nd4 Ne2 Qf6 Nxd4 Bc5 Nf5 d6 Be3 Bxf5 Bxc5 Bxe4 Be3 Ne7 Nc3 c6 Nxe4 Qg6 dxc6 Qxe4 cxb7 Qxb7 Qxd6 O-O Qxe5 Rae8 O-O-O Ng6 Qg3 Rb8 b3 Rbc8 Bd3 a5 Bxg6 fxg6 c4 Qb4 Kb2 a4 Ka1 Qc3+ Kb1 axb3 Bd2 Qc2+ Ka1 Qxa2#,"{18003,18003,18083,17771,18075,17251,17859,16747,17363,16315,16835,15331,16715,15163,16555,14979,15075,14323,15147,14075,15003,12555,14699,12171,14603,11875,14219,11059,14083,10427,13051,8723,10315,8683,10219,6803,9947,5531,9667,5523,8979,3347,8555,2875,6699,2475,6395,2211,6099,2107,6047,1886}"
12777,0BGcJOqr,white,Drac25,j0rdiJ,win,mate,934,990,-56,standard,blitz,blitz,180,2,3+2,lichess.org,20.0,-2.02,50.0,,02/09/25 23:04,2025-09-03 02:09:25.565+00,270.284,C20,King's Pawn Game: Wayward Queen Attack,King's Pawn Game,3,7,11428,2.27,,,,,-7,11121,2.46,,,,,59,30,e4 e5 Qh5 Nc6 Bc4 g6 Qf3 Nf6 c3 d5 exd5 Nxd5 Na3 Be6 Bb5 Bxa3 bxa3 O-O Bxc6 bxc6 c4 Nf4 g3 Nh3 Nxh3 Bxh3 g4 f5 Qxh3 fxg4 Qxg4 Qf6 f3 Rae8 d3 c5 Bh6 Rf7 O-O-O e4 dxe4 Qa1+ Kd2 Rd8+ Ke2 Qxa2+ Ke3 Qb3+ Kf2 Rxd1 Rxd1 Qxd1 Qc8+ Rf8 Qe6+ Rf7 Qc8+ Rf8 Qxf8#,"{18003,18003,18051,17931,18139,17947,18243,18107,18315,17531,17995,17547,16803,17099,15955,16979,15603,17043,15355,17107,15051,16219,14715,15907,14635,15923,14587,14779,14483,14187,14331,14211,13339,13787,13283,13627,12915,13475,12891,13251,12915,13275,12939,12595,12491,12115,11899,11531,11795,11395,11819,11499,11771,11411,11539,11107,11587,11121,11428}"
12778,uWLgkXvx,black,Drac25,j0rdiJ,loss,outoftime,939,985,-46,standard,blitz,blitz,180,2,3+2,lichess.org,23.0,5.36,,,02/09/25 22:59,2025-09-03 02:04:45.543+00,330.893,C50,Italian Game: Blackburne-Kostić Gambit,Italian Game,6,-5,0,10.0,,,,,5,11445,3.64,,,,,37,19,e4 e5 Nf3 Nc6 Bc4 Nd4 Nxd4 exd4 d3 Bb4+ Bd2 Qe7 O-O Bd6 c3 Qh4 g3 Qf6 cxd4 Qxd4 Bc3 Qb6 Bxg7 Be5 Bxe5 f6 Bc3 d6 Qf3 d5 Bxd5 Be6 Bxf6 Bxd5 Bxh8 Bxe4 Re1,"{18003,18003,18019,18091,17859,17619,17683,17571,17755,17395,17579,14643,17419,13723,16707,13075,16739,11491,15819,11435,15419,10555,15243,3275,14739,3323,13371,3251,13291,2475,13027,1411,12243,969,11747,247,11445,0}"
12779,obaBB15U,white,Drac25,raek57,win,mate,934,903,31,standard,blitz,blitz,180,2,3+2,lichess.org,22.0,,,,02/09/25 22:55,2025-09-03 01:58:55.651+00,175.862,B21,Sicilian Defense: Smith-Morra Gambit,Sicilian Defense,3,5,12038,5.42,,,,,-5,11538,6.46,,,,,23,12,e4 c5 d4 d6 d5 e6 Bb5+ Nd7 dxe6 fxe6 Qh5+ g6 Qg4 Nf6 Qxe6+ Be7 Bg5 Qa5+ Nc3 a6 Bxf6 Rf8 Qxe7#,"{18003,18003,17907,17931,17939,17779,17803,17363,17307,17371,17043,16875,16451,15859,15507,15179,14739,12219,14275,11843,12251,11538,12038}"
12780,oZuYy9il,white,Drac25,andrewwrath,loss,resign,940,940,0,standard,blitz,blitz,180,2,3+2,lichess.org,20.0,-2.28,,,02/09/25 22:52,2025-09-03 01:55:31.557+00,179.406,B12,Caro-Kann Defense: Advance Variation,Caro-Kann Defense,5,-6,9015,6.91,,,,,7,14133,3.23,,,,,26,13,e4 c6 d4 d5 e5 f6 Nf3 Bg4 h3 Bxf3 Qxf3 fxe5 Qh5+ g6 Qxe5 Nf6 Bg5 Bg7 Bxf6 Bxf6 Qf4 O-O Bd3 Bg7 O-O Rxf4,"{18003,18003,18011,18115,17955,17747,17979,17763,15971,17787,16067,17547,15491,17251,15387,16667,15163,16443,14347,16643,12475,16611,11155,14435,10275,14133,9015}"
12781,IHJQwQWn,white,Drac25,swaimfan2,win,resign,933,983,-50,standard,blitz,blitz,180,2,3+2,lichess.org,18.0,6.15,,,02/09/25 22:47,2025-09-03 01:50:55.981+00,210.889,C20,King's Pawn Game: Wayward Queen Attack,King's Pawn Game,3,7,10880,3.56,0.0,0.0,0.0,96.0,-6,12916,2.54,1.0,0.0,1.0,73.0,41,21,e4 e5 Qh5 Nc6 Bc4 g6 Qf3 Nf6 c3 d6 d3 Bg4 Qg3 Qd7 h3 Nh5 Qxg4 Qxg4 hxg4 Nf4 Bxf4 exf4 f3 O-O-O Na3 Ne5 Ne2 a6 Nxf4 g5 Nh5 Be7 O-O-O b5 Bd5 c6 Bb3 a5 d4 Nd7 Bxf7,"{18003,18003,18099,18067,18059,18179,18099,18315,18083,17779,17947,17811,17123,17035,16539,16787,16427,16531,16491,16523,15851,16595,15731,16603,15507,16667,14675,16243,14035,15659,13323,15387,12507,14891,12115,13987,12003,13867,11531,13451,10880,12916}"
12782,eW0th1Dq,black,Drac25,Okin_fu,loss,outoftime,937,1039,-102,standard,blitz,blitz,180,2,3+2,lichess.org,25.0,-2.93,,,02/09/25 22:41,2025-09-03 01:47:06.74+00,337.56,A00,Van't Kruijs Opening,Van't Kruijs Opening,1,-4,0,10.0,,,,,4,10347,4.25,,,,,37,19,e3 e5 b3 e4 c4 d5 Bb2 Nf6 a4 Bg4 f3 exf3 gxf3 Bh5 h4 Bb4 Qc2 O-O c5 Nc6 Nh3 Bxf3 Rg1 Be4 Bd3 Bxd3 Qxd3 Qe7 Ng5 g6 Qf1 Bxc5 Bxf6 Qe6 Nxe6 fxe6 h5,"{18003,18003,17963,17979,18059,17907,18195,17403,17259,16459,16547,16475,16451,16331,16083,14403,15843,12731,15891,11195,15875,10659,15779,8139,13859,6619,13891,6003,12915,1923,11459,1179,11155,453,11131,552,10347,0}"
12783,gQd7VGNW,white,Drac25,fatihdmck,win,outoftime,933,821,112,standard,blitz,blitz,180,2,3+2,lichess.org,17.0,1.31,,,02/09/25 22:28,2025-09-03 01:35:25.129+00,398.737,B06,Modern Defense,Modern Defense,4,4,5747,5.57,3.0,0.0,0.0,94.0,-4,0,8.18,4.0,2.0,1.0,79.0,45,23,e4 g6 d4 Bg7 Nf3 d5 e5 b6 Bg5 c5 Bb5+ Bd7 Nc3 Bxb5 Nxb5 cxd4 Qxd4 Nc6 Qa4 a5 Nd6+ Kd7 Nxf7 b5 Qxb5 Rb8 Qxd5+ Kc7 Qc5 Qd7 O-O e6 Nxh8 a4 Rad1 h6 Rxd7+ Kxd7 Nxg6 hxg5 Nxg5 Rxb2 Rd1+ Kc7 Nxe6+,"{18003,18003,17379,18115,16883,17835,16659,17355,16515,17099,15315,15987,14667,15395,14691,15243,13611,14819,12235,14507,11515,12979,10515,12267,9603,11875,9619,10827,8987,4203,7283,2843,6579,1979,5771,2019,5787,1899,5683,1307,5739,867,5771,615,5747,0}"
12784,ysDH4LK6,black,Drac25,vitrenks,win,resign,926,1027,-101,standard,blitz,blitz,180,2,3+2,lichess.org,21.0,-0.38,,,02/09/25 22:20,2025-09-03 01:26:11.7+00,336.717,C44,Ponziani Opening: Jaenisch Counterattack,Ponziani Opening,6,7,4656,7.42,2.0,0.0,2.0,68.0,-8,6970,5.81,1.0,1.0,3.0,53.0,38,19,e4 e5 Nf3 Nc6 c3 Nf6 Bd3 Bc5 O-O d5 Bc2 dxe4 Ng5 Bg4 Qe1 Bf5 Nxe4 Nxe4 Bxe4 Bxe4 Qxe4 O-O d3 f6 Nd2 Qe8 Nf3 Qf7 Be3 Bd6 Rad1 Rad8 b4 f5 b5 fxe4 dxe4 Ne7,"{18003,18003,16171,17635,16059,17003,15571,15731,15379,15315,14715,15019,14523,14515,13923,11307,13763,11067,13643,10435,13507,10395,13003,9547,12523,8059,12179,7291,10523,6435,9155,5787,8595,5275,8459,5219,7283,4656,6970}"
12785,Oz3zNwv3,white,Drac25,denikon,loss,timeout,931,974,-43,standard,blitz,blitz,180,2,3+2,lichess.org,,,,,02/09/25 02:16,2025-09-02 05:16:23.163+00,3.936,C20,King's Pawn Game,King's Pawn Game,2,-5,9529,84.74,,,,,5,18000,,,,,,2,1,e4 e5,"{18003,18000,9529}"
12786,9888S4OO,black,Drac25,bekerbb,loss,outoftime,935,1019,-84,standard,blitz,blitz,180,2,3+2,lichess.org,20.0,-0.77,,,02/09/25 02:09,2025-09-02 05:15:52.817+00,365.261,A00,Kádas Opening,Kádas Opening,1,-4,0,10.0,,,,,4,10447,4.2,,,,,37,19,h4 h5 f3 e5 g3 Nc6 c3 d5 e4 d4 Ne2 d3 Ng1 Bc5 Nh3 Bxh3 Bxh3 Nce7 Bf1 f5 b4 Bb6 Qa4+ c6 b5 fxe4 fxe4 Nf6 Qc4 Qc7 Bxd3 O-O-O Be2 c5 Qe6+ Kb8 Na3,"{18003,18003,17683,17411,17571,16331,17619,16371,17619,16075,17395,15411,17171,14091,16611,12779,16155,11107,15571,10147,14803,9635,14843,8939,14779,7459,14771,6563,14403,2907,13283,2531,12467,1115,10827,480,10447,0}"
12787,4ZlmaQ2c,white,Drac25,Simham88,win,outoftime,929,982,-53,standard,blitz,blitz,180,2,3+2,lichess.org,18.0,-0.67,,,01/09/25 03:32,2025-09-01 06:40:27.616+00,450.013,B12,Caro-Kann Defense: Advance Variation,Caro-Kann Defense,5,6,3382,5.42,,,,,-7,0,6.67,,,,,55,28,e4 c6 d4 d5 e5 e6 Bd3 c5 Nf3 Nc6 dxc5 Bxc5 h4 Nge7 Bg5 Qb6 O-O Qxb2 Bxe7 Bxe7 Nbd2 Qb6 Nb3 Bd7 Rb1 Qd8 Nbd4 Nxd4 Nxd4 Ba4 Rxb7 Bxh4 Qf3 Be7 Qxf7+ Kxf7 Bb5 Bxb5 Rxb5 Qc8 Rb2 Qc4 Nf3 Ba3 Rb7+ Be7 Ng5+ Kf8 Nxe6+ Kf7 Ng5+ Ke8 Rbb1 Qxc2 Rbc1,"{18003,18003,17723,18083,17595,17563,17619,17595,17267,17491,16955,17435,14931,17179,14947,14539,13995,13811,13299,13555,13323,12699,12779,9931,11643,9531,10715,8579,10283,7155,8771,6011,8099,3203,7923,2331,6531,1723,6451,1139,5755,1123,5275,1027,4907,774,4675,391,4691,310,4547,226,3443,206,3382,0}"
12788,V6d7fB60,white,Drac25,Jonnyyjones,loss,outoftime,936,812,124,standard,blitz,blitz,180,2,3+2,lichess.org,23.0,-6.17,42.0,,01/09/25 03:24,2025-09-01 06:32:25.475+00,476.584,B06,Modern Defense,Modern Defense,2,-7,0,4.09,,,,,8,7139,2.53,,,,,88,44,e4 g6 d4 d6 d5 Bg7 c3 Nf6 Nf3 Nxe4 Nbd2 Nf6 Ne4 Nxe4 Bd3 Nf6 Bg5 Nxd5 c4 Nb4 a3 Nxd3+ Qxd3 O-O Qe3 e5 Bxd8 Rxd8 O-O Nc6 Ng5 Bh6 Qf3 Bxg5 Rad1 Bf5 b4 a5 b5 Nd4 Rxd4 exd4 Qxb7 d3 Qxc7 d2 f3 Be3+ Kh1 Bc2 Qe7 d1=Q Rxd1 Bxd1 Qxe3 Re8 Qd2 Bb3 h4 Bxc4 b6 Ba6 Qxd6 Rab8 Qc5 Rec8 Qxa5 Rc1+ Kh2 Rcc8 a4 Bb7 Qa7 Ra8 Qxb7 Rab8 Qa7 Ra8 Qb7 Rcb8 Qc7 Rc8 Qd6 Rd8 Qf6 Rab8 a5 Ra8,"{18003,18003,17979,18123,17723,18195,17123,18219,17011,18123,16763,18115,16779,18059,16699,17355,15691,17379,14891,17147,14227,17187,14267,16899,14139,16699,14035,16515,13987,16411,11747,15187,11491,15051,10763,14523,10123,14347,10091,14067,9043,14115,8867,13731,7835,13763,7435,13035,7395,12363,4915,11203,4971,11403,5027,11115,4563,10643,3291,10475,3339,9427,3307,8379,1619,8227,1587,7779,1643,7835,1403,7835,1139,7779,1123,7803,1115,7875,643,7955,618,7859,522,7827,537,7747,544,7139,0}"
12789,pK1l8CZU,black,Drac25,Jonnyyjones,win,mate,932,816,116,standard,blitz,blitz,180,2,3+2,lichess.org,31.0,-3.93,54.0,,01/09/25 03:16,2025-09-01 06:24:21.907+00,489.029,C43,Bishop's Opening: Urusov Gambit,Bishop's Opening,7,4,1545,4.84,,,,,-4,838,5.05,,,,,70,35,e4 e5 Bc4 Nf6 d4 exd4 Nf3 d5 exd5 Nxd5 Ne5 Be6 Qxd4 Nc6 Nxc6 bxc6 O-O Be7 Qxg7 Bf6 Qg3 Rb8 Bg5 Rg8 h4 h6 f4 hxg5 fxg5 Bxb2 Nd2 Bd4+ Kh1 Bxa1 Rxa1 Kd7 Ne4 f6 Rd1 Kc8 Qf3 Qe7 Nc5 Qxc5 gxf6 Qxc4 f7 Rf8 Qh5 Ne7 Qh7 Bxf7 Qf5+ Nxf5 g4 Ng3+ Kh2 Qe2+ Kh3 Qxd1 h5 Qxc2 Kh4 Nxh5 Kg5 Rg8+ Kh4 Qg6 gxh5 Qxh5#,"{18003,18003,18107,17683,18155,16547,18099,15579,17411,15443,15771,14427,14851,14123,14395,13747,14179,11691,14131,11195,12731,9059,11947,8675,10891,7531,9475,7179,8963,7019,8027,5139,7563,4907,7555,3379,7299,2747,6131,2419,4619,2115,2747,2075,2131,1923,1771,1811,1131,1603,871,1627,596,1563,601,1483,652,1467,717,1587,755,1691,858,1715,852,1787,856,1803,838,1545}"
12790,Rc1O5WkC,black,Drac25,MegaEven,loss,resign,936,1061,-125,standard,blitz,blitz,180,2,3+2,lichess.org,25.0,-3.32,41.0,,01/09/25 03:11,2025-09-01 06:15:55.862+00,254.894,C50,Italian Game: Anti-Fried Liver Defense,Italian Game,6,-4,4271,6.87,,,,,4,14597,1.7,,,,,41,21,e4 e5 Nf3 Nc6 Bc4 h6 Nc3 d6 d3 Nd4 Nxd4 exd4 Nd5 c6 Nf4 d5 exd5 cxd5 Nxd5 Be6 Qf3 Ne7 Nf6+ gxf6 Bxe6 fxe6 Qxf6 Qa5+ Bd2 O-O-O Qxh8 Qg5 O-O Qxd2 Qe5 Rd5 Qxe6+ Kd8 Qe1 Nc6 Qxd2,"{18003,18003,18083,18059,18163,17923,18251,17851,18339,17707,18243,17763,18443,17363,18235,17355,18299,17403,18435,17195,17003,16419,16267,16379,16323,15899,16371,13907,16259,12627,16235,10611,16267,10355,15419,6739,15355,6691,14779,4883,14597,4271}"
12791,JcYzPDsP,white,Drac25,Loupi57450,win,resign,930,930,0,standard,blitz,blitz,180,2,3+2,lichess.org,19.0,0.8,57.0,,01/09/25 03:03,2025-09-01 06:11:13.027+00,484.416,B01,Scandinavian Defense: Valencian Variation,Scandinavian Defense,6,6,604,4.83,,,,,-6,2869,4.2,,,,,73,37,e4 d5 exd5 Qxd5 Nc3 Qd8 Qf3 Nf6 Bc4 e6 Nh3 h6 d3 Bb4 O-O Bxc3 bxc3 Nc6 Ba3 Ne5 Qe2 Nxc4 dxc4 b6 c5 bxc5 Bxc5 Bb7 Rad1 Nd5 Rd4 c6 Qe5 Bc8 Qxg7 Qf6 Qg3 Ba6 Re1 Rd8 Bxa7 Ke7 Bc5+ Kd7 Bb6 Rhg8 Qc7+ Ke8 Qxc6+ Kf8 Bxd8 Qxd8 Qxa6 Kg7 Nf4 Qg5 Nxd5 exd5 Qe2 Kh7 g3 Rg6 f4 Qf5 Qg2 Qg4 h3 Qf5 Rd2 Qd7 Rde2 Qe8 Rxe8,"{18003,18003,17971,17995,18171,18099,17763,18299,17251,18355,17243,18355,17019,18075,16907,18131,16939,17987,16811,17787,14747,17763,14523,17667,12035,17459,12099,16427,11267,14987,10715,13931,10651,12763,10547,11571,7355,10411,6171,9811,5331,9459,4251,9043,3963,8931,3059,8475,2683,7707,2179,7675,1323,7179,1315,6171,927,6203,496,5915,488,5139,331,4483,382,3819,411,3811,471,3499,561,3203,604,2869}"
12792,xhyJ5IEe,black,Drac25,VASHOON,loss,resign,936,940,-4,standard,blitz,blitz,180,2,3+2,lichess.org,17.0,6.22,,,01/09/25 02:58,2025-09-01 06:01:55.185+00,217.491,B00,"Nimzowitsch Defense: Kennedy Variation, Linksspringer Variation",Nimzowitsch Defense,5,-6,7434,6.61,,,,,6,8737,5.45,,,,,34,17,e4 e5 d4 Nc6 d5 Nd4 c3 Bc5 cxd4 Bxd4 Nf3 d6 Nxd4 exd4 Qxd4 Qf6 Qxf6 Nxf6 Bd3 O-O O-O c6 dxc6 bxc6 Nd2 d5 b3 dxe4 Nxe4 Nxe4 Bxe4 Be6 Bxc6 Rfc8,"{18003,18003,18115,17555,18131,17091,18227,15371,18139,15419,17851,14443,17843,14331,18043,13787,17923,13899,17811,12691,17779,11331,16099,11323,15147,11171,14683,9891,14883,9139,15083,8939,14611,7434,8737}"
12793,CnLY2OSe,white,Drac25,ninohadah,loss,outoftime,942,920,22,standard,blitz,blitz,180,2,3+2,lichess.org,19.0,0.47,54.0,,31/08/25 18:07,2025-08-31 21:16:51.423+00,538.92,B00,Pirc Defense,Pirc Defense,4,-6,0,3.6,,,,,6,4446,2.77,,,,,100,50,e4 d6 d4 Nf6 e5 dxe5 dxe5 Qxd1+ Kxd1 Nfd7 Bc4 e6 f4 g6 Nf3 Bg7 Be3 O-O Nc3 Nc6 Bc5 Rd8 Bd4 Nxd4 Nxd4 Nb6 Nb5 Nxc4 c3 c5 Kc2 cxd4 Nxd4 Ne3+ Kb3 a5 a4 Bh6 g3 Bg7 Rhe1 Nd5 Nb5 b6 Rad1 Ba6 Nd6 Bf8 Ne4 f5 Nf6+ Kg7 Nxd5 exd5 c4 dxc4+ Kc3 Rxd1 Rxd1 Bb4+ Kc2 Rc8 Rd7+ Kh6 b3 cxb3+ Kxb3 Rc3+ Kb2 Re3 Rd5 Re2+ Kb3 Rxh2 e6 Re2 Re5 Rxe5 fxe5 g5 Kc2 f4 gxf4 gxf4 Kd1 Kg5 Kc2 Kg4 Kd1 Kg3 e7 Bxe7 Kd2 Bc5 Ke1 Kg2 e6 f3 e7 f2+,"{18003,18003,18011,18099,17891,18299,17963,18499,17875,18699,17603,18275,17339,18043,17211,18123,16619,18115,16379,18219,16163,18051,14691,17571,14739,16891,9475,15099,8371,15187,7027,15219,6875,14955,6715,14579,6571,13859,6283,12923,6235,12907,5931,11651,4427,10787,3739,7411,2155,7267,1635,7147,1347,7123,965,6771,2587,6731,2651,6771,2603,6131,2587,6139,2387,5867,2515,5883,2491,5435,1619,5427,1523,5451,1547,4747,1403,4643,1507,4179,1371,4259,1403,4355,1523,4499,1475,4619,1523,4739,1539,4747,1659,4563,1291,4315,1259,4387,1188,4446,0}"
12794,2mnCrL6B,black,Drac25,carllovi,loss,outoftime,947,970,-23,standard,blitz,blitz,180,2,3+2,lichess.org,15.0,-3.77,44.0,,31/08/25 18:01,2025-08-31 21:07:19.658+00,322.258,C26,Vienna Game: Stanley Variation,Vienna Game,5,-5,0,7.2,,,,,5,14574,1.37,,,,,51,26,e4 e5 Nc3 Nf6 Bc4 Bc5 Nf3 c6 O-O d6 d3 b5 Bxf7+ Kxf7 Ng5+ Kf8 Be3 Nbd7 a3 Kg8 b4 Bd4 Bxd4 exd4 Ne2 Nxe4 Nxe4 d5 N4g3 Nf6 Nxd4 Bg4 Qe1 Qd7 f3 Bh5 Nxh5 Nxh5 Qh4 Nf6 Rae1 Re8 Rxe8+ Qxe8 h3 h6 g4 g5 Qg3 Kh7 f4,"{18003,18003,18107,17803,18179,17371,18267,17043,18315,16699,18411,16075,18115,15043,18115,14203,17403,10835,17491,9387,17515,8595,17563,8427,17635,6603,17515,5307,17331,4979,17331,3899,17035,3491,16387,3219,16283,3275,16051,2811,15427,1835,15387,1763,15091,1331,14843,1307,14691,699,14574,0}"
12795,rvajTbTd,white,Drac25,afshin-sadeghi,loss,resign,952,994,-42,standard,blitz,blitz,180,2,3+2,lichess.org,26.0,-2.96,40.0,,31/08/25 17:56,2025-08-31 21:01:40.477+00,288.451,C00,French Defense: Steinitz Attack,French Defense,3,-5,3185,7.41,,,,,5,12454,2.92,,,,,40,20,e4 e6 e5 c6 d4 d6 Nf3 dxe5 Nxe5 Qa5+ Nc3 Qb4 Qf3 Nd7 Qxf7+ Kd8 Nxd7 Bxd7 a3 Qxd4 Qxf8+ Be8 Be3 Qf6 h4 Qxf8 O-O-O+ Bd7 Bg5+ Nf6 Bc4 h6 Bxf6+ Qxf6 Rhe1 Qf4+ Kb1 Qxc4 b3 Qxc3,"{18003,18003,17979,18067,18035,18083,16451,18131,16131,17515,14723,17355,14099,16635,14043,16651,11715,16515,10043,16323,9891,14723,8635,14123,8459,14163,7827,14107,7315,13947,6811,13235,4435,13147,4563,12571,4307,12579,3643,12454,3185}"
12796,yOaE9QVf,white,Drac25,Jaafatamer7,loss,mate,959,933,26,standard,blitz,blitz,180,2,3+2,lichess.org,25.0,-7.89,48.0,,31/08/25 17:50,2025-08-31 20:56:37.372+00,383.948,C20,"King's Pawn Game: Wayward Queen Attack, Kiddie Countergambit",King's Pawn Game,4,-7,520,7.28,,,,,6,8107,4.12,,,,,50,25,e4 e5 Qh5 Nf6 Qxe5+ Be7 Qg3 d5 Qxg7 Rg8 Qh6 Bf8 Qf4 Bd6 Qe3 Ng4 Qg3 Bxg3 fxg3 Qf6 Nf3 dxe4 h3 exf3 hxg4 f2+ Kd1 Bxg4+ Be2 Bxe2+ Kxe2 Rxg3 Rf1 Rxg2 d3 Nc6 c3 O-O-O d4 Re8+ Be3 Na5 b3 Nc4 bxc4 Qe6 Rxf2 Qxe3+ Kf1 Qxf2#,"{18003,18003,18091,18019,18115,17835,18083,17475,17795,15579,16995,15323,15683,15083,15123,14675,14579,14707,13875,13051,11347,12515,8043,12115,7747,11579,7427,11723,7003,11811,7043,10643,6499,10555,4691,10115,4291,10147,3595,10219,3163,8635,2603,8651,2659,8243,482,8259,520,8107}"
12797,TIg6IKQg,white,Drac25,GoldenRetriever1997,loss,resign,964,982,-18,standard,blitz,blitz,180,2,3+2,lichess.org,,,,,31/08/25 17:48,2025-08-31 20:49:35.12+00,68.249,B00,Hippopotamus Defense,Hippopotamus Defense,2,-5,11771,8.9,,,,,5,17803,0.33,,,,,14,7,e4 Nh6 Bc4 g6 d4 Bg7 Qf3 O-O Qh3 d5 Bxh6 Bxh6 Bxd5 Bxh3,"{18003,18003,17931,18067,17091,18147,16059,18107,15539,17987,15099,17907,14499,17803,11771}"
12798,DemxIw6q,black,Drac25,kjusa,loss,resign,969,1047,-78,standard,blitz,blitz,180,2,3+2,lichess.org,28.0,0.35,,,31/08/25 17:40,2025-08-31 20:45:26.305+00,283.967,D00,Queen's Pawn Game,Queen's Pawn Game,3,-5,4003,7.37,3.0,0.0,4.0,53.0,5,10396,4.0,1.0,1.0,2.0,71.0,39,20,d4 d5 e3 Nc6 Nf3 Bg4 h3 Bh5 a3 e6 Nc3 Nf6 g4 Bg6 Bd3 Bd6 Bd2 Bxd3 cxd3 e5 dxe5 Nxe5 g5 Nxd3+ Kf1 Ne4 Nxe4 dxe4 Qa4+ c6 Qxe4+ Ne5 Nxe5 O-O g6 fxg6 Nxg6 Re8 Qc4+,"{18003,18003,17955,17803,17507,17571,17499,17507,16635,16739,16171,16307,15011,16251,14395,15907,13355,14387,13379,12803,12883,12563,12907,12019,12571,11451,11955,10451,12019,9019,12011,8955,12091,8531,11083,8251,11051,7203,10396,4003}"
12799,OB8vQ3kj,white,Drac25,Shiner2501,loss,outoftime,974,988,-14,standard,blitz,blitz,180,2,3+2,lichess.org,35.0,3.28,,,29/08/25 21:03,2025-08-30 00:09:23.664+00,381.441,B00,St. George Defense,St. George Defense,2,-5,0,5.81,,,,,5,11043,2.32,,,,,62,31,e4 a6 d4 b5 c4 Bb7 cxb5 axb5 Bxb5 c6 Bd3 e6 Nf3 f6 Nbd2 g5 g4 h5 gxh5 Rxh5 h4 g4 Nh2 f5 exf5 exf5 Be2 Qxh4 Ndf1 Bd6 Ng3 f4 Nxh5 Qxh5 Bxg4 Qh4 Bf3 Nf6 Qe2+ Kd8 Bd2 Kc7 Ba5+ Kc8 Bc3 Na6 a3 c5 Bxb7+ Kxb7 O-O-O f3 Qxf3+ Kb8 dxc5 Bxh2 Bxf6 Qc4+ Kb1 Bf4 Bc3 Nxc5,"{18003,18003,18011,18203,17611,18403,17395,18603,17379,18803,17003,18899,16731,18515,15739,18475,15251,18491,14579,18427,14155,18115,13971,17915,14011,17907,13659,17611,10755,17547,7891,17091,7915,16995,7627,17003,7155,16803,7067,16635,6739,15683,5963,15435,5275,14515,5259,14323,5091,14347,3659,14075,3507,13627,2523,13651,1747,13091,1643,11891,1231,11043,0}"
12800,jUgTDsHq,black,Drac25,Shiner2501,loss,outoftime,980,982,-2,standard,blitz,blitz,180,2,3+2,lichess.org,22.0,-2.23,51.0,,29/08/25 20:55,2025-08-30 00:02:52.024+00,445.326,A00,Grob Opening: London Defense,Grob Opening,4,-6,0,4.74,,,,,6,8815,2.42,,,,,77,39,h3 e5 g4 Nc6 Bg2 d5 d3 Nf6 g5 Nh5 Bd2 g6 a3 Bf5 b4 e4 dxe4 dxe4 Bc3 Bg7 b5 Qxd1+ Kxd1 O-O-O+ Ke1 e3 Bxg7 Nxg7 bxc6 bxc6 Bxc6 Bxc2 Nc3 Nf5 fxe3 Nxe3 Kf2 Nf5 Nf3 Ne7 Ne5 Nxc6 Nxc6 Rd6 Nxa7+ Kb7 Nab5 Rb6 a4 Be4 Nxe4 Re8 Nf6 Re5 Nd7 Rf5+ Kg3 Rxg5+ Kh4 Rh5+ Kg4 f5+ Kf4 Re6 Nc5+ Kb6 Nxe6 c6 Nbc7 c5 Nd5+ Kc6 Ne3 Kd6 Ng7 Rh6 Kg5,"{18003,18003,18203,17763,18403,17715,18523,17667,13403,16875,13435,15987,13363,14803,13275,14067,12987,14083,12627,13467,12395,13043,12419,12235,12283,11275,12219,11275,12067,10923,11515,10051,10771,8835,10475,8691,10579,7267,10467,6947,9843,5699,9763,4683,9787,4755,9867,4507,9635,3827,9595,3779,9531,3131,9643,2651,9331,2499,9299,2379,9339,2387,9115,1531,8955,1131,9083,824,8979,638,8867,684,8651,649,8787,571,8815,0}"
13410,R8yzIH8d,white,Drac25,Nitin2209,win,mate,982,963,19,standard,blitz,blitz,300,0,5+0,lichess.org,22.0,-2.64,,,01/07/25 15:02,2025-07-01 18:06:25.61+00,211.754,C20,King's Pawn Game: Wayward Queen Attack,King's Pawn Game,3,6,17894,7.12,,,,,-5,22352,4.78,,,,,35,18,e4 e5 Qh5 Qf6 Nf3 g6 Qxe5+ Qxe5 Nxe5 f6 Nf3 Nc6 Bb5 Nb4 a3 Nxc2+ Kd1 Nxa1 Bc4 a6 b4 b5 Bb3 Nxb3 Bb2 a5 e5 Bg7 exf6 Bxf6 Re1+ Kd8 Ne5 axb4 Nf7#,"{30003,30003,29947,29699,29043,29467,28635,28963,28427,28515,27835,27691,27347,27195,26523,26979,25803,26763,23907,26139,23795,25923,23403,25595,22627,24795,21603,24027,20155,23819,19699,23251,18347,22352,17894}"
12801,yii7qlL8,white,Drac25,baiddo777,loss,mate,985,1002,-17,standard,blitz,blitz,180,2,3+2,lichess.org,33.0,4.52,43.0,,29/08/25 20:43,2025-08-29 23:55:04.753+00,677.943,B00,Pirc Defense,Pirc Defense,3,-5,3175,1.63,,,,,5,6385,1.28,,,,,184,92,e4 d6 d4 g6 Bc4 Nc6 Qf3 f6 d5 Nd4 Qd3 c5 c3 b5 Bxb5+ Nxb5 Qxb5+ Bd7 Qc4 e5 dxe6 Bc6 Nf3 Ne7 O-O d5 exd5 Nxd5 Be3 Qe7 Bxc5 Qxe6 Bxf8 Rxf8 Nd4 Qd6 Nxc6 Rc8 Qe4+ Ne7 Nxe7 Qxe7 Qxe7+ Kxe7 Na3 Kf7 Nb5 Rb8 Nxa7 Rxb2 Rab1 Rxa2 Rb7+ Kg8 Nb5 Rf7 Rxf7 Kxf7 h3 Rc2 f3 Rb2 Nd6+ Kg7 Ne4 Re2 c4 Rc2 c5 f5 g4 fxe4 fxe4 Rxc5 Kg2 Rc4 Kf3 Rc3+ Kf4 Rxh3 Re1 Rc3 e5 Rc4+ Kg5 Rc5 Kf4 Rc4+ Kg3 h5 gxh5 gxh5 e6 Kf8 e7+ Ke8 Kh3 Rc3+ Kh4 Rc5 Re6 Rf5 Kg3 Rg5+ Kh4 Rf5 Kg3 Rc5 Kf4 Rb5 Ke4 h4 Kf4 Rb4+ Kf3 Rd4 Kg2 Rg4+ Kh3 Rc4 Rh6 Rc3+ Kxh4 Kxe7 Rh7+ Ke6 Rh6+ Kf7 Rh7+ Kg6 Rh5 Rc4+ Kh3 Kxh5 Kg3 Kg5 Kf3 Kf5 Ke3 Rh4 Kf3 Rh3+ Ke2 Kf4 Kd2 Ke4 Kc2 Kd4 Kb2 Kc4 Kc2 Kb4 Kd2 Kc4 Ke2 Rc3 Kf2 Kd4 Kg2 Ke4 Kf2 Rb3 Ke2 Rb2+ Kd1 Kd3 Ke1 Ke3 Kf1 Kf3 Ke1 Ra2 Kd1 Ke3 Kc1 Kd3 Kb1 Rh2 Kc1 Rg2 Kb1 Kc3 Kc1 Rg1#,"{18003,18003,17987,18203,17731,18243,17659,17499,17651,17531,17715,16843,17667,14443,17291,14131,17363,14179,16619,13443,16627,13003,15347,12827,13835,11947,13499,12147,11179,11723,10923,11667,10731,11867,10267,11131,10251,11067,9331,10787,8875,10987,8539,11187,8363,10843,8123,10899,8083,11019,8107,11067,8147,10875,8115,10203,8027,10403,7835,10339,6451,10059,5811,9939,5843,8939,5539,7931,5571,7955,3963,7835,4035,7947,3923,7947,4019,7795,4091,7667,3763,6851,3771,6915,3595,6355,3027,6011,2811,5947,2363,5947,2403,4963,2387,4827,1659,4747,1675,4835,1539,4675,1259,4515,1307,4627,1371,4595,1427,4611,1227,4483,1291,4579,1355,4619,1155,4651,1267,4771,1235,4427,1235,4483,1171,4379,1291,4459,1387,4419,1411,4355,1443,4555,1467,4507,1555,4643,1683,4739,1787,4803,1835,4851,1867,4979,1907,5139,1779,5331,1915,5523,2035,5651,2179,5803,2283,5963,2411,6123,2443,6107,2555,6163,2579,6267,2627,6323,2691,6459,2835,6339,2939,6419,3035,6259,2971,6315,3035,6347,3051,6499,3175,6385}"
12802,7tSRT7WX,black,Drac25,baiddo777,draw,stalemate,985,1002,-17,standard,blitz,blitz,180,2,3+2,lichess.org,20.0,-2.54,40.0,,29/08/25 20:33,2025-08-29 23:43:34.781+00,616.907,D00,Queen's Pawn Game,Queen's Pawn Game,3,0,2443,2.36,,,,,0,1785,2.46,,,,,134,67,d4 d5 e3 Bf5 Nc3 Nf6 Nf3 e6 Ne5 Bd6 g3 Nbd7 Bg2 Nxe5 dxe5 Bxe5 O-O O-O Re1 Qe7 e4 Bxc3 bxc3 dxe4 Bg5 Rad8 Bxf6 Qxf6 Qe2 Qxc3 a4 Rde8 a5 a6 Ra4 c6 Bxe4 Qf6 Bxf5 exf5 Qd2 Rxe1+ Qxe1 h6 Rf4 g5 Rc4 Kg7 Qc3 Qxc3 Rxc3 Rd8 Re3 Rd5 Re7 Rxa5 Rxb7 Ra2 c4 Rc2 Ra7 Rxc4 Rxa6 Rc1+ Kg2 c5 Rc6 c4 Rc5 Kf6 Rc6+ Ke5 Rc5+ Kd4 Rxf5 c3 Rxf7 c2 Rc7 Kd3 f4 gxf4 gxf4 Rd1 f5 c1=Q Rd7+ Ke2 Re7+ Kd2 f6 Qc2 f7 Kc1+ Kh3 Rd3+ Kh4 Qc4+ Kh5 Rd5+ Kg6 Qc6+ Kg7 Rg5+ Kf8 Rf5 Re8 Rxf7+ Kxf7 h5 Rh8 Qd5+ Kf8 h4 Rxh4 Qd8+ Kg7 Qxh4 Kf7 Qxh2 Ke6 Kd2 Kd5 Kd3 Ke6 Ke4 Kd7 Kd5 Ke7 Qh6 Kd7 Qd6+ Ke8 Ke6,"{18003,18003,18203,17611,18371,17483,18291,17283,18179,15611,16515,15587,16531,15515,16731,15403,16203,15323,16139,15107,15547,15051,14691,15131,13515,14307,12411,13763,11707,13363,10211,13267,9347,13211,9003,12155,8731,9875,8179,9915,7227,9595,7427,9523,7019,9459,5819,6179,4923,5811,5123,5691,4699,5755,4699,5771,4859,5595,4243,5163,4331,4955,4427,4947,4451,5083,4323,5099,4451,4995,4395,5051,4467,5123,4467,5163,4451,5251,4539,5123,4531,5139,4659,4947,3531,4579,3635,4427,3483,4075,3315,3883,2779,3939,2323,4059,2211,4091,2163,4163,1995,4075,1955,3963,1843,3411,1307,3467,1291,3211,1251,2355,1187,2091,1147,1811,1147,1947,1115,2091,1267,2179,1395,2323,1523,2419,1579,2467,1563,2587,1659,2547,1785,2443}"
12803,PR4L3MSU,white,Drac25,lvpvsinfabvla,win,resign,980,958,22,standard,blitz,blitz,180,2,3+2,lichess.org,,-1.05,,,29/08/25 20:29,2025-08-29 23:32:58.343+00,191.576,B02,Alekhine Defense: Normal Variation,Alekhine Defense,4,5,12515,5.49,,,,,-5,9717,9.21,,,,,20,10,e4 Nf6 e5 Nd5 Bc4 e6 d4 Nb6 Bb3 Nc6 Nf3 d5 Bg5 Be7 Qd2 Bb4 c3 Ba5 Bxd8 Nxd8,"{18003,18003,17691,17875,16747,16235,15987,14659,15747,13531,15491,11875,15035,11211,13827,10795,13123,10531,13107,9717,12515}"
12804,Cy4SWL3a,black,Drac25,Azorixn,draw,stalemate,981,911,70,standard,blitz,blitz,180,2,3+2,lichess.org,16.0,4.44,44.0,,29/08/25 20:19,2025-08-29 23:28:21.886+00,556.295,C46,Three Knights Opening,Three Knights Opening,5,-1,7325,1.78,,,,,1,2112,2.61,,,,,123,62,e4 e5 Nf3 Nc6 Nc3 Bc5 d4 d6 dxc5 dxc5 Qxd8+ Nxd8 Bc4 Be6 b3 Bxc4 bxc4 Nf6 O-O Ne6 Be3 c6 Nxe5 O-O Rab1 Nd4 Bxd4 cxd4 Ne2 Nxe4 Rxb7 c5 Nc6 Nd6 Rb2 Nxc4 Rb5 Nd2 Rc1 Ne4 Rcb1 Rac8 Rb8 Rxc6 Rxf8+ Kxf8 Rb8+ Ke7 h3 Re6 Rb7+ Kf6 Nf4 Re7 Rb5 c4 Nd5+ Kg6 Nxe7+ Kh6 Re5 f6 Rxe4 f5 Rxd4 g6 Rxc4 Kg7 Nc6 Kf6 Nxa7 Ke5 a4 Kd5 Rc8 Kd6 a5 Ke5 a6 h5 Nb5 g5 f3 Kf4 Kf2 g4 fxg4 fxg4 h4 g3+ Kf1 Kg4 a7 Kxh4 a8=Q Kg4 Qe4+ Kg5 Rc5+ Kf6 Qc6+ Ke7 Re5+ Kd8 Rxh5 Ke7 Rh3 Kf7 Rxg3 Ke7 Rf3 Kd8 g3 Ke7 g4 Kd8 g5 Ke7 g6 Kd8 g7 Ke7 g8=Q,"{18003,18003,18139,18139,18219,18043,18331,17963,17923,17627,17707,17715,17235,17307,17035,17315,17147,17019,16819,17099,16291,16267,15579,15739,13843,14579,13851,14667,13451,14203,12291,13435,9851,12731,8923,12467,7123,10547,6003,9955,5275,9787,3771,8923,3339,8931,3467,9011,3307,8715,3131,8315,3195,8187,2771,8115,2307,7363,2403,7187,2211,7203,2299,7171,2419,6931,2483,6947,2523,6763,2627,6739,2619,6803,2579,6859,2675,6827,2707,6891,2763,6771,2523,6723,2355,6691,2323,6403,2235,6315,1915,6435,2019,6523,2075,6723,2027,6731,2035,6739,1971,6747,1875,6675,1931,6667,1875,6611,2003,6659,2107,6747,2203,6835,2283,6971,2395,7123,2475,7179,2531,7325,2112}"
12805,36VOFill,white,Drac25,jimv9200,loss,outoftime,987,930,57,standard,blitz,blitz,180,2,3+2,lichess.org,11.0,0.35,52.0,,29/08/25 20:10,2025-08-29 23:18:10.142+00,448.556,B00,"Nimzowitsch Defense: Scandinavian Variation, Advance Variation",Nimzowitsch Defense,5,-6,0,5.81,,,,,7,4778,4.41,,,,,62,31,e4 d5 e5 Nc6 d4 Nh6 Bb5 Bg4 f3 Bf5 g4 Be6 Bxh6 gxh6 Bxc6+ bxc6 Ne2 Qb8 b3 Qb4+ Nbc3 O-O-O Qd3 c5 Qa6+ Kd7 Qb5+ Qxb5 Nxb5 cxd4 Nbxd4 c5 Nb5 d4 Nxa7 Ke8 Nc6 Rd5 f4 Bxg4 Ng3 d3 Rc1 d2+ Kf2 dxc1=R Rxc1 Rd2+ Ke3 Rxh2 Ne2 Rxe2+ Kd3 h5 Kc3 h4 f5 Bxf5 Rd1 f6 Rd8+ Kf7,"{18003,18003,17763,17931,17763,17691,17851,17627,17531,17563,16787,16859,16195,16787,15371,16283,14715,16227,13603,16011,13195,15243,11995,14579,11587,14163,9819,13571,9875,13275,9579,12347,8675,11635,8403,11515,7235,10995,6835,10947,6067,10331,4355,10339,3435,10179,3475,9435,3019,8843,1491,8643,1251,8315,1203,8363,1251,7395,1323,4787,950,4778,0}"
12806,fMqaV0Ft,black,Drac25,goople80,loss,resign,993,1019,-26,standard,blitz,blitz,180,2,3+2,lichess.org,26.0,1.47,,,29/08/25 20:05,2025-08-29 23:10:10.064+00,280.004,C50,Italian Game: Anti-Fried Liver Defense,Italian Game,6,-6,4816,8.24,,,,,5,9528,5.3,,,,,33,17,e4 e5 Nf3 Nc6 Bc4 h6 c3 Bc5 d4 exd4 cxd4 Bb6 d5 Nce7 O-O Nf6 e5 Nfxd5 Bxd5 Nxd5 Qxd5 c6 Qe4 O-O Bxh6 gxh6 Qg4+ Kh8 e6 dxe6 Ne5 Rg8 Nxf7+,"{18003,18003,18139,18027,18275,17995,18035,17819,18139,17739,18179,17883,18163,16531,17187,15995,16987,14731,17067,14299,16899,13963,14947,11475,13211,11067,13051,9459,12035,9035,11059,6059,9528,4816}"
12807,PwkRCNIU,white,Drac25,G7stac,loss,outoftime,997,1093,-96,standard,blitz,blitz,180,2,3+2,lichess.org,27.0,-5.56,50.0,,29/08/25 19:48,2025-08-29 22:55:35.994+00,406.733,B00,Goldsmith Defense,Goldsmith Defense,2,-4,0,4.87,,,,,4,10442,2.1,,,,,74,37,e4 h5 Be2 c6 Bxh5 d5 Qf3 g6 Bg4 Bxg4 Qxg4 Nf6 Qf3 Nxe4 d3 Nc5 d4 Ne4 Bf4 e6 Be5 Rh5 Bf6 Qa5+ c3 Rf5 b4 Qa4 Qd1 Qxd1+ Kxd1 Nxf2+ Ke2 Rxf6 Nf3 Nxh1 Nbd2 a5 Rxh1 axb4 Ne5 bxc3 Ndf3 Rxa2+ Kd3 c2 Rc1 Ba3 Rxc2 Rxc2 Kxc2 Na6 Kb3 Bb4 Ng5 Rf2 Nd3 Rxg2 Nxb4 Nxb4 Kxb4 Rxg5 h4 Rh5 Kc5 Rxh4 Kb6 Rxd4 Kxb7 Kd7 Kb6 f5 Kc5 e5,"{18003,18003,16739,17907,16763,17579,16483,17171,15235,17267,14747,17259,13899,15083,13107,14331,12747,14147,11947,13659,11955,13547,11227,13427,10971,13459,7515,13115,6939,12923,6499,12891,6395,12859,6339,12939,6019,12963,5955,12971,5915,12843,5491,12419,5459,12419,5403,12283,5427,12251,5555,11835,5099,11763,4387,11587,4059,10243,3891,10259,3203,10339,2971,10227,3035,10219,3051,10299,3219,10283,3283,10355,3336,10442,0}"
12808,l8lXv6DH,black,Drac25,R0si,win,resign,991,1021,-30,standard,blitz,blitz,180,2,3+2,lichess.org,27.0,-8.6,47.0,,29/08/25 18:30,2025-08-29 21:36:52.032+00,362.292,D01,Richter-Veresov Attack,Richter-Veresov Attack,5,6,1350,5.55,,,,,-7,11254,2.18,,,,,62,31,d4 d5 Nc3 Nf6 Bg5 Nc6 Bxf6 exf6 h3 Bb4 Qd2 O-O O-O-O Qd6 a3 Ba5 Nf3 b5 Re1 b4 axb4 Nxb4 e4 Na2+ Kb1 Nxc3+ bxc3 Qa3 exd5 Bxc3 Qxc3 Qxc3 Re3 Qb4+ Kc1 Rb8 Rb3 Qa4 Bb5 Qa1+ Rb1 Qa3+ Kd1 Ba6 c4 Bxb5 cxb5 Rb6 Nd2 Qa4+ Ke2 Rxb5 Rxb5 Qxb5+ Ke1 Qxd5 Nf3 Qc4 g3 Qc1+ Ke2 Qxh1,"{18003,18003,17851,18203,17827,17411,17875,17419,17651,17363,17579,14747,17123,13891,17211,13411,16947,10019,16739,9971,16691,9531,16267,8923,15939,8467,16011,7875,15483,7579,14659,7619,14755,6563,14795,5931,14355,3475,14163,3059,13947,1771,13659,1155,13131,1115,13203,1067,12947,1115,12675,1227,12691,1315,12667,1411,12515,1227,12443,1291,12091,1350,11254}"
12809,3MIV8XgM,white,Drac25,VGorman,loss,resign,997,984,13,standard,blitz,blitz,180,2,3+2,lichess.org,23.0,0.43,,,29/08/25 18:23,2025-08-29 21:28:44.061+00,340.145,C00,French Defense,French Defense,2,-6,5816,6.77,,,,,17,4176,8.13,,,,,36,18,e4 e6 Bc4 d5 exd5 exd5 Bb3 Nf6 d4 c5 Bg5 cxd4 Qxd4 Be7 Nf3 Nc6 Qf4 Ne4 Bxe7 Qxe7 O-O Nf6 Nbd2 O-O c4 Be6 cxd5 Nxd5 Rae1 Nxf4 g3 Nd3 Re3 Nxb2 Ng5 Qxg5,"{18003,18003,17851,17555,17923,17755,17947,17867,17947,17659,17635,16907,17331,15451,17267,14651,16243,12091,15659,12283,14211,11131,12899,11171,12147,9339,11795,9363,10323,7883,8011,5323,6619,4443,6459,4176,5816}"
12810,L5j3JeoB,white,Drac25,jasonfurball,win,outoftime,989,1082,-93,standard,blitz,blitz,180,2,3+2,lichess.org,20.0,-0.35,,,29/08/25 01:54,2025-08-29 05:02:00.025+00,460.886,C20,King's Pawn Game: Wayward Queen Attack,King's Pawn Game,3,8,3973,4.38,9.0,2.0,1.0,81.0,-7,0,5.63,3.0,3.0,1.0,85.0,65,33,e4 e5 Qh5 Nc6 Bc4 g6 Qf3 Qe7 c3 d6 h3 Nf6 d3 a6 Bg5 Bg7 Ne2 h6 Bh4 Be6 Bd5 Bxd5 exd5 Na7 O-O g5 Bg3 O-O-O Qe3 Kb8 f3 Nxd5 Qd2 f5 c4 Nf6 Bf2 b6 Nbc3 e4 dxe4 fxe4 fxe4 Nxe4 Nxe4 Qxe4 Nc3 Qxc4 Rac1 Qe6 Na4 Rd7 b3 g4 h4 h5 Bg3 Bh6 Qd3 Bxc1 Qxa6 Rhd8 Rxc1 Qe3+ Kh2,"{18003,18003,18115,18011,18211,17995,18347,15251,18243,13819,18187,13419,17915,11867,17643,11523,17019,11619,16771,7499,15011,2819,15019,1923,14683,1643,14195,1635,13483,1331,13187,1395,12227,1515,11171,1259,11227,1115,11115,1147,10547,1147,10163,1155,10035,1259,9827,1155,9051,873,9011,608,7611,688,5371,698,5379,805,4827,724,4651,222,3955,271,3973,0}"
12811,6B0XbxY6,white,Drac25,armshandler,loss,outoftime,994,1062,-68,standard,blitz,blitz,180,2,3+2,lichess.org,23.0,1.44,,,28/08/25 16:00,2025-08-28 19:06:45.169+00,388.56,C20,King's Pawn Game: Wayward Queen Attack,King's Pawn Game,3,-5,0,8.57,3.0,1.0,6.0,60.0,5,5929,6.04,1.0,1.0,4.0,66.0,42,21,e4 e5 Qh5 Nc6 Bc4 g6 Qf3 Nf6 c3 Bc5 d3 O-O Bg5 Be7 Bh6 Re8 g4 d6 g5 Nh5 h4 a6 Qxf7+ Kh8 Qf3 b5 Bf7 b4 Bxe8 bxc3 Nxc3 Qxe8 Nd5 Nd4 Qd1 Qc6 Nf6 Nc2+ Qxc2 Qxc2 Nf3 Qxd3,"{18003,18003,18067,17995,18211,17403,18283,17379,18283,16891,17963,16731,17139,16027,16411,16035,13419,15771,13379,15507,12451,13491,12419,13379,6411,13147,6435,7971,4971,7915,3483,7899,3091,7899,417,7387,370,6315,349,6371,381,5929,0}"
12812,tuelw4z0,black,Drac25,MeierDah,loss,mate,1001,919,82,standard,blitz,blitz,180,2,3+2,lichess.org,20.0,-1.1,37.0,,27/08/25 20:52,2025-08-28 00:01:35.058+00,574.147,D06,Queen's Gambit Declined: Marshall Defense,Queen's Gambit Declined,4,-7,522,3.64,,,,,7,661,3.54,,,,,99,50,d4 d5 c4 Nf6 Nc3 dxc4 e4 Nc6 d5 Ne5 f4 Nd3+ Bxd3 cxd3 Qxd3 e6 Qb5+ Qd7 Qxd7+ Bxd7 dxe6 Bxe6 f5 Bc4 Bg5 Be7 O-O-O O-O e5 h6 exf6 Bxf6 Bxf6 gxf6 Nf3 Rad8 Rxd8 Rxd8 Rd1 Re8 Rd7 Re3 Rxc7 Be2 Nd5 Rd3 Nxf6+ Kf8 Ne5 Rd1+ Kc2 Rd5 Rc8+ Ke7 Nxd5+ Kd6 Nc3 Ba6 Nxf7+ Kd7 Nxh6 Kxc8 b3 b5 f6 Kd8 Ne4 Bb7 Nd6 Bxg2 f7 Ke7 Nhf5+ Kf8 Ng3 Bd5 Ngf5 Be6 Nh6 a5 Nxb5 Kg7 Nc7 a4 Nxe6+ Kxh6 f8=Q+ Kg6 Kd3 axb3 axb3 Kh5 Qg8 Kh4 Ke4 Kh5 Kf5 Kh4 Qg4#,"{18003,18003,18107,17995,18195,18011,18283,17171,17995,17011,17571,16811,17339,16811,17443,15811,15643,15091,15619,15171,14083,15043,13787,15091,13571,14443,12035,13691,11979,13403,11795,13379,11827,13323,11755,12075,11707,12187,11435,11139,11059,9827,10411,9691,9323,9099,6531,8747,5851,8155,5867,5787,5451,5531,5339,5331,3763,3811,3251,3787,3403,3851,3155,3691,3299,3483,2435,3363,1547,2675,1523,2755,1515,2523,917,1963,877,2003,841,1883,856,1331,788,945,799,633,676,651,602,773,653,756,645,763,689,478,777,522,661}"
12813,tX9H5rWx,black,Drac25,Lrozihenri,win,resign,995,1015,-20,standard,blitz,blitz,180,2,3+2,lichess.org,23.0,4.83,49.0,,27/08/25 20:46,2025-08-27 23:50:40.583+00,271.995,C50,Italian Game: Anti-Fried Liver Defense,Italian Game,6,6,6575,4.57,,,,,-7,13069,1.97,,,,,51,26,e4 e5 Nf3 Nc6 Bc4 h6 c3 Bc5 d4 exd4 cxd4 Nxd4 Nxd4 Bb4+ Bd2 Bxd2+ Nxd2 c6 N2f3 d5 exd5 cxd5 Qe2+ Be6 Bb5+ Ke7 Nxe6 fxe6 O-O Nf6 Rfe1 Qb6 Nd4 Qxd4 Qxe6+ Kf8 Qe7+ Kg8 Rad1 Qb4 Qe6+ Kh7 Re3 Qxb5 Rd4 Rae8 Qf5+ Kg8 Rxe8+ Qxe8 h3,"{18003,18003,18147,18067,18291,18123,18427,18251,18587,18307,18787,18259,18859,17867,18715,17923,18707,17539,18723,17563,18811,17539,18739,17515,18827,16083,18683,15891,18651,15843,18787,14507,17579,12115,17603,10755,17691,10539,16995,8987,15299,8507,13635,7875,13595,7659,13475,7387,13587,7251,13069,6575}"
12841,smO7z3qD,black,Drac25,BartSan,win,resign,912,959,-47,standard,blitz,blitz,300,0,5+0,lichess.org,28.0,-0.88,50.0,,22/08/25 21:57,2025-08-23 01:01:55.398+00,282.045,D00,Amazon Attack,Amazon Attack,3,7,15792,5.68,,,,,-6,18178,4.55,,,,,52,26,d4 d5 Qd3 Nc6 Qb5 a6 Qa4 b5 Qb3 Nxd4 Qd3 c5 e3 c4 Qd2 Nc6 g3 e5 Bg2 d4 exd4 exd4 Bxc6+ Bd7 Bxa8 Qxa8 Qxd4 Qxh1 f3 Qxh2 Qe4+ Ne7 Nd2 Qxg3+ Kd1 Qxg1+ Qe1 Qxe1+ Kxe1 Bf5 c3 Nd5 a4 b4 cxb4 Nxb4 Nxc4 Nc2+ Kd1 Nxa1 Nd6+ Bxd6,"{30003,30003,30003,28331,29747,27707,29547,27371,28987,27043,27739,26259,27299,25963,26115,24779,25707,24291,25515,23643,25291,23379,25051,23123,24891,22691,24723,22499,23787,21459,23195,20475,22827,19811,22371,19563,21379,18339,21115,17579,20851,17083,20011,16803,19347,16659,19163,16499,18947,16347,18819,15792,18178}"
12814,JQ6OjW4y,black,Drac25,i_22legend,win,resign,988,1055,-67,standard,blitz,blitz,180,2,3+2,lichess.org,30.0,0.24,52.0,,27/08/25 20:37,2025-08-27 23:45:23.604+00,494.17,C50,"Italian Game: Giuoco Pianissimo, Normal",Italian Game,8,7,1746,3.78,,,,,-7,4830,2.99,,,,,88,44,e4 e5 Bc4 Nc6 d3 Bc5 Nf3 Nf6 h3 h6 c3 d6 Be3 Bxe3 fxe3 O-O O-O Qe8 Nbd2 Nh5 Bd5 Ne7 Bb3 Kh8 d4 f6 dxe5 dxe5 Nc4 Qg6 Nfd2 Bxh3 Qf3 Bg4 Qf2 f5 exf5 Rxf5 Bc2 Rxf2 Bxg6 Rxd2 Nxd2 Nxg6 Rf7 Rf8 Rxc7 Ng3 Kh2 Ne2 Rf1 Rxf1 Nxf1 Nh4 Ng3 Be6 Nxe2 Bd5 Kg3 Nxg2 Ng1 Nxe3 Re7 e4 Ne2 Kg8 Nf4 Nf5+ Kg4 Nxe7 Nxd5 Nxd5 Kg3 Kf7 Kf2 Ke6 Ke2 Ke5 c4 Nf4+ Ke3 g5 c5 g4 c6 bxc6 b4 g3,"{18003,18003,18019,18043,18139,17803,18179,17723,18067,17779,17811,17163,17859,17043,17947,15307,17899,14267,17883,13515,16675,12811,16307,11779,16355,11371,16347,11339,15331,10859,14651,10363,13883,9387,13179,6139,13083,6139,13027,6139,13019,5739,12227,5771,11243,4963,11083,4547,10851,3987,10139,2243,10187,1283,9179,1115,8923,1011,8403,976,8059,1003,6627,953,6411,866,5259,923,4875,1051,4907,1139,4923,1267,5011,1419,5075,1531,5187,1483,5251,1547,5187,1595,5299,1667,5371,1746,4830}"
12815,O8TtqV3R,white,Drac25,luisfieddler,win,resign,982,982,0,standard,blitz,blitz,180,2,3+2,lichess.org,20.0,-0.49,50.0,,27/08/25 20:27,2025-08-27 23:36:32.533+00,548.32,C20,King's Pawn Game: Wayward Queen Attack,King's Pawn Game,3,6,2745,3.25,,,,,-5,317,3.76,,,,,95,48,e4 e5 Qh5 Qe7 Bc4 Nf6 Qf3 Nc6 c3 Na5 Na3 Nxc4 Nxc4 Qe6 d3 c6 Qg3 d6 Nf3 b5 Na5 g6 Nxc6 d5 Ncxe5 dxe4 dxe4 Bb7 Ng5 Qd6 O-O Nxe4 Qf4 Nxg5 Qxg5 Be7 Qf4 Bd5 Be3 O-O Bd4 f6 Nxg6 Qxf4 Nxf4 Bd6 Nxd5 Rae8 Rae1 Rxe1 Rxe1 b4 h3 Rd8 Nxf6+ Kf7 Nxh7 Bf4 Be3 Bxe3 fxe3 bxc3 bxc3 Rd2 Ng5+ Kg6 Ne4 Kf5 Ng3+ Ke5 Kh2 Rxa2 Rf1 Ra3 Rf5+ Ke6 Rf4 Rxc3 Ne4 Rxe3 Ng5+ Ke5 g3 Re2+ Kg1 Re1+ Kf2 Rb1 Nf3+ Kd5 Ra4 Rb2+ Ke3 Rb4 Rxb4,"{18003,18003,18123,17995,18083,17875,17795,17523,17451,17491,17331,17539,17387,17411,17243,17275,16227,16483,15827,15731,14931,14659,14667,13387,12731,13043,12299,12307,11331,8867,9763,7147,7843,6611,7451,6235,6763,4795,5259,4083,4243,3635,2427,3099,2459,2051,2483,1963,2499,1963,2595,1771,2691,837,2699,827,2667,386,2179,376,2195,509,2243,547,2323,658,2411,745,2427,609,2539,650,2651,740,2547,666,2499,770,2419,809,2275,857,2387,856,2467,716,2555,721,2603,587,2747,657,2707,652,2745,317}"
12816,qRHOsZmk,white,Drac25,digitlnoize,win,resign,978,925,53,standard,blitz,blitz,180,2,3+2,lichess.org,,0.61,,,27/08/25 20:24,2025-08-27 23:26:50.574+00,144.868,B00,St. George Defense,St. George Defense,2,4,12882,4.66,2.0,3.0,0.0,75.0,-19,13131,4.43,3.0,2.0,1.0,54.0,23,12,e4 a6 Qf3 b6 Bc4 e6 e5 c6 d4 b5 Bb3 a5 a3 a4 Ba2 Bb7 Qf4 Qc7 Nf3 f6 exf6 Nxf6 Qxc7,"{18003,18003,17443,17323,17507,17307,17291,16931,16507,16411,15915,16387,15331,16435,15259,15587,13435,15163,13131,14875,12899,13747,12882,13131}"
12817,5hrBq4pw,white,Drac25,gondim07,win,resign,972,988,-16,standard,blitz,blitz,180,2,3+2,lichess.org,,5.09,,,27/08/25 20:00,2025-08-27 23:02:26.952+00,91.578,C20,King's Pawn Game: Wayward Queen Attack,King's Pawn Game,3,6,12928,6.34,,,,,-6,16887,1.59,,,,,16,8,e4 e5 Qh5 Bc5 Bc4 Qf6 Nf3 g6 Qxe5+ Qxe5 Nxe5 Nh6 d3 O-O Bxh6 Re8,"{18003,18003,18147,18107,18283,17499,17667,17483,16899,17331,16995,17083,13739,16851,13603,16887,12928}"
12818,QdDZJETZ,white,Drac25,ewertonalmeida,win,mate,966,963,3,standard,blitz,blitz,180,2,3+2,lichess.org,19.0,0.24,53.0,,27/08/25 19:46,2025-08-27 22:52:51.953+00,405.425,C20,King's Pawn Game: Wayward Queen Attack,King's Pawn Game,3,6,921,5.89,,,,,-6,7825,3.63,,,,,59,30,e4 e5 Qh5 d6 Bc4 g6 Qf3 f6 Nc3 Ne7 Nd5 Nxd5 Bxd5 Qe7 d3 c5 c4 Be6 h3 Bxd5 cxd5 b5 Qg3 b4 Nf3 h6 Qxg6+ Kd7 Qf5+ Kc7 a3 a5 axb4 cxb4 Bd2 Kb6 Bxb4 Bg7 Bd2 Nd7 d4 Kc7 dxe5 dxe5 O-O Kb6 b4 axb4 Rxa8 Rxa8 Bxb4 Qxb4 Qxd7 Bh8 Qc6+ Ka5 Ra1+ Qa4 Rxa4#,"{18003,18003,17995,17707,17931,16187,17851,15579,16403,15651,16323,14587,15203,14683,14523,14771,13867,14219,9571,14035,9507,13587,8411,13523,7763,13251,7363,11915,6587,11643,6043,11355,5875,11459,5691,11539,5475,10531,4875,9891,4803,9891,4859,9971,3635,8995,3291,8883,2699,8923,1987,8979,2051,8075,1531,8043,1099,7825,921}"
12819,T2Eucy2V,white,Drac25,Olimpic27,loss,outoftime,972,929,43,standard,blitz,blitz,180,2,3+2,lichess.org,,,,,27/08/25 19:39,2025-08-27 22:43:07.759+00,188.702,C20,King's Pawn Game: Wayward Queen Attack,King's Pawn Game,3,-6,0,30.0,0.0,0.0,0.0,90.0,6,15621,4.76,1.0,0.0,0.0,88.0,12,6,e4 e5 Qh5 Nc6 Bc4 g6 Qf3 Nf6 c3 d6 d3 Be6,"{18003,18003,18115,17571,18227,17619,18299,17763,18291,17179,4468,15621,0}"
12820,RksITM4w,black,Drac25,Apex_Envy,win,mate,968,922,46,standard,blitz,blitz,180,2,3+2,lichess.org,24.0,0.66,43.0,,27/08/25 19:29,2025-08-27 22:39:38.428+00,601.439,D01,Rapport-Jobava System,Rapport-Jobava System,5,4,2989,2.31,,,,,-30,2756,2.35,,,,,132,66,d4 d5 Bf4 Nf6 Nc3 a6 e3 Bf5 Bd3 e6 Nf3 Bb4 a3 Bxc3+ bxc3 Nc6 Rb1 b5 a4 e5 dxe5 Ne4 Bxe4 dxe4 Nd4 Nxd4 cxd4 bxa4 c3 a3 Qa4+ Bd7 Qxa3 Rb8 O-O Ra8 Rb7 Bc6 Qxa6 Bxb7 Qb5+ c6 Qxb7 O-O Rb1 Rc8 d5 cxd5 g3 Rb8 Qxb8 Qxb8 Rxb8 Rxb8 e6 Rb1+ Kg2 fxe6 h4 Rb3 g4 Rxc3 g5 Rd3 h5 d4 h6 gxh6 gxh6 dxe3 Bxe3 Rd2 Kg3 Rd6 Kf4 Ra6 Kxe4 Kf7 Ke5 Kg6 f4 Ra5+ Kxe6 Rf5 Ke7 Kxh6 Ke6 Kg6 Kd6 Rf6+ Ke5 h5 Bf2 Rf5+ Ke4 Kf6 Ke3 Kg6 Ke4 Rb5 Kf3 Kf5 Kg3 Rb4 Kh4 Rxf4+ Kxh5 Rxf2 Kh6 Rh2+ Kg7 Ke6 Kg6 Rg2+ Kh5 Kf5 Kh6 Kf6 Kh5 Rh2+ Kg4 Ke5 Kg5 Rg2+ Kh6 Kf6 Kh5 Rg1 Kh4 Kf5 Kh5 Rh1#,"{18003,18003,18147,17907,18283,17603,18435,16971,18531,16803,18283,16155,18339,16195,18435,15115,18107,14811,18027,14259,17907,13443,15635,11651,15755,10587,15899,9547,14867,9579,12731,8027,12555,6667,12555,4763,12459,2643,11699,2451,11419,1339,10531,1259,9523,1107,8899,1131,7715,1203,3795,1275,3851,1411,3859,1491,3955,1579,3283,1691,2435,1771,1435,1835,1155,1955,1259,2019,1315,2123,1099,2131,1235,2139,1267,2003,1403,2131,1115,2163,1315,2147,1339,2099,1203,2131,1195,2275,1267,2371,1379,2523,1195,2587,1171,2555,1195,2595,1011,2595,1067,2683,1155,2707,1243,2811,1355,2931,1395,2939,1595,2859,1707,2859,1827,2963,1947,3067,2051,3099,2163,3123,2283,3195,2387,3051,2507,3035,2627,3139,2756,2989}"
12821,CcLqnZio,black,Drac25,yannk,win,mate,962,938,24,standard,blitz,blitz,180,2,3+2,lichess.org,15.0,-0.98,39.0,,27/08/25 19:19,2025-08-27 22:25:33.008+00,340.656,D06,Queen's Gambit Declined: Marshall Defense,Queen's Gambit Declined,4,6,5536,3.56,2.0,1.0,0.0,94.0,-6,12531,1.56,2.0,1.0,3.0,85.0,72,36,d4 d5 c4 Nf6 Nf3 Bf5 Bf4 Nc6 e3 e6 cxd5 Qxd5 Nc3 Qa5 h3 Bb4 a3 Bxc3+ bxc3 Qxc3+ Nd2 Ne4 f3 Nxd2 Qxd2 Qxa1+ Qd1 Qxa3 Bb5 Qb4+ Qd2 Qxb5 Bxc7 O-O Kf2 Rac8 g4 Rxc7 gxf5 exf5 Rg1 g6 e4 fxe4 fxe4 Re7 e5 Qd5 Rg4 Nxe5 dxe5 Qxd2+ Kg3 Rxe5 Kh4 Qh6+ Kg3 Rg5 Rxg5 Qxg5+ Kh2 Qd2+ Kg3 Rd8 Kf3 Rd3+ Kg4 Qb4+ Kg5 Rd5+ Kh6 Qf4#,"{18003,18003,18139,17875,18203,17507,18323,16755,17939,16787,17691,16099,17507,15043,17427,14595,17355,14531,16971,14531,16635,13595,15075,13619,15051,13675,15027,13003,14771,12851,13859,12835,13931,11651,13915,8779,13275,8563,13363,8619,13443,8459,13307,8195,12571,7059,12507,6363,12123,5755,12171,5819,12123,5683,12251,5419,12179,5459,12243,5523,12219,5539,12283,5643,12323,5707,12411,5819,12475,5811,12531,5536}"
12822,wIpDJNAf,black,Drac25,Sameer56,loss,outoftime,968,968,0,standard,blitz,blitz,180,2,3+2,lichess.org,19.0,-0.49,41.0,,26/08/25 21:37,2025-08-27 00:46:13.186+00,512.139,D06,Queen's Gambit Declined: Marshall Defense,Queen's Gambit Declined,4,-6,0,3.83,,,,,6,5194,2.73,,,,,95,48,d4 d5 c4 Nf6 f3 Bf5 Bf4 Nc6 Nc3 e6 a3 dxc4 e4 Bg6 Bxc4 Nxd4 Nge2 Nxe2 Qxd8+ Rxd8 Nxe2 Bd6 Bxd6 Rxd6 Nc3 Rd8 O-O O-O Ba2 c6 Na4 Rd4 Nc5 b6 Nb3 Rd3 Rfc1 c5 Rc3 Rxc3 bxc3 Nd7 Nd2 Ne5 a4 Nd3 a5 b5 a6 c4 Bb1 Nc5 e5 f5 exf6 Bxb1 Nxb1 Rxf6 Na3 Nxa6 Nxb5 Rf7 Rxa6 Kf8 Nd4 e5 Nc6 Rf6 Nb4 Rxa6 Nxa6 Ke7 Kf2 Kd6 Ke3 Kc6 Nb4+ Kb5 Ke4 a5 Nc2 a4 Kxe5 g5 Kf5 h6 Kg6 Kc5 Kxh6 Kd5 Kxg5 Ke5 h4 Kd5 h5,"{18003,18003,17995,17811,17875,15803,17739,15027,16707,14107,16571,13075,16467,12251,16411,11571,15787,9491,15571,9387,14619,8827,14523,8403,14315,7523,14235,7539,13347,7571,12987,6843,12843,6139,12419,4523,12283,4531,10595,4251,10643,4179,9987,4179,9195,3875,8939,3795,8627,3803,7659,3859,7019,3899,6907,3771,6939,3819,5859,3371,5939,3091,5891,1731,5851,1787,5563,1835,4627,1339,4499,1427,4483,1547,4611,1667,4691,1739,4859,1827,4867,1779,4875,1219,4811,1267,4883,1051,4963,1179,5075,1299,5227,1308,5194,0}"
12823,IMmGgBMj,black,Drac25,youssif_abowarda,win,resign,963,899,64,standard,blitz,blitz,180,2,3+2,lichess.org,30.0,-1.65,,,26/08/25 21:33,2025-08-27 00:36:52.566+00,229.11,C45,Scotch Game: Classical Variation,Scotch Game,8,5,8742,6.62,,,,,-4,9965,5.36,,,,,30,15,e4 e5 Nf3 Nc6 d4 exd4 Nxd4 Bc5 Nxc6 bxc6 Bc4 Qf6 O-O Bd6 Re1 Qe5 Nc3 Qxh2+ Kf1 Qh1+ Ke2 Qh5+ f3 Qc5 b3 Nf6 Na4 Qe5 Kf2 Qxa1,"{18003,18003,18099,18091,18187,17475,18387,17219,18211,17099,17931,16651,17803,15531,16979,14819,16531,14803,16043,13227,15891,12963,15803,11907,14371,10131,11659,9035,11139,8742,9965}"
12824,3pjYDzRo,white,Drac25,vasquiidiart,win,outoftime,956,1024,-68,standard,blitz,blitz,180,2,3+2,lichess.org,32.0,0.65,,,26/08/25 21:24,2025-08-27 00:31:58.439+00,464.07,B20,Sicilian Defense,Sicilian Defense,2,7,2013,5.92,,,,,-7,0,6.67,,,,,55,28,e4 c5 Qh5 Nc6 Bc4 e6 Nf3 Nf6 Qh4 Be7 Qf4 Nd4 Nxd4 cxd4 d3 O-O e5 Ne8 Qxd4 d5 exd6 Nxd6 Bb3 Bf6 Qe3 Nf5 Qf4 Qa5+ c3 b6 O-O Bb7 d4 Rad8 f3 Nxd4 cxd4 Bxd4+ Kh1 Be5 Qe3 Bf6 Bd2 Qh5 g4 Qh3 Qe2 Rd5 Bxd5 exd5 Rg1 Bxb2 Bc3 Bxa1 Bxa1,"{18003,18003,18075,17787,17491,16675,15387,16451,14539,16315,12491,15995,12211,16075,11715,15123,10395,14499,10259,13307,10115,13219,7723,11107,7107,11019,6611,10331,6611,9131,6651,9147,6491,9011,6467,5579,6419,5691,6291,5067,5139,1571,3699,1619,3075,1123,2411,668,2387,489,2227,560,1987,503,2013,0}"
12825,xKiznUrL,white,Drac25,mikeymapex,win,outoftime,949,1011,-62,standard,blitz,blitz,180,2,3+2,lichess.org,18.0,-2.97,39.0,,26/08/25 18:52,2025-08-26 21:59:52.611+00,457.491,C20,King's Pawn Game: Wayward Queen Attack,King's Pawn Game,3,7,2324,6.03,,,,,-6,0,6.92,,,,,53,27,e4 e5 Qh5 Nc6 Bc4 g6 Qf3 Nf6 c3 Bh6 Ne2 O-O d4 Bxc1 dxe5 Bxb2 exf6 Bxa1 O-O d6 h3 a6 Nd2 Be6 Rxa1 Bxc4 Nxc4 b5 Ne3 Ne5 Qg3 Qxf6 Nd5 Qd8 Nd4 c5 Nf3 Nxf3+ Qxf3 f5 e5 dxe5 Ne3 e4 Qf4 Qd2 Rd1 Qxc3 Kh2 Rad8 Rxd8 Rxd8 Qg5,"{18003,18003,18107,17347,18219,17083,18267,17115,18283,16747,17563,15507,16355,15115,16115,14963,15019,15011,13659,14835,12475,14139,12203,14059,11267,13683,11323,12715,10955,11795,8595,11499,8107,7491,7739,6099,6491,6083,6539,5915,3371,5395,3027,2339,3091,1755,2379,604,2363,335,2387,377,2324,0}"
12826,dCfy5OUL,black,Drac25,Shunior15,loss,timeout,954,1023,-69,standard,blitz,blitz,180,2,3+2,lichess.org,17.0,-1.38,32.0,,26/08/25 18:46,2025-08-26 21:48:50.708+00,156.198,C42,Petrov's Defense: Italian Variation,Petrov's Defense,5,-5,11585,4.01,,,,,8,13516,2.8,,,,,33,17,e4 e5 Bc4 Nf6 Nf3 Nxe4 d4 Nxf2 Kxf2 exd4 Qe2+ Be7 Nxd4 d5 Bd3 O-O Nc3 Bc5 Qe5 Bxd4+ Qxd4 Nc6 Qxd5 Qxd5 Nxd5 Nd4 Nxc7 Nxc2 Bxc2 Be6 Nxa8 Rxa8 Re1,"{18003,18003,18051,17931,17843,17867,17699,16203,17467,16187,16403,15859,16339,15611,16211,15163,15059,14835,14371,14739,14275,14667,14243,14699,14307,14851,13795,14715,13835,14371,13667,14395,13516,11585}"
12827,1tS3iWZf,white,Drac25,Shunior15,loss,resign,959,1015,-56,standard,blitz,blitz,180,2,3+2,lichess.org,12.0,1.16,,,26/08/25 18:43,2025-08-26 21:46:00.134+00,158.604,B02,Alekhine Defense: Scandinavian Variation,Alekhine Defense,4,-5,10025,6.14,,,,,8,15163,2.37,,,,,26,13,e4 d5 Nc3 Nf6 e5 Ne4 Nxe4 dxe4 Bc4 Be6 Bxe6 fxe6 Qh5+ g6 Qg4 Qd5 d3 exd3 cxd3 Nc6 Qe4 Qxe4+ dxe4 Nxe5 Bf4 Nd3+,"{18003,18003,17131,17155,16987,17115,16411,16835,14771,15307,14395,15507,13907,15379,13643,15155,12411,15083,12283,15099,11411,15051,11411,15123,11163,15163,10025}"
12828,Nvh2LulN,white,Drac25,AzamaT_23,loss,resign,963,1067,-104,standard,blitz,blitz,180,2,3+2,lichess.org,,,,,26/08/25 18:42,2025-08-26 21:43:05.476+00,15.286,B00,King's Pawn Game,King's Pawn Game,1,-4,16782,4.07,,,,,8,18098,-0.47,,,,,6,3,e4 b5 Qh5 Bb7 Bc4 bxc4,"{18003,18003,18027,18043,17891,18098,16782}"
12829,SaX74Eh6,black,Drac25,harvey278,loss,outoftime,968,1045,-77,standard,blitz,blitz,300,0,5+0,lichess.org,19.0,0.32,48.0,,22/08/25 23:10,2025-08-23 02:20:59.191+00,609.303,A00,Van't Kruijs Opening,Van't Kruijs Opening,1,-5,0,6.67,,,,,4,3331,5.93,,,,,91,46,e3 e5 c3 e4 h3 d5 a3 Bd6 Ne2 Be6 Nf4 Bf5 Nxd5 Bxa3 Rxa3 Qxd5 Qb3 Qxb3 Rxb3 b6 Na3 a6 Nc4 Nf6 g4 Be6 Be2 b5 Rb4 bxc4 Bxc4 Bxc4 Rxc4 c6 b4 O-O O-O a5 Ba3 axb4 Bxb4 Rd8 Rd1 Nd5 Bc5 Na6 Kg2 Nxc5 Rxc5 Ne7 f3 exf3+ Kxf3 h6 d4 Ra3 c4 Rda8 d5 cxd5 cxd5 R8a5 Rxa5 Rxa5 d6 Nc6 d7 Ra8 Rd6 Nd8 Kf4 Kf8 e4 Ke7 e5 f6 Kf5 fxe5 Kxe5 Ra7 h4 Nc6+ Rxc6 Kxd7 Rc4 Ra8 Rd4+ Ke7 Ke4 Re8 Kf4,"{30003,30003,30003,29795,30003,29675,29867,28851,29371,28451,29203,27411,28371,25811,27979,25659,26267,24187,26027,23451,25403,22515,25187,21955,24387,21699,22059,21355,18995,20827,18627,20547,18467,19987,17555,19803,17187,19315,16363,18067,16179,17371,15475,15555,14443,15067,13763,14107,13555,12675,11691,11467,11499,10763,11315,9803,10651,7451,9675,6867,9435,6403,8059,6219,7931,5227,7411,4579,6499,4155,5939,3899,5691,3755,5515,2811,5019,2011,4891,885,4339,770,4147,559,3819,428,3691,272,3539,165,3331,0}"
12830,wKQgqjCe,white,Drac25,Recoil44,win,resign,961,1045,-84,standard,blitz,blitz,300,0,5+0,lichess.org,25.0,1.6,45.0,,22/08/25 22:59,2025-08-23 02:08:01.379+00,508.891,C20,"King's Pawn Game: Wayward Queen Attack, Kiddie Countergambit",King's Pawn Game,4,7,7701,10.14,2.0,0.0,2.0,76.0,-17,3287,12.14,6.0,5.0,1.0,71.0,45,23,e4 e5 Qh5 Nf6 Qxe5+ Be7 Bc4 d6 Qg3 g6 Nc3 Nxe4 Nxe4 d5 Bb5+ c6 Bxc6+ bxc6 Nc3 Bf6 d4 Nd7 Nf3 Ba6 Bg5 Qb6 Bxf6 Nxf6 Qe5+ Kd7 Qxf6 Rae8+ Kd2 Qxb2 Ne5+ Rxe5 Qxe5 Re8 Qg3 Qb4 Qg4+ Re6 Rhe1 Qxd4+ Qxd4,"{30003,30003,29939,29267,29731,28771,28475,27523,28115,24859,26779,24251,26467,24139,21723,23307,21355,22555,20339,19779,20051,19171,18707,17963,18451,17187,17611,16883,17419,13963,16587,12587,14003,11155,12027,10475,11291,7699,9163,5371,8411,5195,7923,4083,7701,3287}"
12831,AjhowznQ,white,Drac25,Fallerman,loss,outoftime,966,1023,-57,standard,blitz,blitz,300,0,5+0,lichess.org,24.0,-2.79,38.0,,22/08/25 22:49,2025-08-23 01:59:11.896+00,588.957,C20,"King's Pawn Game: Wayward Queen Attack, Kiddie Countergambit",King's Pawn Game,4,-5,0,7.9,,,,,5,4703,6.84,,,,,76,38,e4 e5 Qh5 Nf6 Qxe5+ Be7 d4 O-O Bd3 Re8 Qg3 Nxe4 Bxe4 d5 Bd3 Bd6+ Qe3 Rxe3+ Bxe3 g6 Nf3 Bf5 O-O Bxd3 cxd3 Nc6 Nc3 Nb4 Rac1 Nxd3 Rcd1 Nxb2 Nxd5 Nxd1 Rxd1 c6 Nf4 Bxf4 Bxf4 Qd5 a4 Qb3 Ra1 b5 axb5 cxb5 h3 a5 Ne5 Qc3 Rd1 a4 Be3 a3 Rd3 Qa1+ Kh2 Qb1 d5 a2 Bd4 a1=Q Bxa1 Qxa1 Nc6 Qb1 Rd2 Qc1 Rd4 Qa3 d6 Rd8 d7 Qc5 Nxd8 Qxd4,"{30003,30003,29923,29835,29683,29619,27755,29363,25691,29171,25395,28355,25179,28035,24435,27915,23307,27763,23091,27611,21547,27403,20867,27243,20651,27099,20107,26619,17363,26203,16235,25947,15947,25611,15747,23195,14651,22739,14539,21707,11795,20867,10587,19147,9923,18563,8795,18315,8091,16323,7171,15835,6011,15403,5875,14739,5707,13827,3827,13363,3379,12387,3011,12107,2347,10307,1795,8131,930,5859,723,5523,478,4851,308,4703,0}"
12832,fDShrEBZ,white,Drac25,Raul_Basurto,win,mate,960,938,22,standard,blitz,blitz,300,0,5+0,lichess.org,,,,,22/08/25 22:48,2025-08-23 01:49:08.471+00,52.59,B02,Alekhine Defense: Normal Variation,Alekhine Defense,4,6,27533,4.94,,,,,-6,28012,4.98,,,,,11,6,e4 Nf6 e5 Nd5 Bc4 Nb6 Bb3 a5 Qh5 a4 Qxf7#,"{30003,30003,29627,29827,29027,29595,28331,29387,27843,28012,27533}"
12833,eoZqvIYa,black,Drac25,Iamchessy960,win,resign,955,934,21,standard,blitz,blitz,300,0,5+0,lichess.org,28.0,-1.57,,,22/08/25 22:40,2025-08-23 01:47:42.495+00,448.71,C55,"Italian Game: Two Knights Defense, Modern Bishop's Opening",Italian Game,7,5,12383,8.81,,,,,-6,5349,11.74,,,,,42,21,e4 e5 Nf3 Nc6 Bc4 Nf6 d3 d5 exd5 Nxd5 O-O Be6 Ng5 Nf4 Bxe6 Nxe6 Ne4 Be7 Be3 O-O Qg4 g6 Bh6 f5 Qh3 Nf4 Bxf4 exf4 Ned2 Nd4 Re1 Nxc2 Re5 Nxa1 Nf3 Nc2 Ng5 Bxg5 Re2 Nd4 Nd2 Nxe2+,"{30003,30003,29899,29859,29427,29483,29347,29331,29075,28963,28491,27843,27923,25219,27051,24403,25019,22931,23699,22235,22483,19939,22235,19331,16851,18371,14755,17931,13147,16083,10571,15811,8699,15019,8643,13307,8467,13003,7091,12595,5827,12383,5349}"
12834,ca5Ylj3t,black,Drac25,jashanjeet,win,resign,948,1010,-62,standard,blitz,blitz,300,0,5+0,lichess.org,,,,,22/08/25 22:39,2025-08-23 01:39:56.948+00,10.102,D00,Queen's Pawn Game,Queen's Pawn Game,3,7,29538,4.65,,,,,-7,29604,2.0,,,,,4,2,d4 d5 e3 Nc6,"{30003,30003,30003,29538,29604}"
12835,vAUYKHk7,black,Drac25,BryceyHot,win,resign,944,858,86,standard,blitz,blitz,300,0,5+0,lichess.org,14.0,0.33,,,22/08/25 22:26,2025-08-23 01:34:07.368+00,433.609,D02,Queen's Pawn Game: London System,Queen's Pawn Game,5,4,11089,11.13,,,,,-21,5976,13.35,,,,,36,18,d4 d5 Bf4 Nf6 Nf3 Bf5 e3 Nc6 h3 e6 Bb5 Bd6 Bxd6 Qxd6 c4 Be4 O-O O-O Ne5 Nxe5 dxe5 Qxe5 cxd5 Qxb2 Nc3 Qxc3 Rc1 Qe5 Qb3 Bxd5 Qa3 Qg5 g3 Qh5 h4 Qf3,"{30003,30003,29627,29555,29467,29187,28843,28507,28707,27563,28339,25331,27171,25203,25475,23443,24579,22075,24395,19227,24123,18915,23611,17339,17171,16883,16715,15363,13003,14411,10179,13155,9347,11747,7859,11089,5976}"
12836,lynZ5JRC,white,Drac25,jhenry61218,win,resign,939,881,58,standard,blitz,blitz,300,0,5+0,lichess.org,21.0,-0.71,,,22/08/25 22:23,2025-08-23 01:26:39.105+00,183.598,C20,King's Pawn Game: Wayward Queen Attack,King's Pawn Game,3,5,21447,6.58,,,,,-5,21654,6.42,,,,,27,14,e4 e5 Qh5 Nc6 Bc4 g6 Qf3 Nf6 c3 Na5 d3 Nxc4 dxc4 Qe7 Bg5 Bg7 Nd2 Qd6 Rd1 Qc6 Ne2 d6 Bxf6 Bxf6 Qxf6 Kf8 Qxh8+,"{30003,30003,29915,29403,29755,28475,29571,27979,29139,26707,25587,26435,25371,25931,25115,25747,24563,24555,23819,24323,22755,22891,21963,22379,21811,22243,21447,21654}"
12837,exvMIVU9,white,Drac25,EldesonKan,win,mate,935,887,48,standard,blitz,blitz,300,0,5+0,lichess.org,,,,,22/08/25 22:22,2025-08-23 01:23:19.496+00,51.218,B01,Scandinavian Defense,Scandinavian Defense,2,4,28528,3.69,,,,,-47,27269,9.11,,,,,9,5,e4 d5 Qh5 c6 e5 Nd7 e6 Ndf6 Qxf7#,"{30003,30003,29923,29187,29203,27603,28843,27269,28528}"
12838,mjAgGjLA,white,Drac25,imac80,win,outoftime,929,927,2,standard,blitz,blitz,300,0,5+0,lichess.org,29.0,1.12,75.0,,22/08/25 22:11,2025-08-23 01:22:04.403+00,635.628,C02,French Defense: Advance Variation,French Defense,5,6,30,7.14,,,,,-5,0,7.14,,,,,85,43,e4 e6 d4 d5 e5 Nd7 Bb5 a6 Ba4 b5 Bb3 Bb4+ c3 Ba5 Nf3 Bb7 O-O Ne7 Bg5 h6 Bh4 O-O Nbd2 Bb6 Bc2 c5 Nb3 cxd4 cxd4 Qc7 Qd3 Nf5 g4 g6 gxf5 gxf5 Rac1 Rfc8 Qe3 Kf8 Qxh6+ Ke8 Qh8+ Nf8 Ng5 a5 Qh5 Ng6 Nxe6 Qc4 Bxf5 Qd3 Bxd3 a4 Nbc5 Bxc5 dxc5 a3 Bxb5+ Bc6 Ng7+ Kd7 Bxc6+ Rxc6 Qf5+ Kc7 Qxf7+ Kb8 e6 axb2 Qf6 bxc1=Q Rxc1 Rxa2 Qxg6 Rxf2 Kxf2 Rxe6 Qxe6 Kc7 Qxd5 Kc8 Rd1 Kb8 Qf5,"{30003,30003,29755,29811,29331,29139,29195,28035,28979,27563,28851,26731,28539,26251,27939,25387,25515,25115,25299,24539,24947,24347,24051,23955,23203,23475,21523,23003,21107,22003,20459,20995,19291,12395,18643,12155,16715,9435,16451,8283,15323,7907,14379,7811,11883,7051,8707,5459,7435,4491,5715,3507,5371,3227,4171,2755,3963,2459,3459,2123,2715,1819,1819,1723,935,1579,809,1419,707,1235,590,962,489,902,411,628,281,484,177,359,111,171,73,83,30,0}"
12839,4nVf4rno,white,Drac25,williamtenor,win,resign,923,943,-20,standard,blitz,blitz,300,0,5+0,lichess.org,12.0,2.16,53.0,,22/08/25 22:03,2025-08-23 01:11:01.966+00,430.865,C20,King's Pawn Game: Wayward Queen Attack,King's Pawn Game,3,6,6821,5.15,,,,,-6,14920,3.35,,,,,91,46,e4 e5 Qh5 Qf6 Nf3 g6 Qxe5+ Qxe5 Nxe5 Nc6 Nxc6 dxc6 Nc3 Bc5 Bc4 Nf6 d3 O-O e5 Nd7 Bf4 Re8 e6 fxe6 O-O Kg7 Bxc7 Ne5 Bxe5+ Kh6 Ne4 Bb6 Bf4+ Kg7 Be5+ Kf7 Nf6 Rd8 Nxh7 Bc5 Ng5+ Ke7 d4 Bb4 c3 Bd6 Rae1 b5 Bxd6+ Kxd6 Nf7+ Kd7 Nxd8 Kxd8 Bxe6 Bxe6 Rxe6 Kc7 Rxg6 Kb6 h3 Re8 b4 Re2 f4 Rxa2 f5 a5 bxa5+ Rxa5 f6 Ra8 f7 Rf8 Rg8 Rxf7 Rxf7 Ka5 Ra8+ Kb6 Rff8 c5 dxc5+ Kxc5 h4 Kc4 Rfc8+ Kb3 h5 Kc2 h6,"{30003,30003,29915,29875,29003,29635,28763,29491,28635,29267,28459,29179,27979,29083,27595,28915,27163,28563,26675,28267,25203,28067,23163,27883,22755,25547,22019,24443,21651,24283,20355,23075,19979,22915,19027,22819,18267,22483,17787,20771,17187,20603,15915,20027,15723,19731,13235,19379,12587,19187,11811,18867,10963,18787,10747,18691,10627,18227,10499,18099,10411,17475,10259,17323,9571,17163,9467,16947,9267,16859,9211,16771,9131,16667,8963,16379,8835,16179,8659,16075,8307,15771,8131,15699,7755,15619,7411,15435,6947,15307,6821,14920}"
12840,mw6iI34L,white,Drac25,PremePlysChess,win,resign,919,846,73,standard,blitz,blitz,300,0,5+0,lichess.org,14.0,4.97,,,22/08/25 22:02,2025-08-23 01:03:28.539+00,77.035,C20,King's Pawn Game: Wayward Queen Attack,King's Pawn Game,3,4,27444,3.66,,,,,-11,25389,6.59,,,,,15,8,e4 e5 Qh5 Nc6 Bc4 Nh6 d3 Qf6 Bg5 g6 Bxf6 gxh5 Bxh8 Bb4+ c3,"{30003,30003,29931,29819,29851,29427,29539,28843,28363,26187,27835,26043,27667,25755,27444,25389}"
12842,RpRG9IVI,black,Drac25,fastlittlemini,win,resign,906,910,-4,standard,blitz,blitz,300,0,5+0,lichess.org,15.0,2.56,30.0,,22/08/25 21:50,2025-08-23 00:56:44.305+00,369.35,A00,Ware Opening,Ware Opening,1,6,11200,4.09,,,,,-6,16933,2.78,,,,,94,47,a4 e5 c3 Nf6 e4 d5 d4 dxe4 dxe5 Qxd1+ Kxd1 Bg4+ f3 exf3 gxf3 Bh5 Bg5 Bc5 Bxf6 gxf6 exf6 Bxg1 Rxg1 Nc6 Bb5 O-O-O+ Kc2 Bxf3 Bxc6 Bxc6 Rd1 Bxa4+ b3 Bxb3+ Kxb3 Rxd1 Kc2 Rh1 Rxa7 Kb8 Ra5 Rxh2+ Kb3 Re8 Nd2 Rxd2 Rh5 Rh8 Re5 Ka7 Re7 Rf2 Rxf7 h5 Rxc7 h4 f7 h3 Rd7 Rf1 Rd2 h2 Rxh2 Rb1+ Kc2 Rh1 Rxh8 Rxh8 Kd3 Rf8 Kd4 Rxf7 c4 b6 Kd5 Kb7 c5 Rd7+ Kc4 Rc7 Kb5 bxc5 Kc4 Kb6 Kd5 c4 Kd6 c3 Kd5 c2 Kd4 c1=R Kd3 Rd1+,"{30003,30003,29899,29203,29787,28899,29427,28579,29235,28435,29115,27723,28955,27579,28843,27155,28179,26715,27883,25787,27755,25459,27611,24963,27083,24427,26683,23803,26507,23659,26259,23515,26107,23091,25963,23027,25683,22371,25435,22131,25035,21667,24883,20851,24539,20515,24115,19491,23667,19267,23539,18219,23363,17923,23187,17659,22947,17219,20619,16363,20379,16043,20259,15179,20075,14499,19827,14291,18363,14147,18251,14075,18251,13363,18251,13075,18099,12707,17747,12123,17611,11907,17475,11683,17339,11595,17187,11491,17067,11427,17067,11259,17067,11200,16933}"
12843,q0HBQVgb,white,Drac25,spx10,win,mate,901,884,17,standard,blitz,blitz,300,0,5+0,lichess.org,,,,,22/08/25 21:49,2025-08-23 00:50:18.522+00,32.512,C20,King's Pawn Game: Wayward Queen Attack,King's Pawn Game,3,5,29445,1.4,,,,,-10,27860,7.14,,,,,9,5,e4 e5 Qh5 Nc6 Bc4 g6 Qf3 Nd4 Qxf7#,"{30003,30003,29883,29651,29771,28555,29643,27860,29445}"
12844,z3asuoJm,white,Drac25,kencallaghan100,loss,outoftime,907,898,9,standard,blitz,blitz,300,0,5+0,lichess.org,39.0,-0.14,63.0,,22/08/25 21:41,2025-08-23 00:49:16.621+00,487.947,B20,Sicilian Defense,Sicilian Defense,2,-6,0,8.82,,,,,10,14490,4.7,,,,,68,34,e4 c5 Qh5 d6 Bc4 e6 Nf3 Nf6 Qh4 Be7 Qf4 O-O d3 Nc6 c3 Bd7 Na3 a6 O-O b5 Bb3 Na5 Bc2 Nc6 d4 cxd4 cxd4 e5 dxe5 dxe5 Nxe5 Nxe5 Qxe5 Re8 Qf4 Bc6 e5 Nd7 Be3 f6 exf6 Bxf6 Rad1 Bxb2 Bf5 Bxa3 Qg4 Re7 Bd4 Bd6 Rfe1 Rxe1+ Rxe1 Bf8 Qh3 Nf6 Bxf6 Qxf6 Qxh7+ Kf7 Qh3 Re8 Rxe8 Kxe8 g3 Be7 Qf1 Bd5,"{30003,30003,29915,29427,29427,28779,28603,28547,27403,28091,25699,27667,25019,27435,24683,27251,24363,27099,23883,26915,23491,26715,22027,26427,20251,26203,20003,25555,19747,25323,19611,25043,19443,24435,16867,23411,15915,22715,14827,22139,13747,21963,13011,21667,12699,21291,9019,20275,8531,19203,8011,18899,7611,18675,6107,18363,4083,18091,3467,17539,620,17043,400,16755,208,15427,70,14490,0}"
12845,8pmTojbW,black,Drac25,Manthalkar,win,resign,903,797,106,standard,blitz,blitz,300,0,5+0,lichess.org,19.0,-4.39,34.0,,22/08/25 21:38,2025-08-23 00:40:42.956+00,150.616,D02,Queen's Pawn Game: Chigorin Variation,Queen's Pawn Game,4,4,23975,3.77,,,,,-4,22817,4.23,,,,,34,17,d4 d5 Nf3 Nc6 Nc3 Bf5 a3 Nf6 h3 e6 Bg5 Be7 e3 Ne4 Nxe4 dxe4 Ne5 Nxe5 dxe5 Bxg5 Qxd8+ Rxd8 Bb5+ c6 Ba4 b5 Bb3 O-O O-O f6 exf6 Bxf6 Bxe6+ Bxe6,"{30003,30003,29859,29835,29739,29259,29403,28355,29195,28211,28603,27707,28331,27315,28163,26715,27963,26307,27819,26027,26587,25867,25531,25739,25299,25131,24883,24955,24395,24691,24123,24155,23451,23975,22817}"
12846,vghiuIxX,white,Drac25,Manthalkar,win,outoftime,898,801,97,standard,blitz,blitz,300,0,5+0,lichess.org,16.0,1.15,43.0,,22/08/25 21:29,2025-08-23 00:37:32.074+00,497.559,C20,King's Pawn Game: Wayward Queen Attack,King's Pawn Game,3,5,10805,5.65,,,,,-4,0,8.82,,,,,69,35,e4 e5 Qh5 Nc6 Bc4 g6 Qf3 Qf6 c3 Qxf3 Nxf3 Bc5 Bb5 a6 Bxc6 bxc6 Nxe5 Nf6 d3 O-O Bg5 Bb7 Bxf6 d6 Nd7 Rfe8 Nxc5 dxc5 O-O Rad8 d4 Rd6 Be5 Rde6 Nd2 cxd4 cxd4 c5 Bxc7 cxd4 Rae1 Bxe4 Nxe4 Rxe4 Rxe4 Rxe4 f3 Re3 Bb6 Rd3 Kf2 Rd2+ Ke1 Rd3 Ke2 Re3+ Kd2 Re6 Bxd4 Rd6 Kd3 f5 f4 Kf7 Re1 Kf8 g3 Rxd4+ Kxd4,"{30003,30003,29939,29563,29827,29323,29739,29147,29211,28899,29035,28107,28587,27763,28459,27603,28387,26699,26867,25467,25235,22003,24619,20995,23083,18843,22147,18427,21011,17547,20107,16835,19419,16035,18859,15627,18715,15083,18307,14379,17587,14091,17419,13859,16683,13635,15251,12851,15083,11547,13443,11171,13147,10299,12947,9259,12467,5347,11995,5179,11883,4747,11515,4379,11195,3115,10987,2929,10805,0}"
12847,uks3Ptk0,black,Drac25,Antinephilehi,win,resign,892,914,-22,standard,blitz,blitz,300,0,5+0,lichess.org,22.0,-8.57,,,20/08/25 20:56,2025-08-20 23:58:39.093+00,122.793,C24,Bishop's Opening: Berlin Defense,Bishop's Opening,4,6,22320,7.68,,,,,-7,12492,15.92,,,,,22,11,e4 e5 Bc4 Nf6 d3 Nc6 Bg5 Be7 Nc3 d5 Nxd5 Nxd5 Bxd5 Bxg5 Qf3 Bf6 O-O-O Nd4 Qh5 g6 Qg5 Bxg5+,"{30003,30003,29883,29315,29683,28659,29571,27859,29267,26995,29019,26595,28907,26163,27923,24659,27715,24179,27147,22603,26555,22320,12492}"
12848,3rHr0u8C,white,Drac25,Antinephilehi,win,resign,886,920,-34,standard,blitz,blitz,300,0,5+0,lichess.org,21.0,7.44,42.0,,20/08/25 20:50,2025-08-20 23:56:27.941+00,336.732,B02,Alekhine Defense: Scandinavian Variation,Alekhine Defense,4,6,14786,7.25,,,,,-6,13418,8.29,,,,,42,21,e4 d5 Nc3 Nf6 e5 Ne4 d3 e6 dxe4 Bb4 Bd2 Bxc3 Bxc3 O-O exd5 exd5 Nf3 Bf5 Bd3 Qe7 Bxf5 Nc6 O-O Nxe5 Nxe5 Rae8 Qxd5 Qg5 Qf3 c6 Nd7 b5 Nxf8 Rxf8 Rae1 Rd8 Bd3 a6 Qxc6 Qh5 Re8+ Rxe8,"{30003,30003,29419,29763,29059,29283,27571,29067,27323,28259,26307,28139,26171,27867,25739,27347,24835,27019,24539,26643,24307,26187,23499,26035,23291,25387,21955,24643,20251,24019,18931,20971,18643,20859,17331,18851,15467,15603,15091,13931,14851,13418,14786}"
12849,jIqrBpCQ,white,Drac25,luna_tuna,loss,outoftime,893,824,69,standard,blitz,blitz,180,2,3+2,lichess.org,19.0,-2.29,34.0,,19/08/25 22:08,2025-08-20 01:15:44.66+00,431.573,B02,Alekhine Defense: Normal Variation,Alekhine Defense,4,-7,0,7.83,,,,,7,3545,6.57,,,,,46,23,e4 Nf6 e5 Nd5 Bc4 c6 Qf3 g6 Nc3 e6 Nxd5 cxd5 Bb5 Bg7 d4 O-O Nh3 Qb6 a4 Qxd4 Bf4 Qxb2 O-O Qxc2 Rac1 Qf5 Rxc8 Rxc8 Bd3 Rc3 Bxf5 Rxf3 gxf3 exf5 Ng5 Nc6 Rd1 Nb4 e6 dxe6 Bd6 Nc2 Rc1 Rc8 Nh3 Rc6,"{18003,18003,17419,17843,16419,17139,15963,16003,15915,15171,14803,15163,14507,15027,14411,14771,14443,14467,9371,14011,6659,13539,6195,12595,4547,10923,3387,10003,3099,7851,1963,7635,1899,7411,1779,6379,1539,5827,1459,4907,952,4139,997,3819,298,3545,0}"
12850,j3zbC2yS,black,Drac25,tcmk,win,resign,885,1006,-121,standard,blitz,blitz,180,2,3+2,lichess.org,14.0,1.71,,,19/08/25 22:00,2025-08-20 01:04:26.274+00,216.033,C42,Petrov's Defense: Italian Variation,Petrov's Defense,5,8,10212,3.9,,,,,-8,13441,2.17,,,,,42,21,e4 e5 Nf3 Nf6 Bc4 d6 Ng5 Be6 Bxe6 fxe6 Nxe6 Qe7 Nxf8 Qxf8 O-O Nxe4 d3 Nc5 Nc3 c6 Bg5 Ne6 Qd2 h6 Bh4 g5 Bg3 Nd7 Ne4 O-O-O b4 d5 Nc3 d4 Ne4 b6 c4 dxc3 Qxc3 Nd4 b5 Ne2+,"{18003,18003,18083,17915,18187,17699,17755,16931,17539,16971,17563,16323,17587,16283,17787,16211,17819,16067,17747,15675,17667,15147,17587,14643,17635,14571,17691,14571,17427,14067,17227,13699,15963,13451,16003,11163,15699,10795,15579,10251,13987,10212,13441}"
12851,21VT5hpl,black,Drac25,Daunting4312,loss,outoftime,892,815,77,standard,blitz,blitz,180,2,3+2,lichess.org,23.0,3.87,40.0,,19/08/25 21:49,2025-08-20 00:58:31.452+00,526.83,C44,Ponziani Opening,Ponziani Opening,5,-7,0,3.67,,,,,12,5697,2.51,,,,,99,50,e4 e5 Nf3 Nc6 c3 Bc5 d4 exd4 cxd4 Bb4+ Bd2 Nf6 d5 Bxd2+ Qxd2 Nxe4 Qe3 f5 dxc6 dxc6 Nc3 O-O Nxe4 fxe4 Qxe4 Re8 Ne5 Qf6 Qc4+ Kh8 O-O-O Rxe5 Bd3 Be6 Qd4 c5 Qc3 Rd5 Qxf6 gxf6 Bc4 Rxd1+ Rxd1 Bxc4 b3 Bf7 Rd7 Kg7 Rxc7 Re8 Rxb7 Re2 b4 Rxa2 bxc5 Rxf2 Rxa7 Rxg2 Ra8 Rxh2 Rc8 Bh5 c6 Rh1+ Kd2 Bf3 c7 Rd1+ Ke3 Bg4 Rb8 Re1+ Kf4 Rd1 Kxg4 Kf7 c8=Q Rd4+ Kf3 Rd3+ Ke2 Rd6 Qc7+ Ke6 Qxh7 f5 Re8+ Kd5 Qxf5+ Kc6 Qe4+ Rd5 Rc8+ Kd6 Rd8+ Kc5 Qxd5+ Kb4 Rc8,"{18003,18003,18067,18099,18123,17971,18179,18043,17635,18059,17699,17355,17579,16139,17611,15307,17219,14051,17027,13915,16083,13251,15403,13227,15539,13283,15067,9779,14203,9003,13915,7915,13595,7147,13083,6051,11571,3371,10627,3355,10787,3155,10131,3235,10051,2771,9747,2659,9819,2659,9715,2459,8579,2427,8603,2451,8627,2475,8691,2483,8811,2467,8811,2587,8795,2643,8715,2427,8475,2315,8323,2155,7987,1843,7739,1667,7731,1723,7747,1499,7635,859,7467,771,6875,598,6515,592,6187,456,5915,416,5867,504,5627,510,5571,500,5697,0}"
12852,N9YpEE8k,black,Drac25,jerick17,loss,resign,897,926,-29,standard,blitz,blitz,300,0,5+0,lichess.org,,-1.25,,,19/08/25 02:23,2025-08-19 05:26:05.13+00,163.481,C45,Scotch Game: Classical Variation,Scotch Game,8,-5,24412,5.08,,,,,5,20651,8.5,,,,,23,12,e4 e5 Nf3 Nc6 d4 exd4 Nxd4 Bc5 Nf5 d5 Nxg7+ Kf8 Nf5 Qf6 Bb5 Bxf5 exf5 Qxf5 O-O Bd6 Bd3 Qg6 Bxg6,"{30003,30003,29723,29907,29539,29323,29443,29019,28699,28155,28579,27635,26507,27483,21947,27099,21787,26907,21427,26403,20915,25107,20651,24412}"
12853,P393srhP,black,Drac25,solid_snow,loss,resign,902,922,-20,standard,blitz,blitz,300,0,5+0,lichess.org,,0.58,,,19/08/25 02:20,2025-08-19 05:21:55.483+00,80.786,C42,Petrov's Defense: Damiano Variation,Petrov's Defense,6,-5,25777,6.04,,,,,6,24451,6.94,,,,,16,8,e4 e5 Nf3 Nf6 Nxe5 Nxe4 Bd3 d5 Bxe4 dxe4 O-O Bd6 Nc4 Qh4 Nxd6+ Kd7,"{30003,30003,29931,29363,29307,29251,29219,27891,28963,27675,28907,27107,28307,26475,26939,25777,24451}"
12854,844ZrNMR,white,Drac25,M014,loss,resign,908,925,-17,standard,blitz,blitz,300,0,5+0,lichess.org,15.0,-0.63,38.0,,19/08/25 02:10,2025-08-19 05:20:11.449+00,552.349,C20,King's Pawn Game: Wayward Queen Attack,King's Pawn Game,3,-6,669,6.11,,,,,6,6150,5.08,,,,,96,48,e4 e5 Qh5 Qf6 Nf3 g6 Qxe5+ Qxe5 Nxe5 Bg7 Bc4 d5 Nxf7 dxc4 Nxh8 Bxh8 d3 cxd3 cxd3 Be6 Bg5 h6 Bf4 Bxb2 Bxc7 Nc6 O-O Rc8 Bd6 Bxa1 Na3 Bd4 Nb5 a6 Nc7+ Kd7 Nxe6 Kxd6 Nxd4 Nxd4 h3 Ne2+ Kh2 Nf6 f3 Nf4 Re1 Nxd3 e5+ Ke6 exf6+ Kxf6 Re3 Nf2 g4 Rc2 Kg3 Nh1+ Kh4 g5+ Kh5 Rxa2 Kxh6 Ng3 Rb3 Rh2 Rb6+ Ke5 Kxg5 Rxh3 Rxb7 Rh5+ Kg6 Rh8 Re7+ Kf4 Rf7+ Ke5 Rf6 Rg8+ Kh7 Kxf6 Kxg8 a5 Kh7 Kg5 Kg7 a4 f4+ Kxf4 Kg6 Kxg4 Kf6 a3 Ke5 a2,"{30003,30003,29947,29755,29355,29571,29187,29403,29107,28667,28963,26067,28027,25171,27803,25043,26683,24803,26579,24523,25675,23803,24627,23451,22395,22859,20595,22075,19947,21627,19251,21083,18755,20475,18067,19795,16419,18995,15483,18827,14915,18363,14339,18187,13931,17619,13187,17219,12883,16859,12715,16739,12419,16067,11203,15763,10595,15091,10267,14723,9883,14267,9515,13963,8835,13771,8171,12291,7979,11003,7571,10259,6675,9539,5275,9347,4931,8803,4187,8451,3883,7251,3747,7011,3435,6779,2227,6619,1811,6395,1435,6259,1291,6155,1107,6150,669}"
12855,q8vmkwtD,black,Drac25,Gabriel3133,loss,outoftime,914,904,10,standard,blitz,blitz,300,0,5+0,lichess.org,30.0,-2.52,61.0,,19/08/25 02:01,2025-08-19 05:10:36.794+00,533.449,C20,King's Pawn Game: MacLeod Attack,King's Pawn Game,3,-6,0,8.82,,,,,6,9265,6.1,,,,,69,35,c3 e5 e4 d5 f3 dxe4 Qa4+ Nc6 Qxe4 f5 Qa4 Bd7 Qb5 b6 Qd5 Nf6 Qc4 Na5 Qe2 Bc5 Qxe5+ Be7 b4 Nc6 Qe2 O-O Qc4+ Kh8 d4 Re8 g4 fxg4 f4 Ne4 f5 Bf6 Qf7 Nd6+ Qxe8+ Qxe8+ Ne2 Nxf5 Nd2 Ne3 Ne4 Nc2+ Kd1 Nxa1 Nxf6 Qf7 Nxd7 Qxd7 Nf4 Qf5 Nd3 Ne7 b5 Nd5 Nb4 Nxb4 cxb4 Qc2+ Ke1 Qxc1+ Ke2 Qc4+ Kf2 Qxb5 Kg2,"{30003,30003,29763,29747,29547,29107,29259,26955,28619,25803,26771,25339,26395,24531,25451,23579,21547,21987,20243,19875,19803,17219,19107,17027,18147,16771,17667,16259,17195,15819,16395,12355,15971,11691,15075,10379,14539,9787,13915,9459,13659,9027,13371,5219,12987,4883,12603,4731,12267,3979,11427,3755,11099,3115,10779,2219,10603,1995,10083,1163,9971,769,9435,657,9355,422,9267,283,9265,0}"
12856,0NBkLOdM,white,Drac25,tomrobinson6,loss,outoftime,919,937,-18,standard,blitz,blitz,300,0,5+0,lichess.org,30.0,-4.33,43.0,,19/08/25 01:52,2025-08-19 05:01:30.55+00,519.636,C20,"King's Pawn Game: Wayward Queen Attack, Kiddie Countergambit",King's Pawn Game,4,-5,0,7.69,,,,,9,9859,5.3,,,,,78,39,e4 e5 Qh5 Nf6 Qxe5+ Qe7 Qxc7 Qxe4+ Ne2 Na6 Qc3 Nd5 Qe3 Qxe3 dxe3 Bb4+ c3 Bd6 c4 Ndb4 a3 Nc2+ Kd2 Nxa1 f4 Nc5 Kc3 Ncb3 Nd4 Nxc1 Nd2 O-O g4 Re8 e4 Bxf4 Bg2 Bxd2+ Kxd2 Ncb3+ Kc3 Nxd4 Kxd4 Nc2+ Kc3 Ne3 Bh3 g5 Re1 Nxc4 Kxc4 a6 Bg2 b5+ Kd4 Bb7 Kc5 d5 e5 Rec8+ Kb6 Rab8 Ka7 Rc7 Bxd5 Ra8+ Kb6 Bxd5 Kxc7 Re8 Kd6 Ba2 Kd7 Ra8 Ke7 Bc4 e6 Bxe6,"{30003,30003,29923,29291,29747,29011,29603,28699,29155,28387,26515,27619,26011,27483,25371,26955,24859,26171,24195,25603,22643,25275,21907,24947,20611,24859,17627,24187,16843,23787,16131,21643,15891,20611,15339,20315,12419,19683,12155,19443,12011,19331,11339,19051,11115,18763,10427,18107,10139,14723,9915,14315,9459,14147,8563,14059,6971,13939,6011,13467,5275,13291,4899,12859,3491,12251,2915,11811,2699,11411,2155,10963,804,10347,548,10019,361,9859,0}"
12857,UfnPKfBH,black,Drac25,Ahmed_Mahio,loss,resign,924,946,-22,standard,blitz,blitz,300,0,5+0,lichess.org,17.0,-0.13,,,19/08/25 01:49,2025-08-19 04:52:08.445+00,174.63,C25,Vienna Game: Max Lange Defense,Vienna Game,4,-5,16670,8.89,,,,,5,23903,4.07,,,,,31,16,e4 e5 Nc3 Nc6 Bb5 Nd4 Bd3 Nf6 Nf3 Bb4 Bc4 d6 Nxd4 exd4 Nd5 Nxd5 Bxd5 Qg5 O-O Bh3 e5 Qxg2+ Bxg2 Bxg2 Kxg2 dxe5 Qe2 O-O Qxe5 Rad8 Qxc7,"{30003,30003,29867,29675,29811,28571,28667,27923,28515,27347,28163,26667,27803,26451,27483,25667,26771,23907,26171,23251,25299,22955,25083,21955,24843,21859,24427,21131,24131,19891,23903,16670}"
12858,BviDvslB,white,Drac25,joo63,win,resign,918,975,-57,standard,blitz,blitz,300,0,5+0,lichess.org,17.0,3.93,35.0,,19/08/25 01:43,2025-08-19 04:48:42.891+00,282.98,B01,Scandinavian Defense: Valencian Variation,Scandinavian Defense,6,6,11703,7.04,,,,,-7,21249,3.5,,,,,52,26,e4 d5 exd5 Qxd5 Nc3 Qd8 Nf3 f6 d4 e5 dxe5 Bb4 Qxd8+ Kxd8 Bd2 Bxc3 Bxc3 f5 Ng5 Ke7 Bc4 h6 Nf7 Rh7 e6 Bxe6 Ne5 Bxc4 Nxc4 Nc6 O-O g6 Ne5 Nxe5 Bxe5 c6 Rae1 Kd7 Rd1+ Ke6 Rfe1 Kf7 Rd7+ Ne7 Rxb7 h5 h4 Rh6 Bd6 g5 Rbxe7+ Kf8,"{30003,30003,29811,30003,29675,30003,28163,30003,27531,30003,26979,29923,26515,29747,25355,29555,25203,29395,24731,28899,23427,28467,22531,27811,21723,27675,20059,27339,19803,27235,19339,26995,17627,26747,17515,26555,17355,26211,17011,26067,16859,24907,16595,24723,15723,22323,15147,22075,14123,21507,12051,21249,11703}"
12859,8Fk8Ug6L,black,Drac25,joo63,loss,resign,923,970,-47,standard,blitz,blitz,300,0,5+0,lichess.org,17.0,-0.79,28.0,,19/08/25 01:37,2025-08-19 04:43:53.272+00,366.244,C60,Ruy Lopez,Ruy Lopez,5,-5,8929,4.79,,,,,5,16660,3.03,,,,,89,45,e4 e5 Nf3 Nc6 Bb5 Qf6 Bxc6 Qxc6 Nxe5 Qe6 d4 d6 Nf3 Qxe4+ Qe2 Qxe2+ Kxe2 Bg4 Be3 d5 Kd2 Bxf3 gxf3 Nf6 Bg5 Be7 Bxf6 Bxf6 c3 O-O Re1 Bg5+ Kd3 b6 Na3 c5 Re5 Bf6 Rxd5 cxd4 cxd4 Rad8 Rxd8 Rxd8 Nb5 a6 Nc7 Rxd4+ Ke3 Rb4 Nxa6 Rxb2 Rd1 h6 Nc7 Rxa2 Nb5 Ra5 Nd4 b5 Rb1 Bxd4+ Kxd4 Kf8 Kc5 Ra3 Rxb5 Rxf3 Rb8+ Ke7 Rb2 Rf5+ Kd4 g5 Ke4 Rf4+ Ke5 f6+ Kd5 Rf5+ Ke4 Ke6 Rb6+ Kd7 Kxf5 h5 Rxf6 h4 Kxg5,"{30003,30003,29859,29835,29803,29211,29691,28947,29627,28475,29411,28067,29251,27811,28923,27259,28819,27147,28579,26235,28163,25947,28011,25899,27827,25635,27699,25523,27699,25315,27587,24619,27091,23499,26907,23203,25995,22379,25779,21955,25595,21643,25307,21515,25291,21243,24811,20843,24379,19979,23891,19795,23411,19475,22675,19171,22299,17715,21691,17083,21235,16763,21075,16099,20931,15067,20059,14947,19579,14811,19363,14275,19131,13931,18835,13075,18339,12803,18067,12211,17835,11723,17459,9723,17283,9515,16963,9203,16660,8929}"
12860,hrSCLzlA,black,Drac25,qrossied,win,resign,918,842,76,standard,blitz,blitz,300,0,5+0,lichess.org,,,,,19/08/25 01:36,2025-08-19 04:37:23.498+00,38.208,A00,Van't Kruijs Opening,Van't Kruijs Opening,1,5,28525,3.69,,,,,-5,28134,3.74,,,,,10,5,e3 e5 Qh5 Nc6 Nc3 Nf6 Qf5 d5 d4 Bxf5,"{30003,30003,29651,29707,29403,29539,29003,28723,28571,28525,28134}"
12861,FCBLFppV,white,Drac25,qrossied,win,resign,913,846,67,standard,blitz,blitz,300,0,5+0,lichess.org,25.0,7.29,44.0,,19/08/25 01:30,2025-08-19 04:36:38.185+00,347.417,C00,French Defense: Steinitz Attack,French Defense,3,5,12187,7.42,,,,,-4,14387,6.51,,,,,49,25,e4 e6 e5 Qg5 d4 c5 Bxg5 cxd4 Qxd4 Be7 Bxe7 Nxe7 Nf3 Nbc6 Qg4 b6 Qxg7 Rf8 Qxh7 Nf5 Ng5 Nce7 Bd3 Nd4 Na3 Bb7 O-O Bxg2 Kxg2 Nef5 Bxf5 Nxf5 Nb5 O-O-O Nxa7+ Kc7 Nb5+ Kb7 Nxf7 Rg8+ Kh1 Rgf8 Nxd8+ Rxd8 Rad1 Rc8 Nd6+ Kc6 Nxc8,"{30003,30003,29819,29763,29387,29467,29227,28859,29043,28755,28859,28643,27587,28307,26715,27403,26411,27163,26203,26923,25835,26147,24011,25939,23195,25139,22883,24715,22619,24123,20931,23891,19587,23019,18115,22603,17483,22235,16323,21003,15731,18699,14915,18539,12587,15107,12371,14747,12187,14387}"
12862,1wUt0WmO,black,Drac25,BorisHarkamp1,loss,outoftime,920,881,39,standard,blitz,blitz,300,0,5+0,lichess.org,17.0,-0.56,60.0,,19/08/25 01:20,2025-08-19 04:30:03.865+00,600.464,D00,Amazon Attack,Amazon Attack,3,-7,0,8.33,,,,,7,2615,7.61,,,,,73,37,d4 d5 Qd3 Nc6 c4 Nf6 c5 e5 e3 e4 Qc3 Be7 Nh3 h6 Be2 Bg4 Bxg4 Nxg4 O-O O-O f3 Nf6 fxe4 dxe4 Nd2 b6 cxb6 Nb8 bxc7 Qc8 cxb8=Q Rxb8 Nb3 Ba3 Qxc8 Rbxc8 bxa3 Nd5 a4 Nxe3 Bxe3 Rc3 Bd2 Rd3 Bb4 Rd8 Nf2 Re3 Bc5 Re2 Bxa7 Ra8 Rae1 Rxa2 Bb6 R2xa4 Rxe4 Rb4 Bc5 Rxb3 d5 Rb5 Rc4 Rc8 Nd3 Rb3 Rd1 Kh7 d6 Rc6 Ne5 Rc8 Nxf7,"{30003,30003,29867,29283,29483,28675,29291,27843,28659,26955,27147,24395,26907,24115,26683,23635,25659,23467,25491,21995,25347,21251,25107,20955,24419,19859,24035,17355,23611,16883,23051,16723,21043,14427,19883,14099,19803,13651,18923,13187,18603,12379,17643,11755,16971,11379,16043,10483,15075,8291,14123,7715,13027,7339,11419,6483,11203,5907,6339,5507,6003,4203,4907,2883,4379,2203,3587,1643,3307,896,2907,23,2615,0}"
12863,Joc0Uihe,white,Drac25,gilgameshhn,win,mate,913,946,-33,standard,blitz,blitz,300,0,5+0,lichess.org,21.0,5.59,49.0,,19/08/25 01:12,2025-08-19 04:19:54.171+00,421.148,C00,French Defense: Steinitz Attack,French Defense,3,7,7012,4.89,,,,,-9,14534,3.36,,,,,95,48,e4 e6 e5 g6 d4 Nf6 exf6 Qxf6 Nf3 Nc6 Bg5 Qf5 Bd3 Qg4 O-O Nxd4 Ne5 Qxd1 Rxd1 Ne2+ Bxe2 c5 Bf6 Be7 Bxh8 d6 Nc4 e5 Nc3 Bf5 Bd3 Kd7 Bxf5+ gxf5 Bg7 Rg8 Bh6 f6 Be3 f4 Bd2 f3 Ne3 f5 Nxf5 Rxg2+ Kh1 Rxf2 Nxe7 Kxe7 Rf1 Rxd2 Rxf3 e4 Re3 d5 Rd1 Rxc2 Rxd5 Rxb2 Rxe4+ Kf6 Rxc5 Rc2 Re1 h5 Ne4+ Kg6 Rxc2 h4 Rc7 b5 Rxa7 b4 Rb7 b3 Rxb3 h3 Nf2 Kg5 Re4 Kf5 Ra4 Ke6 Rb5 Kd6 Ra6+ Kc7 Rh5 Kb7 Rg6 Kc7 Rh7+ Kd8 Rg8#,"{30003,30003,29611,29811,29451,29291,29043,29115,28851,28379,28603,28035,27939,27027,27523,26387,26691,25747,26035,25643,25339,25403,25107,25051,24803,24779,23603,24539,22515,24019,21339,23603,20899,23419,20403,23211,20131,23059,19019,22867,18499,21995,16091,21419,15171,21147,14899,20299,14051,20107,13851,19579,13435,19435,13059,19107,12099,18459,11507,18243,11379,18019,10835,17467,9707,16699,9547,16275,9403,16091,9059,16051,8899,15923,8787,15779,8699,15723,8403,15619,8131,15475,7987,15347,7747,15211,7619,15099,7467,14963,7179,14787,7107,14534,7012}"
12864,WqCsy9ru,white,Drac25,ander11c,win,resign,907,938,-31,standard,blitz,blitz,300,0,5+0,lichess.org,20.0,4.62,,,19/08/25 01:09,2025-08-19 04:12:37.722+00,200.876,A40,Englund Gambit: Soller Gambit,Englund Gambit,4,6,17661,7.26,,,,,-6,22964,4.14,,,,,35,18,d4 e5 dxe5 f6 exf6 Qxf6 Nc3 Bc5 Nf3 Ne7 Bg5 Qf7 Bxe7 Qxe7 Nd5 Qf7 Nxc7+ Kd8 Nxa8 Nc6 e3 Bb4+ c3 Ba5 b4 Bb6 Nxb6 axb6 Bb5 Na7 Qd6 Nxb5 Qxb6+ Ke8 Qxb5,"{30003,30003,29691,29827,29339,29299,28435,29131,26227,28595,24915,28155,24059,27475,23739,27115,23275,26563,22651,26259,21587,25859,20707,25707,19731,25539,19371,25379,18259,24251,18027,24003,17851,23547,17661,22964}"
12865,SFlt3svK,black,Drac25,linking_wire,loss,mate,913,872,41,standard,blitz,blitz,300,0,5+0,lichess.org,30.0,-5.51,57.0,,19/08/25 00:59,2025-08-19 04:09:00.762+00,587.92,C50,Italian Game: Anti-Fried Liver Defense,Italian Game,6,-6,1746,7.06,9.0,2.0,2.0,71.0,26,2600,6.68,5.0,3.0,2.0,83.0,83,42,e4 e5 Nf3 Nc6 Bc4 h6 d4 exd4 Nxd4 Qf6 Nxc6 Qxc6 b3 Qxe4+ Be3 Qxg2 Ke2 Qg4+ Ke1 Qe4 Bd5 Qe5 Nc3 Qxc3+ Bd2 Qe5+ Be3 Nf6 c4 Nxd5 cxd5 Qe4 Rf1 Bb4+ Ke2 Qg4+ f3 Qg2+ Rf2 Qg6 a3 Bc3 Rc1 Be5 d6 O-O dxc7 Bxc7 Rxc7 d6 Qd4 Be6 Rxb7 Qc2+ Qd2 Qxd2+ Kxd2 Rab8 Rxa7 Rxb3 f4 Rfb8 Ke2 Rb2+ Kf3 Rc2 Rxc2 Bb3 Rc3 Bd5+ Kf2 Re8 Bd2 f5 h4 Re4 Rc8+ Kh7 Bc3 h5 Rxg7+ Kh6 Rh8#,"{30003,30003,29883,29915,29627,29259,28915,28379,28667,27387,28331,26747,27659,26339,27411,25923,26699,20539,26235,19875,25771,18691,25099,18099,24651,16843,24051,14507,22491,13531,22275,13299,21523,12627,20627,11795,19595,11227,19027,10099,17947,9707,17611,9115,16995,8667,16659,8531,16299,7051,13387,6707,12587,6323,12227,5675,12075,5363,10947,5227,9915,4931,8571,4403,8259,4043,7987,3131,6555,2963,6019,2851,4883,2643,4587,2435,3731,2243,3147,1947,2811,1746,2600}"
12866,9iFLC5nr,white,Drac25,Thirty7Blunders,loss,outoftime,919,926,-7,standard,blitz,blitz,300,0,5+0,lichess.org,15.0,-0.91,,,14/08/25 21:03,2025-08-15 00:07:07.476+00,222.178,C20,King's Pawn Game: Wayward Queen Attack,King's Pawn Game,3,-6,0,27.28,,,,,6,19227,10.78,,,,,22,11,e4 e5 Qh5 d6 Bc4 g6 Qf3 Nf6 Nc3 c6 d3 Nbd7 Bg5 b5 Bb3 Bg7 a4 Nc5 axb5 Nxb3 cxb3 Bg4,"{30003,30003,29875,28115,29339,25851,29075,25651,28243,25219,27979,25099,27747,23243,24547,21651,20571,20643,19907,20483,19756,19227,0}"
12868,S1J8ZM9f,black,Drac25,Nuraybulut,win,mate,908,918,-10,standard,blitz,blitz,300,0,5+0,lichess.org,15.0,0.27,27.0,,14/08/25 20:45,2025-08-14 23:52:42.497+00,415.299,C46,Three Knights Opening,Three Knights Opening,5,6,8445,4.9,,,,,-6,12633,3.95,,,,,90,45,e4 e5 Nf3 Nc6 Nc3 Bc5 Bc4 Nd4 d3 Nf6 Nxd4 Bxd4 Nd5 Nxd5 Bxd5 O-O Qh5 Qf6 O-O h6 Be3 Bxe3 fxe3 Qg5 Bxf7+ Rxf7 Qxf7+ Kh7 Rf6 Qxf6 Qxf6 gxf6 Rf1 Kg6 Rxf6+ Kxf6 h4 d6 g3 Bg4 Kg2 h5 c4 Rf8 d4 c6 d5 cxd5 exd5 Kg6 e4 Bf3+ Kh3 Bxe4 b3 Rf2 g4 hxg4+ Kxg4 Bf5+ Kg3 Kh5 b4 Rxa2 c5 dxc5 bxc5 Ra5 d6 Rxc5 d7 Rd5 d8=Q Rxd8 Kf3 a5 Kg3 a4 Kf3 a3 Ke3 a2 Kf3 a1=R Kg3 Ra3+ Kg2 Rd2+ Kf1 Ra1#,"{30003,30003,29867,29803,29523,29275,29443,27035,29339,26507,29019,24427,28403,23731,28275,23139,27379,22387,27091,21107,25715,20651,25571,19211,25027,18955,24187,18387,22539,18035,21739,17891,21683,17619,21651,17475,21235,17299,20971,17171,20779,16827,20251,15211,19171,14011,18731,13787,18339,13539,17755,13027,17587,12547,17371,11851,16595,11667,16443,10915,16091,10611,15707,10315,15547,10163,15395,9907,15211,9763,15123,9675,14411,9587,14099,9459,13771,9331,13571,9195,13483,9067,13291,8739,13139,8651,12907,8547,12633,8445}"
12869,zsqmzmlY,black,Drac25,Brookshakira,win,resign,904,794,110,standard,blitz,blitz,300,0,5+0,lichess.org,,,,,14/08/25 20:45,2025-08-14 23:45:37.118+00,20.945,C25,Vienna Game: Max Lange Defense,Vienna Game,4,4,29013,3.3,,,,,-4,29274,1.82,,,,,8,4,e4 e5 Nc3 Nc6 Qh5 Nf6 Nd5 Nxh5,"{30003,30003,29867,29723,29771,29323,29515,29013,29274}"
12870,VnaanANX,white,Drac25,badanja1,win,outoftime,898,947,-49,standard,blitz,blitz,300,0,5+0,lichess.org,19.0,0.62,48.0,,13/08/25 21:58,2025-08-14 01:09:31.686+00,645.058,C20,"King's Pawn Game: Wayward Queen Attack, Kiddie Countergambit",King's Pawn Game,4,6,90,6.23,,,,,-6,0,6.25,,,,,97,49,e4 e5 Qh5 Nf6 Qxe5+ Qe7 Qxc7 Qxe4+ Ne2 Na6 Qc3 Bb4 Qe3 Qxe3 fxe3 O-O Nbc3 Bxc3 dxc3 d5 Nd4 Re8 h3 Ne4 Bd3 Nec5 Be2 Ne4 Bf3 Ng3 Rg1 Nc5 Bd2 Ne6 O-O-O Nxd4 exd4 Nf5 Bxd5 Ne7 Rge1 Be6 Bxb7 Rab8 Bf3 Bd5 Bxd5 Nxd5 Rxe8+ Rxe8 Re1 Rxe1+ Bxe1 Ne3 g4 Ng2 Bd2 Nh4 b4 Nf3 a4 Nxd2 Kxd2 Kf8 c4 Ke8 Kd3 Kd7 c5 Kc6 Kc4 g6 d5+ Kc7 d6+ Kc6 b5+ Kd7 Kd5 f5 c6+ Kd8 c7+ Kd7 gxf5 gxf5 c4 f4 c5 f3 c6+ Kc8 d7+ Kxc7 b6+ axb6 d8=Q+,"{30003,30003,29939,30003,29779,29915,29539,29651,29147,27187,24923,24883,22939,24251,22467,23267,21371,22971,21203,22691,20491,21691,19595,21051,18747,18387,16939,17851,16163,16699,15539,15571,13907,15363,13579,15203,12795,12923,12075,11187,10955,8739,10275,8643,8843,7211,8467,7211,8275,7211,7515,6779,7379,6219,6067,5435,5507,5011,5195,4667,4051,3507,3851,3507,3539,3507,3267,3507,3011,3411,2955,3163,2875,2867,2787,2771,2619,2323,2547,2107,2403,1611,2227,1491,1923,1259,1611,1163,700,1075,639,753,535,384,90,126,90,0}"
12871,CC2a0vxB,black,Drac25,shubhamghuge,loss,outoftime,903,908,-5,standard,blitz,blitz,300,0,5+0,lichess.org,15.0,-4.12,70.0,,13/08/25 18:35,2025-08-13 21:45:08.732+00,597.57,C50,Italian Game: Anti-Fried Liver Defense,Italian Game,6,-5,0,8.57,,,,,5,2980,7.72,,,,,71,36,e4 e5 Nf3 Nc6 Bc4 h6 d4 exd4 c3 dxc3 Nxc3 Bb4 Qd5 Qe7 Bg5 f6 Qf5 hxg5 Qg6+ Kd8 O-O Nh6 Nd5 Qe8 Qxg7 Ne7 Nxf6 Qf8 Qxf8+ Rxf8 Nh7 Rh8 Nf6 d6 Nd5 Nxd5 exd5 Bd7 Ne5 c6 dxc6 bxc6 Ng6 d5 Bb3 Rg8 Ne5 Kc7 Rac1 Bd6 Rfd1 Rge8 Ng6 Re6 Bxd5 Rxg6 Be4 Re6 Bf3 Rae8 Bh5 R8e7 Bf3 Re5 Bh5 Bb4 Bg6 Re1+ Rxe1 Rxe1+ Rxe1,"{30003,30003,29779,29923,29499,29811,29179,29307,29107,26387,28915,25827,28787,23931,25923,23211,23875,22315,23659,21547,22859,19651,22603,16443,21611,12547,20051,11099,18491,10755,18419,9891,18171,8227,17123,7683,16707,6811,16523,3971,16019,3515,15179,3307,14371,3075,13939,2915,13315,2163,12555,1979,11851,1819,9123,1139,7283,870,6859,686,6035,524,5523,418,4379,269,3827,167,3147,25,2980,0}"
12872,kJPScNgD,white,Drac25,brandonjkatz,loss,outoftime,909,912,-3,standard,blitz,blitz,300,0,5+0,lichess.org,27.0,-5.61,44.0,,12/08/25 21:54,2025-08-13 01:04:52.386+00,623.313,C20,"King's Pawn Game: Wayward Queen Attack, Kiddie Countergambit",King's Pawn Game,4,-6,0,7.69,2.0,1.0,6.0,78.0,5,1325,7.55,3.0,1.0,5.0,83.0,78,39,e4 e5 Qh5 Nf6 Qxe5+ Be7 Nc3 Nc6 Qg3 O-O Nf3 Bd6 e5 Bxe5 Nxe5 Re8 f4 Nd4 Bd3 d6 Qh4 dxe5 fxe5 Rxe5+ Ne2 Nxe2 Bxe2 Bf5 O-O Rxe2 d3 Rxc2 Bg5 Bxd3 Bxf6 gxf6 Qg3+ Kf8 Rad1 Qd4+ Kh1 Rd8 Qf4 Qxf4 Rxf4 Rxb2 Rxf6 Be4 Rxd8+ Ke7 Rf4 Bxg2+ Kg1 Rxa2 Rd1 a5 Re1+ Kf8 Rf2 Rxf2 Kxf2 Bd5 Rc1 c6 Ra1 b6 Rc1 c5 Ke3 Ke7 Kf4 Ke6 Re1+ Kd6 Re5 a4 Kf5 a3,"{30003,30003,29507,29867,29331,29635,27259,29339,26403,29099,24875,27939,24491,27659,24347,26523,22115,25787,20819,23779,19859,23035,19203,22379,18155,20747,17939,20083,17219,19707,16707,19171,16427,17435,14891,16283,14611,15675,14083,12163,13835,11035,6859,9003,6707,8419,6187,7739,4563,7251,3619,6467,3291,5947,2779,4627,2675,4331,1219,3819,1027,3451,789,3107,530,2915,328,2667,328,2427,328,2155,242,2003,171,1627,111,1325,0}"
12873,99roplAy,white,Drac25,JH970618,win,resign,903,925,-22,standard,blitz,blitz,300,0,5+0,lichess.org,31.0,0.79,47.0,,12/08/25 21:44,2025-08-13 00:53:01.212+00,486.174,C20,King's Pawn Game: Wayward Queen Attack,King's Pawn Game,3,6,7644,8.28,,,,,-6,5591,9.04,,,,,55,28,e4 e5 Qh5 Nc6 Bc4 g6 Qf3 Nf6 c3 Bc5 h3 d5 exd5 e4 Qf4 Bd6 Qh6 Na5 Bb5+ c6 dxc6 bxc6 Ba4 Nc4 Ne2 Bf8 Qh4 Be7 Bxc6+ Bd7 Bxa8 Qxa8 O-O Nd5 Qxe4 Bb5 Nd4 Nxd2 Bxd2 Bxf1 Kxf1 O-O c4 f5 Qxd5+ Qxd5 cxd5 a6 Nc3 Bb4 a3 Bc5 Ne6 Re8 Nxc5,"{30003,30003,29955,29851,29891,28891,29635,28795,29379,28123,28107,28011,27083,27083,25347,26531,24059,25779,22787,25379,22643,25307,21891,25043,20235,23243,18419,22523,18003,22083,17691,21995,16227,20875,15403,19419,13395,18427,12323,18099,11531,17011,10299,15539,9243,8251,9091,7387,8923,6635,8315,6387,7835,6259,7644,5591}"
12874,JgYULGYH,white,Drac25,Shravan2009K,loss,outoftime,908,971,-63,standard,blitz,blitz,300,0,5+0,lichess.org,14.0,0.2,46.0,,12/08/25 21:20,2025-08-13 00:29:07.653+00,507.388,C20,King's Pawn Game: Wayward Queen Attack,King's Pawn Game,3,-5,0,12.0,,,,,5,12426,7.32,,,,,50,25,e4 e5 Qh5 Qf6 Bc4 Bc5 Nf3 Nh6 h3 d6 d3 Nc6 Bg5 Qg6 Qxg6 hxg6 Bxh6 Rxh6 Ng5 Rh5 h4 Bd7 Bxf7+ Ke7 Bxg6 Rh6 Bf7 Rf8 Bd5 Rxf2 Nc3 Rxc2 Nb5 Bb6 Rf1 Rxh4 Rf7+ Ke8 Bxc6 Rh1+ Rf1 Rh2 Bxd7+ Kxd7 Rg1 Bxg1 Kf1 Rhxg2 Nf3 Rcf2+,"{30003,30003,29939,29891,29259,29787,28731,29451,27251,29259,26347,26835,25347,26707,24211,26051,22947,25419,22275,23819,20571,23507,20203,22371,19123,21771,18347,20091,17739,19179,15787,18499,14283,17283,10467,15859,9619,15483,5683,15291,4715,13723,3987,13499,998,12947,778,12555,220,12426,0}"
12875,rzDYPoZw,black,Drac25,Mohamedabdoooooo,loss,resign,914,916,-2,standard,blitz,blitz,180,2,3+2,lichess.org,16.0,1.19,,,11/08/25 02:14,2025-08-11 05:19:09.998+00,266.347,C46,Three Knights Opening,Three Knights Opening,5,-6,10172,4.61,,,,,5,7639,6.1,,,,,35,18,e4 e5 Nc3 Nc6 Nf3 h6 d4 Bb4 dxe5 Bxc3+ bxc3 Qe7 Bb5 Nxe5 Nxe5 Qxe5 Bd3 Qxc3+ Bd2 Qd4 O-O Nf6 Be3 Qe5 f4 Qc3 e5 Nd5 Bd2 Qd4+ Kh1 Nxf4 Rxf4 d6 Rxd4,"{18003,18003,17883,18115,17707,18043,17499,17843,16667,17147,16643,17075,15459,16859,15435,16643,14819,16435,14331,15267,14043,15091,13683,14475,13283,13115,10395,11747,9483,11707,8475,11747,7987,10955,7639,10172}"
12876,K0XynNTE,black,Drac25,Clockensy,win,outoftime,909,893,16,standard,blitz,blitz,180,2,3+2,lichess.org,23.0,-0.54,44.0,,11/08/25 02:04,2025-08-11 05:13:32.454+00,564.124,C50,Italian Game: Anti-Fried Liver Defense,Italian Game,6,5,763,3.75,4.0,1.0,3.0,89.0,-59,0,3.83,3.0,2.0,5.0,84.0,94,47,e4 e5 Nf3 Nc6 Bc4 h6 O-O Nf6 Nc3 Bc5 Nxe5 Nxe5 d4 Nxc4 dxc5 d6 cxd6 cxd6 Bf4 Be6 b3 Nb2 Qxd6 Qxd6 Bxd6 Rc8 Bb4 b6 Rab1 a5 Ba3 Rxc3 Bxb2 Rxc2 Rfd1 O-O Bd4 Nxe4 Bxb6 Rxa2 f3 Nc3 Bc5 Nxd1 Bxf8 Kxf8 Rxd1 Rb2 Rd8+ Ke7 Ra8 Ra2 b4 Ra1+ Kf2 Ra2+ Kg3 g5 Ra7+ Kf6 bxa5 Bc4 Ra8 Kf5 Rh8 Kg6 Ra8 Bb3 Ra6+ Kg7 Kg4 Be6+ Kh5 Ra4 Ra7 Rd4 g3 Rd3 a6 Ra3 Ra8 Rxf3 Rb8 Bd5 a7 Ra3 Rd8 Bf3+ g4 Rxa7 h3 Bg2 h4 Ra5,"{18003,18003,17619,18099,17387,18163,17419,16243,17267,14923,15419,14611,15491,14547,15539,13747,12315,11427,9523,8835,7971,8371,7051,7627,7115,6747,3347,5379,3395,5315,3083,5219,3187,5251,2363,5035,2171,4587,2171,4355,1651,4163,1331,3051,1347,2659,1443,2507,584,2491,713,2251,647,2187,705,1155,678,1067,709,992,839,838,402,850,420,784,483,785,550,686,642,755,679,818,702,822,637,859,536,782,571,812,418,874,509,950,529,800,553,877,446,856,320,763,0}"
12877,9ZaOXHL5,black,Drac25,SmitShah99,loss,outoftime,915,875,40,standard,blitz,blitz,300,0,5+0,lichess.org,21.0,-0.24,38.0,,09/08/25 01:12,2025-08-09 04:22:31.172+00,602.951,C20,King's Pawn Game: Wayward Queen Attack,King's Pawn Game,3,-6,0,4.29,,,,,6,3575,3.78,,,,,141,71,e4 e5 Qh5 Nc6 Bc4 g6 Qf3 Nf6 d3 Nd4 Qd1 Bc5 Bg5 d6 Nc3 Bb4 Qd2 Be6 Bxe6 Nxe6 Nf3 Bxc3 Qxc3 h6 Bh4 g5 Bg3 c5 Nxe5 dxe5 Bxe5 Nd4 Bxf6 Qxf6 Qxc5 Ne6 Qc3 Qxc3+ bxc3 O-O O-O Nf4 g3 Ne2+ Kg2 Nxc3 d4 Rac8 Rad1 Nxe4 d5 Nc3 Rd4 Rcd8 d6 Nxa2 d7 Nc3 Ra1 a6 Ra3 Nb5 Rb3 Nxd4 Rxb7 Nxc2 Ra7 Nb4 Rb7 Nd3 Ra7 Nc5 Rc7 Nxd7 h4 gxh4 gxh4 f5 f4 Kh8 Ra7 Nc5 Re7 Rg8+ Kf3 a5 Re5 Rd3+ Ke2 Rc3 Rxf5 a4 Kd2 Ne4+ Ke2 a3 Ra5 Re8 f5 Ng3+ Kf2 Nxf5 Rxf5 Rc2+ Kf3 a2 Ra5 Kg7 Kf4 Kf6 h5 Rec8 Kg4 R8c4+ Kf3 R4c3+ Ke4 Rc8 Kd5 Rd8+ Ke4 Re2+ Kf4 Rf8 Kf3 Re1 Kf2 Re7 Kf3 Kg7+ Kg4 Kh7 Kh3 Rg7 Kh2 Rf3 Kh1 Rf1+ Kh2 a1=Q Kh3,"{30003,30003,29931,29507,29707,29259,29275,29027,28875,28835,28435,27531,28187,26307,26971,25987,24427,25651,24227,25307,23219,25155,22939,24307,22299,24139,22203,22683,20867,21755,20499,20427,19923,20235,19131,17771,18483,16963,18299,16907,17947,16795,17699,16667,17307,16587,16723,16403,16243,16243,15835,16107,15483,15915,15203,15195,14739,14891,14555,14659,14187,14523,13931,14363,13827,14155,13427,13987,13067,13491,12795,13099,12347,12947,11411,12707,11307,12387,11155,12043,10723,11747,10019,11139,9875,10499,9739,9971,9547,8851,9379,8427,9131,7459,8507,7339,7931,6755,7707,6275,7571,6155,6899,5171,6667,4883,6547,4307,6299,4083,6067,3539,5787,3259,5619,2955,5515,1691,5243,1587,5123,1387,4971,1267,4787,946,4675,744,4555,593,4323,517,4139,438,4003,390,3819,280,3707,93,3575,0}"
12878,H51nODqc,white,Drac25,lolozorabineaminelo,loss,outoftime,920,965,-45,standard,blitz,blitz,300,0,5+0,lichess.org,18.0,5.88,43.0,,09/08/25 01:03,2025-08-09 04:12:09.156+00,548.584,C20,King's Pawn Game: Wayward Queen Attack,King's Pawn Game,3,-5,0,8.57,,,,,6,7069,6.75,,,,,70,35,e4 e5 Qh5 Nc6 Bc4 Nh6 d3 d6 Bxh6 Qe7 Be3 g6 Qf3 h5 h3 Bh6 Bxh6 Rxh6 h4 Nd4 Qd1 Bg4 f3 Be6 Ne2 Bxc4 dxc4 g5 Nbc3 g4 Nxd4 exd4 Qxd4 gxf3 O-O-O fxg2 Rhg1 Rg6 Nd5 Qxh4 Nxc7+ Kd8 Nxa8 Qf4+ Kb1 h4 Qh8+ Kd7 c5 Rh6 Qg8 h3 Rxd6+ Ke7 Nc7 Rxd6 cxd6+ Kxd6 Qd8+ Ke5 Qd5+ Kf6 a3 Qf1+ Rxf1+ gxf1=Q+ Ka2 h2 Qd6+ Kg5,"{30003,30003,29939,29851,29875,29331,28867,29163,28499,26147,27355,25315,26467,24027,26171,23819,24627,23707,24339,23563,23443,20995,22875,20675,22227,19427,21883,17299,21515,16235,21179,16099,21019,15803,20507,15379,20003,14787,18435,14619,17867,14539,16939,14355,16379,14211,14067,13683,11763,13219,9579,12595,7891,11251,4915,8331,3003,8171,2355,7883,2115,7731,1755,7467,1203,7467,1091,7259,41,7069,0}"
12879,Rl4ffRpA,white,Drac25,A2Netminder,loss,resign,926,916,10,standard,blitz,blitz,300,0,5+0,lichess.org,19.0,2.93,43.0,,09/08/25 00:52,2025-08-09 04:02:39.179+00,580.34,B10,Caro-Kann Defense: Hillbilly Attack,Caro-Kann Defense,3,-6,1288,7.0,1.0,4.0,1.0,57.0,9,3337,6.67,0.0,4.0,2.0,85.0,82,41,e4 c6 Bc4 d5 exd5 cxd5 Bb5+ Bd7 Nc3 Bxb5 Nxb5 e6 d4 Nf6 Bf4 Nc6 Nc7+ Kd7 Nxa8 Qxa8 Nf3 Bb4+ c3 Ba5 Ne5+ Nxe5 Bxe5 Ne4 O-O Rg8 Qg4 g6 Qf4 Qd8 Qxf7+ Kc8 Qxh7 Ng5 Qh6 Nf7 Qf4 Nxe5 Qxe5 Bc7 Qxe6+ Kb8 b4 Re8 Qxg6 Qd6 g3 Qxg6 Rae1 Rxe1 Rxe1 Qg8 a4 b6 b5 Bd8 Kg2 Bg5 Re5 Bd2 h4 Bxc3 h5 Bxd4 Rf5 Qh7 Rf8+ Kc7 g4 Kd6 g5 Qxh5 Rf6+ Ke5 Rh6 Qxg5+ Kh3 Qxh6+,"{30003,30003,29291,29851,28243,29747,28067,28979,27619,28371,27427,27603,27243,26867,27115,26355,26939,24987,26675,24835,26243,23843,26035,23467,25787,23275,25643,22683,24699,22331,21235,21691,20291,21371,19843,20227,19115,15227,15091,14531,13891,14067,13539,13307,13315,12715,11419,11235,11115,10667,10379,10291,9835,9747,9715,9171,9307,8859,8603,8571,7531,7347,7195,6851,4531,6643,4451,6339,4139,4859,3875,4763,3235,4307,3003,3931,2539,3715,2091,3427,1947,3337,1288}"
12880,RhbAIdQG,black,Drac25,juansebaatian,win,mate,921,833,88,standard,blitz,blitz,300,0,5+0,lichess.org,31.0,2.55,,,09/08/25 00:43,2025-08-09 03:52:46.206+00,575.982,C25,Vienna Game: Max Lange Defense,Vienna Game,4,5,3110,8.96,,,,,-4,1474,9.51,,,,,62,31,e4 e5 Nc3 Nc6 Bb5 Nd4 Bc4 Bc5 Qh5 g6 Qxe5+ Ne6 Bxe6 Nf6 Qxc5 dxe6 e5 Nd7 Qb4 Nxe5 Ne4 Nc6 Qc3 O-O Nf6+ Kh8 Ng4+ f6 d3 e5 Bh6 Rf7 O-O-O Bxg4 Qc4 Be6 Qc5 Bxa2 d4 Nxd4 Nh3 Rd7 Be3 b6 Qc6 Nxc6 Bd2 Nd4 Be3 c5 Bxd4 cxd4 c3 Qc7 Rd2 dxc3 bxc3 Qxc3+ Rc2 Qa3+ Rb2 Rc8#,"{30003,30003,29819,29707,29443,29051,27699,27907,26835,26795,26115,24555,25323,19883,24083,19387,23275,18899,21475,18259,18843,17659,18027,16979,17715,16499,16571,15987,15547,15427,14547,14115,13651,13875,11731,11675,8539,11051,8043,10363,7267,7795,6947,7147,5595,6715,4499,6227,3771,5907,3515,5755,2851,5483,2547,5171,1979,4691,1699,4107,1474,3110}"
12881,0XGnUqgQ,black,Drac25,Luimor,win,mate,915,940,-25,standard,blitz,blitz,300,0,5+0,lichess.org,17.0,0.33,49.0,,09/08/25 00:34,2025-08-09 03:42:30.565+00,500.03,C50,Italian Game: Anti-Fried Liver Defense,Italian Game,6,6,8194,7.79,,,,,-6,3850,9.34,,,,,58,29,e4 e5 Nf3 Nc6 Bc4 h6 Nc3 Bc5 d3 Nge7 Qe2 Nd4 Nxd4 Bxd4 Nb5 Bc5 Be3 c6 Nc3 d6 Qf3 O-O Qg3 Bxe3 fxe3 Be6 O-O d5 exd5 cxd5 Bb3 d4 exd4 Bxb3 axb3 exd4 Ne4 Ng6 Nd6 Qd7 c4 dxc3 bxc3 Rad8 Nxb7 Qxb7 b4 Rxd3 Qxd3 Qb6+ Kh1 Qc6 b5 Qb7 Qe3 Nh4 Rxa7 Qxg2#,"{30003,30003,29851,29827,29779,29539,29451,28867,29147,28755,28131,28595,27923,28035,27227,26931,26715,25267,25579,24595,23907,23811,22803,23251,21691,22747,19739,21939,19259,21795,18275,18859,16803,18483,16547,18179,15819,14971,13859,12299,12019,12027,11835,11667,9091,11299,7523,10387,7155,10251,6483,8987,5515,8627,4251,8411,3850,8194}"
12882,DzRF3SbJ,white,Drac25,abedalkareem0,loss,timeout,922,896,26,standard,blitz,blitz,180,2,3+2,lichess.org,19.0,-2.39,30.0,,08/08/25 22:13,2025-08-09 01:18:10.756+00,251.83,C20,King's Pawn Game: Wayward Queen Attack,King's Pawn Game,3,-7,994,7.4,,,,,7,12205,2.64,,,,,46,23,e4 e5 Qh5 Qf6 Bc4 Bc5 Qf3 Qxf3 Nxf3 Nf6 d3 d6 Ng5 O-O Nc3 h6 Bxf7+ Rxf7 Nxf7 Kxf7 Nd5 Nxd5 exd5 c6 c4 Bf5 O-O Bxd3 Be3 Bxe3 fxe3+ Bxf1 Kxf1 Kg8 e4 cxd5 cxd5 Nd7 Kg1 Nf6 Rf1 Nxe4 Rc1 Nf6 Rc7 b6,"{18003,18003,18115,18067,17995,17851,17451,17875,17379,17163,17075,16979,16963,16907,15299,16163,13755,16235,13843,16435,13851,16331,13891,16459,13531,15379,10123,15275,9755,15131,9819,15171,9667,15171,9707,15131,9635,15243,9483,15363,9579,15451,9187,12355,8979,12205,994}"
12883,u7TNOilP,black,Drac25,Savithry,loss,outoftime,926,983,-57,standard,blitz,blitz,300,0,5+0,lichess.org,27.0,0.38,51.0,,05/08/25 03:28,2025-08-05 06:37:51.127+00,558.444,A45,Queen's Pawn Game: Chigorin Variation,Queen's Pawn Game,4,-4,0,7.5,,,,,5,7197,5.7,,,,,81,41,d4 d5 Nc3 Nf6 Nf3 Bf5 h3 Be4 Nxe4 dxe4 Ng5 h6 Nxe4 Nxe4 e3 e6 Qf3 Ng5 Qxb7 Nd7 Bb5 c6 Bxc6 Be7 Qb3 O-O Bxa8 Qxa8 O-O Qe4 Bd2 Bf6 f3 Qc6 d5 exd5 Rab1 Nxh3+ gxh3 Bh4 e4 Qg6+ Kh2 Qg3+ Kh1 Qxh3+ Kg1 Bg3 Rf2 Bxf2+ Kxf2 Qh2+ Ke3 dxe4 Kxe4 Nf6+ Kd3 Rd8+ Kc3 Qe5+ Kc4 Rc8+ Kd3 Rd8+ Kc4 Qd5+ Kb4 Qb7+ Ka4 Qa6+ Ba5 Rb8 Qxb8+ Kh7 Qf8 Qc6+ Ka3 Qxc2 Rg1 Qd3+ Bc3,"{30003,30003,29843,29907,29699,29635,29267,29291,28923,29171,28723,28547,28275,28419,28035,27027,27459,25715,27003,24915,26203,23403,25627,22451,24395,21379,24115,20859,23811,18707,23067,16955,22083,15755,21579,15459,21147,13899,20683,12715,20123,12283,19267,12003,19115,11795,18779,9427,17571,8491,17363,6875,16883,6379,15587,5739,15083,4195,14291,3723,13819,3299,13187,1907,11811,1291,11291,940,10571,796,9995,641,9659,585,8603,350,7947,197,7491,45,7197,0}"
12884,IUCiHuEk,white,Drac25,grahamawilson,win,mate,920,927,-7,standard,blitz,blitz,300,0,5+0,lichess.org,18.0,4.46,,,05/08/25 03:22,2025-08-05 06:28:18.783+00,338.511,C20,King's Pawn Game: Wayward Queen Attack,King's Pawn Game,3,6,12221,9.88,,,,,-6,15307,8.64,,,,,37,19,e4 e5 Qh5 Nh6 Qxe5+ Be7 Qxg7 Bf6 Qxh6 Nc6 Bc4 d6 Qh5 Ne5 Be2 Be6 Nf3 Qe7 Nc3 O-O-O Nb5 d5 Nxe5 Bxe5 Qxe5 f6 Qd4 c5 Qa4 a6 Nc3 Bd7 Qa5 d4 Nd5 Qxe4 Qc7#,"{30003,30003,29931,29427,29803,29123,29635,27731,28763,27299,27587,26891,27091,26475,25635,25691,25323,25411,22971,25203,22379,24715,21355,21731,21155,20443,18891,20091,17923,19131,14235,18675,13595,15779,12451,15307,12221}"
12885,tFWxjMXF,black,Drac25,samandar001,win,mate,915,882,33,standard,blitz,blitz,300,0,5+0,lichess.org,16.0,-5.14,60.0,,05/08/25 03:13,2025-08-05 06:21:56.838+00,509.778,A00,Hungarian Opening,Hungarian Opening,1,5,6543,7.11,,,,,-6,4938,7.6,,,,,68,34,g3 d5 Bg2 e5 e3 e4 f3 Nf6 Nc3 Bb4 Na4 b5 Nc5 Bxc5 d4 Bb4+ c3 Ba5 b4 Bb6 a4 a5 axb5 O-O Bf1 exf3 Nxf3 Bg4 Be2 Ne4 Qc2 Nd7 h3 Bh5 g4 Bg6 Ne5 Ng3 Rg1 Bxc2 Rxg3 Nxe5 dxe5 axb4 Rxa8 Qxa8 Kd2 Be4 cxb4 Qa2+ Ke1 Qb1 Kd2 Qxb4+ Kd1 Qb3+ Kd2 Qc2+ Ke1 Qxc1+ Bd1 Bc2 Rg2 Qxd1+ Kf2 Qd2+ Kf3 Qxe3#,"{30003,30003,29891,29947,29427,29675,29067,28979,28915,28259,28051,27043,27571,26803,27483,24803,27099,24707,26211,24579,25427,24019,25203,22899,22891,21539,22491,21203,22219,20651,20307,19435,20147,18731,19595,18443,17083,16627,15427,16395,14491,16211,14291,16051,14051,15867,13043,14971,12323,13675,11683,11587,8923,10267,8115,9379,7507,9171,6755,9011,6651,8219,5419,7883,5211,6635,4938,6543}"
12886,H4havtJR,white,Drac25,suldeehoho,loss,resign,919,1021,-102,standard,blitz,blitz,300,0,5+0,lichess.org,24.0,-0.87,45.0,,05/08/25 03:05,2025-08-05 06:13:05.06+00,476.075,C20,King's Pawn Game: Wayward Queen Attack,King's Pawn Game,3,-4,3598,8.25,,,,,6,10354,6.34,,,,,64,32,e4 e5 Qh5 Nc6 Bc4 g6 Qf3 Nf6 c3 Bg7 Nh3 O-O d3 d5 exd5 Ne7 O-O Nexd5 Bxd5 Nxd5 Bg5 Bf6 Bxf6 Nxf6 Ng5 Bg4 Qg3 Bf5 Nd2 Bxd3 Rfd1 h6 Ngf3 Nh5 Qxe5 Re8 Qc5 Be2 Ne4 Bxd1 Nf6+ Nxf6 Qd4 Qxd4 cxd4 Bxf3 gxf3 Re7 Kg2 h5 Rc1 c6 Rc4 g5 Kf1 g4 fxg4 Ne4 d5 Nd2+ Kg2 Nxc4 gxh5 f6,"{30003,30003,29907,29747,29827,29515,29699,29275,28923,28883,27947,28227,27155,28083,26899,25995,26107,25851,24867,25723,24811,25131,24667,25035,23987,23995,23627,22835,22667,22435,21451,20723,20115,18819,19515,17195,17011,16459,15619,15227,11227,14979,10155,13907,9923,13811,9691,13411,9371,12587,9179,12435,7931,11763,6507,11275,5387,10667,4915,10523,4347,10523,4283,10354,3598}"
12887,2LRXkqJH,black,Drac25,daniilprotopopov,loss,resign,924,969,-45,standard,blitz,blitz,300,0,5+0,lichess.org,14.0,0.77,23.0,,05/08/25 02:58,2025-08-05 06:04:31.237+00,347.466,C44,Scotch Game: Lolli Variation,Scotch Game,6,-5,7978,5.95,,,,,5,18613,3.08,,,,,75,38,e4 e5 Nf3 Nc6 d4 Nxd4 Nxd4 Bc5 Be3 exd4 Bxd4 d6 Bxc5 dxc5 Qxd8+ Kxd8 Nc3 Nf6 O-O-O+ Ke7 Nd5+ Nxd5 exd5 Bg4 Re1+ Kd6 f3 Bf5 Bc4 c6 g4 Bg6 h4 h6 h5 Bh7 Rd1 Kc7 d6+ Kb6 Bxf7 Rhf8 Be6 Rxf3 d7 Kc7 Rd2 Re3 Rhd1 Rxe6 d8=Q+ Rxd8 Rxd8 Re4 R8d7+ Kb6 Rxg7 Ra4 Rxh7 Rxa2 Kd2 Rxb2 Rxh6 c4 g5 Kb5 g6 c5 g7 c3+ Kxc3 Rb4 g8=Q Rc4+ Qxc4+,"{30003,30003,29923,29835,29771,28323,29411,28243,27779,27387,27587,26707,27419,26539,27363,26419,27179,25979,26955,25083,26747,24947,26659,23963,26419,23443,26211,22875,26019,22411,25755,22043,24907,21419,24811,21251,24587,19091,23715,18915,23123,17923,22795,17475,22635,16163,21403,15139,21179,14251,21027,14083,20955,13171,20587,12923,20451,11091,20299,11019,20179,10811,20019,10475,19699,9803,19611,9715,19499,9675,19331,8667,18691,8539,18613,7978}"
12888,uyQBJIyw,white,Drac25,leobloom33,loss,mate,930,958,-28,standard,blitz,blitz,300,0,5+0,lichess.org,20.0,0.52,,,05/08/25 02:56,2025-08-05 05:58:33.373+00,138.469,B00,Owen Defense,Owen Defense,2,-6,24257,5.22,,,,,5,23272,6.12,,,,,24,12,e4 b6 d4 Bb7 Nc3 e6 d5 Bb4 Ne2 Nf6 a3 Bxc3+ Nxc3 O-O dxe6 fxe6 e5 Ne4 Nxe4 Bxe4 Bd3 Qh4 Bxe4 Qxf2#,"{30003,30003,29795,29923,29243,28475,28963,28267,28019,27787,27595,27603,27491,26339,27331,25747,27003,25307,26667,25171,26619,23627,24257,23272}"
12889,P1E3cUis,black,Drac25,leobloom33,loss,outoftime,935,952,-17,standard,blitz,blitz,300,0,5+0,lichess.org,18.0,0.88,49.0,,05/08/25 02:47,2025-08-05 05:56:02.825+00,524.42,D00,Queen's Pawn Game,Queen's Pawn Game,3,-5,0,7.69,,,,,6,9848,5.17,,,,,79,40,d4 d5 e3 Bf5 Bd3 e6 f4 Nc6 Nf3 Nf6 O-O Bd6 Ne5 Bxe5 fxe5 Ne4 Nd2 Qg5 Nxe4 dxe4 Bb5 Bh3 Rf2 O-O Bxc6 bxc6 Bd2 Bg4 Qf1 f5 g3 Qh5 h4 Bf3 Bb4 Rf7 Rh2 Qg4 Be1 Be2 Qg2 Bf3 Qf2 Raf8 h5 h6 Rh4 Qxh4 gxh4 f4 Bb4 Re8 exf4 Rf5 d5 Rxf4 Qg3 Rg4 Qxg4 Bxg4 Kg2 exd5 Kg3 Be6 b3 e3 Re1 d4 c3 a5 Bc5 Bd5 Bxd4 Re6 Rxe3 c5 Bxc5 c6 c4,"{30003,30003,29923,29547,29771,29043,29635,28619,29531,27475,29291,26611,29155,26435,29035,26355,28675,23243,27731,22571,25987,21331,25131,20531,24835,20299,24203,18419,23739,16843,23579,13987,22499,13491,20987,12827,20723,11971,19403,10371,18555,9299,17659,8547,17491,8291,17355,5075,17131,4875,15995,4259,15651,3907,14363,3571,13731,3291,12571,3115,12451,2971,12339,2755,11987,2555,11547,2403,11235,1891,10827,1419,10595,1299,10323,1051,10035,200,9848,0}"
12890,fbqCVEPi,white,Drac25,johnahart1,loss,outoftime,940,962,-22,standard,blitz,blitz,300,0,5+0,lichess.org,15.0,2.03,65.0,,05/08/25 02:37,2025-08-05 05:47:02.29+00,593.782,C20,King's Pawn Game: Wayward Queen Attack,King's Pawn Game,3,-5,0,6.0,,,,,5,3430,5.42,,,,,100,50,e4 e5 Qh5 Qf6 Nf3 g6 Qxe5+ Be7 Qxf6 Bxf6 d4 Ne7 Bg5 Bxg5 Nxg5 Nec6 d5 Nd4 Bd3 Nxc2+ Bxc2 c6 Nc3 cxd5 Nxd5 Nc6 Nc7+ Ke7 Nxa8 Nd4 O-O-O Ne2+ Kb1 d6 Rhe1 Nf4 Nc7 Nxg2 Nd5+ Kf8 Rg1 Nh4 Bb3 h6 Nh3 Bxh3 Nf4 Bd7 Rxd6 Ke7 Rdd1 Nf3 Rg3 Ne5 Nd5+ Kd6 f4 Nc6 Nb4+ Kc7 Nd5+ Kc8 Nf6 Be6 Bxe6+ fxe6 Rxg6 h5 e5 a5 Rg7 b5 Rdd7 Rd8 Rc7+ Kb8 Rxc6 Rd1+ Kc2 Rd8 Rxe6 Rc8+ Kd3 a4 Rb6+ Ka8 Rxb5 Rd8+ Kc4 Rc8+ Kb4 a3 bxa3 h4 Nd7 Ka7 Nc5+ Ka8 Ka5 Rb8,"{30003,30003,29915,29723,29219,29443,29043,29171,28467,29003,27571,28827,26795,27939,26635,26915,25323,26779,24891,26603,24723,26459,24195,26307,24067,26203,23875,25915,23787,25859,22907,25395,22483,24891,21259,24083,20955,23307,20283,22395,19603,21779,17747,21043,14243,19907,13531,18187,13315,17387,12059,17043,11699,16283,11387,15355,9307,14323,9043,13651,8499,13043,7787,12051,7267,11899,6763,11115,5651,10571,4899,10331,3939,9515,3715,8891,3603,8731,3459,7707,3275,7243,3051,7019,2827,6907,1891,6531,1691,6323,1619,6083,1435,5779,950,4987,361,4147,278,3430,0}"
12891,9MKxg7Vc,black,Drac25,tisipisi,win,resign,934,1020,-86,standard,blitz,blitz,300,0,5+0,lichess.org,,,,,05/08/25 02:35,2025-08-05 05:36:38.797+00,55.996,C25,Vienna Game: Max Lange Defense,Vienna Game,4,6,27279,4.54,,,,,-47,27168,4.05,,,,,14,7,e4 e5 Nc3 Nc6 Bb5 Bc5 Nf3 d6 Qe2 Bd7 d3 Nd4 Qe3 Nxc2+,"{30003,30003,29843,29867,29603,28851,28651,28027,28331,27667,28059,27435,27731,27279,27168}"
12892,K8J1e4qM,black,Drac25,Gabingabs,win,resign,929,881,48,standard,blitz,blitz,300,0,5+0,lichess.org,24.0,-2.05,52.0,,05/08/25 02:26,2025-08-05 05:35:27.524+00,508.694,A40,Englund Gambit Declined: Reversed French,Englund Gambit Declined,3,5,2373,6.01,,,,,-5,9914,4.27,,,,,94,47,e3 e5 d4 exd4 Qxd4 Nc6 Qe4+ Nge7 Bb5 d5 Qd4 a6 Bxc6+ Nxc6 Qa4 Bd7 Qf4 Nb4 Kd2 Bd6 Qd4 c6 e4 Qa5 c3 c5 Qxg7 Bf4+ Ke2 O-O-O Bxf4 Qb5+ Kf3 dxe4+ Kxe4 Bc6+ Kf5 Nc2 Qxf7 Rhf8 Qxf8 Rxf8+ Ke6 Nxa1 Ke7 Re8+ Kf7 Bxg2 Nd2 Bxh1 Ndf3 Bxf3 Nxf3 Qd7+ Kf6 Re6+ Kf5 Qd5+ Be5 Qxf3+ Kxe6 Qxf2 b4 Qxa2+ Kd6 cxb4 cxb4 Qd2+ Ke6 Qxb4 Bd6 Qb6 Ke7 Qe3+ Kf6 Qf2+ Kg7 Kd7 Kxh7 Kxd6 Kg6 Qxh2 Kf6 b5 Kf5 b4 Ke4 b3 Kd3 b2 Kc4 b1=R Kd4 Qd2+,"{30003,30003,30003,29419,29875,29339,29787,28931,29667,28475,28179,27291,28107,27075,27011,26347,25987,24795,22771,22971,21731,22019,21243,20219,20587,18131,20067,16739,19299,13515,18691,11843,17915,11555,17763,10907,17355,10555,15835,10211,15595,10075,15483,9915,15123,9651,15051,9475,14227,9203,14083,8427,13827,7459,13667,7211,13523,6427,12883,6003,12707,5859,12435,5699,12035,5595,11931,5267,11739,5195,11475,5019,11171,4435,10899,3843,10699,3699,10355,3539,10251,3395,10211,3219,10211,3139,10211,3083,10211,2931,10099,2771,9987,2373,9914}"
12893,sCi7FuK2,white,Drac25,alidzhu,loss,outoftime,936,836,100,standard,blitz,blitz,300,0,5+0,lichess.org,31.0,4.66,56.0,,05/08/25 02:15,2025-08-05 05:26:12.706+00,622.226,A43,Benoni Defense: Old Benoni,Benoni Defense,2,-7,0,7.32,4.0,0.0,1.0,91.0,25,605,7.35,7.0,4.0,1.0,84.0,82,41,d4 c5 Nf3 Qa5+ Bd2 Qb5 b3 Nc6 e3 Qb6 Nc3 Nb4 Bc4 Nf6 Ne5 d6 Bxf7+ Kd8 Nc4 Qc6 O-O d5 Ne5 Qd6 Nb5 Qb8 dxc5 Qxe5 Bxb4 Ng4 g3 h5 Qxd5+ Qxd5 Bxd5 e6 Bf3 Ne5 Be2 Bd7 Nd4 a5 Ba3 a4 Bb4 a3 Rad1 h4 Nxe6+ Ke7 Nxf8 Rhxf8 c6+ Ke6 Bxf8 Rxf8 cxd7 Nxd7 Bg4+ Rf5 Bxf5+ Kxf5 Rxd7 b5 Rb7 hxg3 Rxb5+ Ke4 Rg5 gxf2+ Kxf2 g6 Rxg6 Kd5 Rfg1 Kc5 R1g5+ Kb4 Rg4+ Kc3 Rg3 Kb2,"{30003,30003,29067,29763,28459,29499,26939,28523,26547,27547,25683,27139,23883,25483,22227,24795,21987,24123,20411,23491,19083,22123,18651,21491,17995,20419,17059,17995,15867,17467,13571,17075,11027,14043,10755,13411,10067,12411,8899,12011,6875,9867,6355,9515,4227,8075,3635,5795,3123,5363,2523,4971,2339,4091,1843,3859,1707,3635,1499,2995,1395,2771,1323,2483,1211,2187,1123,1931,1003,1667,691,1451,603,1275,508,1003,443,777,325,605,126,605,0}"
12894,eRcs1m7t,black,Drac25,dhatreya,loss,mate,942,917,25,standard,blitz,blitz,300,0,5+0,lichess.org,20.0,-1.55,,,05/08/25 01:44,2025-08-05 04:54:23.796+00,565.644,C46,Three Knights Opening,Three Knights Opening,5,-6,1991,12.18,,,,,22,3605,11.0,,,,,49,25,e4 e5 Nf3 Nc6 Nc3 Bc5 a3 Nf6 Bc4 Bd4 Nxd4 exd4 Ne2 Nxe4 Bd3 d5 O-O Bg4 Bxe4 dxe4 Qe1 O-O Ng3 Re8 h3 Bd7 d3 exd3 Qd2 dxc2 Qxc2 Be6 Qc5 Qf6 Bd2 Rad8 Qb5 Bd5 Qxb7 Qg6 Qxc7 Re2 Bf4 Rxb2 f3 d3 Rad1 Nd4 Qxd8#,"{30003,30003,29843,29899,29707,29499,29555,28955,29387,28667,29115,27963,28995,27731,28635,26867,28475,24795,28099,24619,27475,24211,26787,21315,25971,20059,25307,19915,24651,18691,24475,17051,20571,14635,17947,12531,16459,11363,15227,8323,13835,7451,9251,5011,4811,3659,4091,1991,3605}"
12895,DumFA4IC,white,Drac25,wolftyson,win,outoftime,937,869,68,standard,blitz,blitz,300,0,5+0,lichess.org,22.0,-0.43,30.0,,05/08/25 01:34,2025-08-05 04:44:40.289+00,619.147,B10,Caro-Kann Defense: Hillbilly Attack,Caro-Kann Defense,3,5,1179,6.0,,,,,-16,0,6.25,,,,,97,49,e4 c6 Bc4 d5 exd5 cxd5 Bb5+ Bd7 Nc3 Bxb5 Nxb5 Qa5 Nd4 e5 Nf5 g6 Ne3 Bc5 Nxd5 Bxf2+ Kxf2 Qxd5 Qf3 Qxf3+ Nxf3 Nf6 Nxe5 Nc6 Nxc6 bxc6 Re1+ Kf8 d3 Kg7 Bg5 Ng4+ Kg3 h6 Bf4 f5 h3 Nf6 Re7+ Kf8 Rae1 Re8 Rxe8+ Nxe8 Be5 Rh7 Bc3 h5 Bb4+ Kf7 Re7+ Kf8 Rxh7+ Kg8 Re7 Nf6 Rxa7 g5 Ra6 f4+ Kf3 g4+ hxg4 hxg4+ Kxf4 Kg7 Rxc6 Kg6 a4 Kh5 a5 Nd5+ Ke5 Nxb4 Rc4 Nxd3+ Kd4 Nf4 a6 Ne6+ Ke5 Nd8 a7 Nf7+ Kf6 Nd8 a8=Q Kh4 Rc3 g3 Qf3 Nb7 Qxg3+,"{30003,30003,29427,29563,28995,29467,28811,28643,25123,27683,24923,27323,23851,27075,22427,24779,21659,24227,20379,23467,19435,23331,17011,22003,16859,21947,16707,21803,15651,21659,15379,20515,14787,20051,14427,19851,13971,16347,12107,13227,11035,12523,10523,11435,10195,11019,9147,10867,9043,10475,7811,10211,7075,9555,6891,8923,6683,8715,6499,8227,6243,7843,5883,7683,5555,6731,5411,6619,5291,6419,5083,6291,4579,5963,4403,5803,3507,5307,3043,4883,2819,4395,2659,4163,2507,3475,2371,3083,2187,1667,1819,1027,1603,741,1323,18,1179,0}"
12896,8KzFxfsu,black,Drac25,sultan333,loss,resign,942,1012,-70,standard,blitz,blitz,300,0,5+0,lichess.org,12.0,0.63,,,05/08/25 01:30,2025-08-05 04:33:48.652+00,192.164,C44,Scotch Game: Lolli Variation,Scotch Game,6,-5,14924,11.6,,,,,5,24784,4.01,,,,,27,14,e4 e5 Nf3 Nc6 d4 Nxd4 Nxd4 Bc5 Be3 Bxd4 Bxd4 exd4 Qxd4 d6 Qxg7 Be6 Qxh8 Qf6 Qxg8+ Ke7 Qxa8 Qxb2 Qxa7 Qc1+ Ke2 Qxc2+ Ke3,"{30003,30003,29923,29587,29803,28243,29803,27859,29179,26907,28971,26427,28971,25363,28739,22819,28027,21779,27643,21443,27507,21299,25835,18875,25291,17419,24784,14924}"
13170,tbl0aERr,white,Drac25,carlossupreme99,win,mate,986,1078,-92,standard,blitz,blitz,300,0,5+0,lichess.org,23.0,5.44,,,14/07/25 21:45,2025-07-15 00:50:06.776+00,274.02,C20,"King's Pawn Game: Wayward Queen Attack, Kiddie Countergambit",King's Pawn Game,4,7,14246,8.75,,,,,-7,20053,5.85,,,,,37,19,e4 e5 Qh5 Nf6 Qxe5+ Be7 Qg3 d5 Qxg7 Rf8 e5 Ne4 d3 Nc5 d4 Ne4 f3 Bb4+ c3 Bxc3+ Nxc3 Nxc3 bxc3 Qh4+ g3 Qe7 Bg5 Qa3 Qf6 Qxc3+ Kf2 Qb4 Bb5+ c6 Rb1 Nd7 Qd8#,"{30003,30003,29931,29787,29755,29699,29555,29459,29355,29003,29219,28699,27859,27763,26803,27507,25675,27235,25219,27059,25035,26675,24043,26187,22987,25507,20771,24931,19731,24091,18595,21531,16891,21371,15403,20053,14246}"
12897,kSHmPRau,white,Drac25,yigidtr32,loss,outoftime,946,1029,-83,standard,blitz,blitz,300,0,5+0,lichess.org,16.0,0.18,50.0,,05/08/25 01:21,2025-08-05 04:30:22.159+00,552.775,C20,King's Pawn Game: Wayward Queen Attack,King's Pawn Game,3,-4,0,8.33,,,,,6,6194,6.8,,,,,72,36,e4 e5 Qh5 Nc6 Bc4 Qf6 d3 h6 c3 Bc5 Qf3 Qxf3 Nxf3 Nf6 b4 Bb6 Na3 Ng4 O-O O-O h3 Nf6 Be3 Bxe3 fxe3 d6 d4 exd4 exd4 Be6 d5 Ne5 dxe6 Nxf3+ gxf3 fxe6 Bxe6+ Kh8 Nb5 c6 Nxd6 Rad8 Nxb7 Rd3 c4 Re8 Nc5 Rd2 Bd7 Nxd7 Nxd7 Rd4 Ne5 Rxe5 Rad1 Rxc4 Rd8+ Kh7 Rc8 Rb5 a3 a5 bxa5 Rxa5 Ra1 Rc3 Kg2 Rg5+ Kf2 h5 a4 h4,"{30003,30003,29795,29875,29579,29267,27267,29075,25491,28907,24267,28691,24115,26187,22459,25307,21459,24467,19211,21915,16643,21331,15379,19107,15163,18811,13835,18651,12563,16459,12059,14763,11555,14035,11139,13875,10275,13747,9843,13107,9483,12779,8451,12411,6483,11179,6091,10795,5259,10379,5051,10187,4155,9747,3811,9459,3643,9379,3131,8195,2627,7779,1899,7779,1563,7635,1147,6763,890,6299,641,6194,0}"
12898,SShGThgZ,white,Drac25,PaulShrew,win,mate,940,970,-30,standard,blitz,blitz,300,0,5+0,lichess.org,34.0,6.92,,,05/08/25 00:50,2025-08-05 03:58:36.963+00,504.816,B00,Owen Defense,Owen Defense,2,6,1245,9.28,,,,,-6,10237,6.59,,,,,63,32,e4 b6 Bc4 Bb7 Qh5 g6 Qf3 f6 d4 f5 d5 d6 exf5 g5 Qh5+ Kd7 Qxg5 Nf6 Qe3 Na6 Qe6+ Ke8 Bb5+ c6 dxc6 Bc8 c7+ Qd7 Bxd7+ Bxd7 Qc4 Rc8 Qxa6 Rxc7 Bg5 Bc8 Qb5+ Bd7 Qb4 Rxc2 Na3 Rc8 Nf3 h6 Bxf6 exf6 O-O Bxf5 Rae1+ Kf7 Nd4 Bg6 Nab5 Rd8 Rc1 d5 Rc7+ Kg8 Qc3 Bg7 Ne6 d4 Rxg7#,"{30003,30003,29715,29851,29003,29683,28811,29051,28139,28891,27411,28531,27019,27235,26739,26931,25715,26667,22843,25587,22627,24963,21571,24163,20499,23939,20259,23539,19491,23363,15043,22627,14355,22395,14155,22059,13603,21819,11267,21355,10003,18947,9259,18787,9003,18627,8667,18379,6131,17955,5555,16635,3139,15411,2955,14907,2771,14667,1891,13259,1771,10237,1245}"
12899,Lo6gMBlR,white,Drac25,Mavindumaneth,win,mate,935,894,41,standard,blitz,blitz,300,0,5+0,lichess.org,,,,,05/08/25 00:49,2025-08-05 03:49:39.981+00,39.736,B01,Scandinavian Defense,Scandinavian Defense,2,5,27798,4.41,,,,,-9,28832,2.93,,,,,11,6,e4 d5 Qh5 dxe4 Bc4 Nf6 Bxf7+ Kd7 Qh3+ e6 Qxe6#,"{30003,30003,29931,29715,29843,29427,28907,29211,28307,28832,27798}"
12900,coBoKRtS,black,Drac25,ARES435,win,resign,929,944,-15,standard,blitz,blitz,300,0,5+0,lichess.org,15.0,0.39,,,05/08/25 00:35,2025-08-05 03:41:36.49+00,377.819,C25,Vienna Game: Max Lange Defense,Vienna Game,4,6,13824,10.11,,,,,-7,9132,12.28,,,,,34,17,e4 e5 Nc3 Nc6 Bb5 Bb4 d3 Nge7 Ne2 a6 Bxc6 Nxc6 O-O Bxc3 Nxc3 Nd4 Nd5 c6 Be3 Qa5 Nc3 d6 Qh5 Nxc2 Rac1 Nd4 f4 O-O fxe5 Qxe5 Qxe5 dxe5 Ne2 Nxe2+,"{30003,30003,29531,29779,29107,29579,28795,28651,28283,27715,28035,27547,27499,26931,27387,26827,24819,26259,23251,22691,17411,20931,15635,18995,14083,16723,12251,15331,11963,14459,11147,14283,9859,13824,9132}"
12901,H9TfqInH,black,Drac25,jeeeymz,loss,resign,934,996,-62,standard,blitz,blitz,300,0,5+0,lichess.org,26.0,4.55,37.0,,05/08/25 00:28,2025-08-05 03:35:10.035+00,403.357,C20,King's Pawn Game: Napoleon Attack,King's Pawn Game,3,-5,8686,6.09,,,,,5,12565,4.98,,,,,71,36,e4 e5 Qf3 Qf6 Nc3 Bb4 Nb5 Na6 a3 Ba5 Nh3 Qxf3 gxf3 d6 b4 Bb6 a4 Nxb4 Kd1 Bd7 a5 Bxa5 Rxa5 b6 Ra4 Bxb5 Bxb5+ c6 Rxb4 cxb5 Rxb5 Ne7 Ba3 d5 exd5 Nxd5 Rxd5 Rd8 Rxe5+ Kd7 Rd5+ Kc6 Rf5 Rd7 Nf4 Rhd8 d3 g6 Re5 f6 Re4 Kb5 Ne6 Rc8 Nd4+ Ka4 Bb2 Ka5 Bc3+ Ka6 Kd2 Rdc7 Ra1+ Kb7 Nb5 Rc5 Nd6+ Kc7 Nxc8 Kxc8 Rxa7,"{30003,30003,29931,29459,29403,29227,29059,28587,28435,27843,28259,27499,28083,26323,27859,26123,27523,25715,26955,25171,26611,21995,26131,21531,25691,20659,25491,20019,24371,19827,24259,19491,23787,19035,23259,18811,23083,18355,22763,17827,22435,17435,21571,16755,21251,16323,20619,15851,18107,15139,17915,14195,17451,12979,16787,12699,15883,11075,15667,10787,14355,10435,13835,10227,13707,9491,13315,8827,13155,8739,12565,8686}"
12902,sxMJFOFN,white,Drac25,jeeeymz,loss,outoftime,938,991,-53,standard,blitz,blitz,300,0,5+0,lichess.org,24.0,-0.26,68.0,,05/08/25 00:19,2025-08-05 03:28:10.585+00,516.383,C20,King's Pawn Game: Wayward Queen Attack,King's Pawn Game,3,-4,0,7.69,,,,,5,10275,5.19,,,,,78,39,e4 e5 Qh5 Nh6 Qxe5+ Qe7 Qxc7 Qxe4+ Ne2 Na6 d3 Qf5 Qf4 Bc5 Qxf5 Nxf5 Nbc3 Nb4 Kd2 Bxf2 Nb5 Kd8 Kc3 Nd5+ Kb3 Nd4+ Nbxd4 Bxd4 c3 Be5 d4 Bf6 Nf4 Nb6 Bb5 g5 Nh5 Be7 g3 d6 h4 Be6+ c4 Nxc4 Bxc4 Bxc4+ Kxc4 Rc8+ Kd5 b5 hxg5 Rg8 Bf4 Bxg5 Bxd6 Ke8 Rhe1+ Kd8 Re5 f6 Re7 f5 Rxh7 f4 Re1 fxg3 Ree7 Bxe7 Bxe7+ Ke8 Ke6 Rc6+ Kd5 Rg5+ Kxc6 g2 Bxg5 g1=Q,"{30003,30003,29947,29819,29795,29387,28571,29139,27747,28939,27235,28123,24579,27651,23763,27531,20819,27379,19811,26947,19339,26371,17627,25651,16539,25483,16355,25331,16275,24795,15227,24595,13803,24051,12339,23707,11419,22163,10939,21979,10187,21747,9747,21139,9307,20955,9171,20667,8643,19427,6875,18875,5451,17267,4859,15491,4339,14883,3251,13907,2475,13443,2027,12331,1491,11819,1171,11635,860,11099,710,10771,411,10579,253,10467,90,10275,0}"
12903,uB2bX23n,black,Drac25,jeeeymz,loss,resign,943,986,-43,standard,blitz,blitz,300,0,5+0,lichess.org,15.0,7.24,,,05/08/25 00:18,2025-08-05 03:19:25.515+00,36.171,C20,King's Pawn Game: Napoleon Attack,King's Pawn Game,3,-5,28206,2.57,,,,,5,28556,1.81,,,,,16,8,e4 e5 Qf3 Nf6 Bc4 d5 exd5 Nxd5 Bxd5 Qxd5 Qxd5 Be6 Qxb7 Nc6 Qxa8+ Nd8,"{30003,30003,29875,29499,29499,29243,29355,28883,29235,28715,29107,28603,28971,28459,28835,28206,28556}"
12904,yT04qFIe,white,Drac25,Hulk_Green_Chess,win,resign,937,963,-26,standard,blitz,blitz,300,0,5+0,lichess.org,,,,,05/08/25 00:17,2025-08-05 03:17:50.586+00,15.077,C20,King's Pawn Game: Wayward Queen Attack,King's Pawn Game,3,6,29613,1.3,,,,,-10,29168,2.78,,,,,7,4,e4 e5 Qh5 g6 Qxe5+ Be7 Qxh8,"{30003,30003,29915,29627,29715,29331,29613,29168}"
12905,92XTH50p,black,Drac25,Phynite,loss,mate,944,850,94,standard,blitz,blitz,300,0,5+0,lichess.org,18.0,-0.61,38.0,,05/08/25 00:07,2025-08-05 03:16:42.679+00,540.513,C25,Vienna Game: Max Lange Defense,Vienna Game,4,-7,5673,4.87,,,,,18,3891,5.12,,,,,103,52,e4 e5 Nc3 Nc6 Nd5 Bc5 Nf3 f6 Nc3 d6 Bb5 Ne7 Nd5 a6 Nxe7 Qxe7 Bxc6+ bxc6 c3 Bg4 d4 Bxf3 Qxf3 exd4 cxd4 Bxd4 O-O O-O Rb1 d5 Qg3 Qxe4 Bh6 Rf7 Be3 c5 Bxd4 cxd4 Rbe1 Qg6 Qxg6 hxg6 Rd1 Rb8 b3 c5 Rfe1 Kf8 Re6 a5 Rc6 a4 Rxc5 axb3 axb3 Rxb3 Rxd5 Rfb7 Re1 Rb1 Kf1 R7b4 Rxb1 Rxb1+ Ke2 Rb4 Kd3 Kf7 Rxd4 Rxd4+ Kxd4 Ke6 Ke4 f5+ Kf4 Kf6 h4 Ke6 Kg5 Ke5 f4+ Ke6 Kxg6 Ke7 Kxf5 Kf7 g4 g6+ Kg5 Kg7 f5 gxf5 Kxf5 Kh6 g5+ Kh5 g6 Kxh4 g7 Kh5 g8=Q Kh4 Qg4#,"{30003,30003,29827,29851,29563,28923,29307,28227,28515,27771,28299,27531,27347,27107,26851,26899,26531,26755,25979,26003,25611,25083,25235,24939,24531,24795,23163,24467,21963,23355,20723,22715,20475,20347,16939,17787,16107,17627,15699,16835,15299,16643,14755,16339,14523,16091,14331,15603,14051,15035,13315,13627,11907,13443,11651,13299,10443,12963,10219,12763,8987,11043,8035,10531,7939,9867,7811,9595,7699,9443,7571,9443,6611,9307,6515,9091,6243,8379,6083,8123,5827,7579,5611,7291,5451,7139,5251,7043,5115,6931,4891,6667,4771,6523,4611,6331,4275,5907,4179,5907,3963,5673,3891}"
12906,6ZERQP5e,white,Drac25,Phynite,win,resign,940,861,79,standard,blitz,blitz,300,0,5+0,lichess.org,15.0,-0.84,45.0,,04/08/25 23:59,2025-08-05 03:07:19.395+00,477.244,C20,King's Pawn Game: Wayward Queen Attack,King's Pawn Game,3,4,8546,9.75,,,,,-11,5076,11.33,,,,,45,23,e4 e5 Qh5 d6 Bc4 g6 Qf3 f5 exf5 Bxf5 g4 e4 Qf4 Qh4 d3 exd3 gxf5 Qxf4 Bxf4 dxc2 Na3 d5 Bb3 d4 Nxc2 d3 Na3 Nc6 Nf3 O-O-O Be6+ Kb8 O-O-O Nb4 Rd2 Nxa2+ Kb1 Bxa3 Kxa2 Bd6 Ne5 Bxe5 Bxe5 gxf5 Bxh8,"{30003,30003,29923,27171,29675,26147,29523,25579,28963,25171,28531,22755,27811,21731,24939,20851,24427,20523,24243,19947,22715,18827,22227,15315,21459,15019,21075,14651,19147,14387,17931,13595,15419,11363,12131,11099,11699,10579,10107,8731,8875,7315,8723,5819,8546,5076}"
12907,zkm25haP,black,Drac25,sudiwrdG,loss,timeout,945,957,-12,standard,blitz,blitz,300,0,5+0,lichess.org,22.0,0.35,,,04/08/25 01:50,2025-08-04 04:55:00.082+00,244.39,C60,Ruy Lopez,Ruy Lopez,5,-5,12157,11.15,,,,,34,21251,5.47,,,,,33,17,e4 e5 Nf3 Nc6 Bb5 h6 Bxc6 bxc6 Nxe5 Bb7 Qf3 Nf6 O-O Bd6 Nc4 c5 Qb3 Bxe4 Nc3 O-O Nxe4 Nxe4 Qb7 Qg5 Qxe4 Rae8 Qf3 Bxh2+ Kxh2 Re6 d4 Rfe8 Bxg5,"{30003,30003,29835,29923,29651,29507,29491,29203,29387,27979,29163,26883,27915,26691,27387,25155,26611,24467,26315,22843,26059,22619,24915,20939,24315,19963,22587,19547,22315,16475,21459,15915,21251,12157}"
12908,dFgzesZL,black,Drac25,Tatgun,loss,resign,952,893,59,standard,blitz,blitz,300,0,5+0,lichess.org,,,,,04/08/25 01:49,2025-08-04 04:50:14.7+00,25.488,A00,Global Opening,Global Opening,3,-7,28929,3.58,,,,,7,29182,2.74,,,,,7,4,a3 e5 h3 Qg5 d3 Bc5 Bxg5,"{30003,30003,29883,29635,29355,29515,29182,28929}"
12909,SjG4FkbR,white,Drac25,venus27,loss,outoftime,958,919,39,standard,blitz,blitz,300,0,5+0,lichess.org,14.0,2.93,48.0,,04/08/25 01:39,2025-08-04 04:49:21.141+00,562.768,B00,Duras Gambit,Duras Gambit,2,-6,0,5.66,,,,,7,6185,4.58,,,,,106,53,e4 f5 e5 g5 d4 g4 g3 e6 Bf4 h5 Nc3 c6 Qd2 b5 Bg5 Be7 Bxe7 Qxe7 O-O-O Na6 Bd3 Nb4 a3 Nxd3+ Qxd3 Nh6 Nge2 O-O Nf4 Qg7 h3 gxh3 Rxh3 Ng4 Qe2 Qg5 Rdh1 Rf7 Rxh5 Qg6 Rh8+ Kg7 Nxg6 Bb7 Nf4 Rxh8 Rxh8 Kxh8 f3 Nh6 Qh2 Rh7 Qh4 a5 Qd8+ Ng8 Qxd7 Rxd7 Nxe6 b4 axb4 axb4 Na4 c5 Naxc5 Rd5 Nxb7 Rxe5 Nec5 Re1+ Kd2 Rb1 b3 Rg1 g4 fxg4 fxg4 Rxg4 d5 Rd4+ Ke3 Rxd5 Nd3 Rb5 Nd6 Rd5 Ne4 Ne7 Nxb4 Nf5+ Kf4 Rd4 c3 Rd1 c4 Rf1+ Ke5 Nd4 c5 Nxb3 c6 Rc1 Kd5 Na5 Kd6 Kg7,"{30003,30003,29547,29731,28915,29595,28523,29595,28147,29019,26947,28875,25499,28643,25291,28099,24931,27971,24379,27683,23947,27491,22971,27267,22819,26675,22403,26435,22123,25851,21011,25331,20867,24811,18643,23195,17499,21747,17315,21027,15499,20731,14835,19667,14011,19331,13587,19035,11459,18435,10867,18163,9731,17579,9419,17267,8643,16643,8267,16083,7867,15155,7267,14275,6859,13955,6387,13787,5747,13475,5563,13171,5291,12667,5019,12419,4899,12315,4763,11699,4139,11539,2515,11107,2251,10891,1931,10611,1771,10339,1563,9171,1339,8091,1091,7811,941,7499,793,7355,624,7195,282,6843,186,6185,0}"
12910,UUejWKYI,white,Drac25,jaiseb,win,outoftime,953,900,53,standard,blitz,blitz,300,0,5+0,lichess.org,23.0,1.86,,,04/08/25 01:28,2025-08-04 04:36:31.959+00,486.067,C20,King's Pawn Game: Wayward Queen Attack,King's Pawn Game,3,5,10956,10.58,2.0,5.0,1.0,63.0,-5,0,16.67,2.0,2.0,4.0,62.0,37,19,e4 e5 Qh5 Nh6 Qxe5+ Qe7 Qxc7 Na6 Qc4 b6 Qd5 Rb8 Nc3 Nb4 Qb3 a5 Bd3 Nxd3+ cxd3 Ba6 Nb5 Bxb5 Qxb5 g6 h3 f5 Qc4 fxe4 dxe4 Nf5 Nf3 Nd6 Qd4 Nxe4 O-O Nxd2 Re1,"{30003,30003,29899,29003,29355,28843,29179,28243,27387,26747,25739,25891,24147,23427,21851,21027,19403,20059,19187,18947,18219,17747,17979,17299,17091,10259,14507,9347,14027,8923,12299,8411,11875,5531,11467,2462,10956,0}"
12911,FbIhxqVz,white,Drac25,Ingias,win,resign,948,942,6,standard,blitz,blitz,300,0,5+0,lichess.org,16.0,-0.67,56.0,,04/08/25 01:21,2025-08-04 04:27:42.45+00,351.945,C20,King's Pawn Game: Wayward Queen Attack,King's Pawn Game,3,5,10383,7.01,,,,,-6,15823,5.25,,,,,56,28,e4 e5 Qh5 Nc6 Bc4 g6 Qf3 Nf6 c3 Bg7 d3 d6 Bg5 O-O Na3 a6 Bd5 Bd7 Nc4 h6 Bh4 g5 Bg3 Nxd5 exd5 Ne7 h3 Qc8 Ne2 g4 Qe4 gxh3 gxh3 Bxh3 O-O-O Bg4 f3 Bf5 Qh4 Bg6 Qxe7 Qf5 f4 exf4 Nxf4 Rfe8 Qxc7 Qg4 Bh2 Be5 Nxg6 Qxg6 Bxe5 dxe5 Rhg1 Qxg1,"{30003,30003,29883,29787,29787,29619,29707,29515,29611,29347,29147,28795,28835,28443,27491,28155,27187,27787,26723,27299,26267,27019,26083,26619,25619,26483,24507,25579,23235,25011,22395,24363,22083,24227,21427,23419,20731,22851,19939,21331,19243,20539,15571,20275,15115,19979,13491,18803,12147,16987,10939,16563,10659,16187,10507,15823,10383}"
12912,Cfdwl1S0,black,Drac25,Aleksei2024,loss,resign,953,991,-38,standard,blitz,blitz,300,0,5+0,lichess.org,28.0,2.98,,,04/08/25 01:10,2025-08-04 04:17:31.952+00,439.376,C20,King's Pawn Game,King's Pawn Game,2,-5,7154,10.39,2.0,2.0,4.0,61.0,5,10463,8.88,2.0,1.0,3.0,70.0,45,23,e4 e5 h4 Nf6 f4 h5 fxe5 Nxe4 d4 Ng3 Rh3 Nxf1 Kxf1 Be7 c3 Bxh4 Nf3 Be7 a4 d6 Rh1 dxe5 Nxe5 f6 Ng6 Bg4 Qe1 Rh6 Bxh6 gxh6 Na3 a6 Qe4 Nc6 Re1 Qd6 Nc4 Qd7 d5 f5 Qd3 Na5 Rxe7+ Kd8 Rxd7+,"{30003,30003,29243,28811,28787,27539,28307,27227,27299,26675,25659,25779,24795,24867,24339,24363,22811,23331,20963,22571,20451,21987,20043,21219,19395,20099,18435,19267,17667,18947,16739,18091,16291,17643,15939,14579,12627,10763,12179,10395,11003,8571,10635,7651,10463,7154}"
12913,NMlHNcSU,black,Drac25,polten123,loss,outoftime,957,1021,-64,standard,blitz,blitz,180,2,3+2,lichess.org,17.0,-0.49,,,02/08/25 23:57,2025-08-03 03:03:39.978+00,353.207,C47,Four Knights Game: Scotch Variation,Four Knights Game,7,-4,0,9.48,,,,,5,7451,5.55,,,,,39,20,e4 e5 Nf3 Nc6 d4 Nf6 Nc3 Bb4 d5 Bxc3+ bxc3 Na5 Ba3 d6 Bb5+ Bd7 Qd3 a6 Bxd7+ Qxd7 Rb1 c6 dxc6 Nxc6 O-O O-O Nh4 g6 Bc1 Qg4 g3 Qxe4 Qxd6 Qxc2 Bh6 Rfd8 Qxf6 Qxf2+ Rxf2,"{18003,18003,18011,18027,18075,17547,17875,17179,17547,16787,17555,16091,17579,15235,15347,14971,14811,14219,13411,13939,12867,13235,12435,13147,12275,13171,11355,12563,11283,11795,10275,11539,7683,9531,7691,8555,7659,5119,7451,0}"
12914,1ttsff9T,black,Drac25,GitarrenSolo,win,resign,952,956,-4,standard,blitz,blitz,180,2,3+2,lichess.org,18.0,0.76,,,02/08/25 23:54,2025-08-03 02:56:29.959+00,118.123,C60,Ruy Lopez: Cozio Defense,Ruy Lopez,6,5,13668,3.94,,,,,-6,17156,0.71,,,,,24,12,e4 e5 Nf3 Nc6 Bb5 Nge7 O-O d6 d4 Bg4 h3 Bh5 d5 a6 Ba4 b5 Bb3 Nd4 Bg5 Nxf3+ gxf3 h6 Nd2 Ng6,"{18003,18003,18107,17947,18227,17155,18211,17267,18211,17107,18203,17059,17899,15955,17779,15787,17875,14851,17291,14259,17395,13651,17227,13668,17156}"
12915,0mwJjuBw,white,Drac25,schizochess69,draw,draw,952,940,12,standard,blitz,blitz,180,2,3+2,lichess.org,20.0,0.61,,,02/08/25 23:46,2025-08-03 02:53:16.787+00,404.954,B00,"Nimzowitsch Defense: Kennedy Variation, Linksspringer Variation",Nimzowitsch Defense,5,0,2149,5.87,,,,,1,5776,4.7,,,,,54,27,e4 Nc6 d4 e5 d5 Nce7 Nf3 Ng6 Bg5 f6 Bh4 N8e7 Nc3 c6 Bc4 b5 Bb3 Bb7 O-O cxd5 exd5 Nf4 Nxe5 fxe5 d6 Nxg2 Qh5+ g6 Qg5 Nxh4 dxe7 Bxe7 Qxe5 d6 Qxh8+ Kd7 Qxh7 Qh8 Qxh8 Rxh8 f3 Nxf3+ Kf2 Rxh2+ Kg3 Bh4+ Kf4 Bg5+ Kg3 Bh4+ Kf4 Bg5+ Kg3 Bh4+,"{18003,18003,17763,18203,17779,17043,17347,16931,16347,16115,16379,16019,15811,16147,15435,16067,15395,15867,14779,15835,14363,15371,13507,15331,13451,14491,10947,14011,10259,13883,9475,14083,8635,12315,8211,12363,6635,11227,4691,11427,3803,10939,3779,10691,2939,10115,2843,9219,2371,8523,2243,6115,2147,5776,2149}"
12916,y99MwJRP,black,Drac25,Fabianachess,loss,outoftime,958,955,3,standard,blitz,blitz,300,0,5+0,lichess.org,19.0,0.16,35.0,,01/08/25 19:10,2025-08-01 22:19:12.555+00,521.388,D02,Queen's Pawn Game: London System,Queen's Pawn Game,5,-6,0,6.82,,,,,6,11130,4.29,,,,,89,45,d4 d5 Nf3 Nf6 Bf4 Bf5 e3 e6 Bd3 Nc6 Bxf5 exf5 c3 Ne4 Nbd2 Bd6 O-O Bxf4 exf4 f6 Nxe4 fxe4 Nd2 O-O Re1 f5 f3 Qh4 fxe4 Qxf4 Rf1 Qg4 exd5 Qxd1 Raxd1 Ne7 Nf3 Nxd5 c4 Ne3 Ne5 Nxd1 Nd7 Ne3 Re1 Rfe8 Nc5 Nxc4 Rf1 Ne3 Re1 f4 Nxb7 Rab8 Nc5 Rxb2 g3 Rg2+ Kh1 Rxa2 Nd3 Kf7 Nxf4 Nc2 Rc1 Nxd4 Nd5 Ree2 Rf1+ Ke6 Nf4+ Kd6 Nxe2 Rxe2 Rd1 Kd5 Ra1 Kc5 Rxa7 Re1+ Kg2 Ne6 Ra5+ Kd4 Rh5 Ke3 Rxh7 Re2+ Kh3,"{30003,30003,29859,29811,29739,29475,29523,28555,29395,27659,29235,27315,28859,26731,28675,25179,28395,24891,27699,23083,27139,22755,26859,22003,26707,20795,26547,19971,25923,19355,25531,17323,24739,16251,24531,15699,23867,15099,23611,14819,22891,13963,22595,13171,21747,12059,21283,10771,20587,9795,20347,9171,20083,8971,19155,8507,17811,8211,17203,7067,17011,6547,16467,5563,15667,4875,15403,4019,14867,2051,14467,1515,14299,1379,13747,1203,13323,903,13163,764,12955,486,12355,430,11635,307,11419,82,11130,0}"
12917,rulCCtxe,white,Drac25,Fabianachess,loss,resign,964,949,15,standard,blitz,blitz,300,0,5+0,lichess.org,14.0,3.08,,,01/08/25 19:07,2025-08-01 22:10:11.142+00,149.659,C20,King's Pawn Game: Wayward Queen Attack,King's Pawn Game,3,-6,18360,7.76,,,,,6,26525,2.48,,,,,30,15,e4 e5 Qh5 Qe7 Nf3 Nf6 Qxe5 Qxe5 Nxe5 Bd6 Nc4 Nxe4 Nxd6+ cxd6 d3 Nc5 d4 Ne6 Bc4 Nxd4 c3 Ne6 Bg5 Nxg5 Nd2 O-O Ne4 Nxe4 O-O Nd2,"{30003,30003,29907,29739,29243,29459,28523,29131,28379,28971,26083,28755,25899,28571,24995,28131,24539,27931,22907,27635,21915,27475,20707,27171,20339,26979,20195,26779,19899,26525,18360}"
12918,hboXXD7b,white,Drac25,leandroks,loss,resign,968,1072,-104,standard,blitz,blitz,300,0,5+0,lichess.org,19.0,-4.89,,,31/07/25 19:33,2025-07-31 22:34:45.311+00,82.111,C42,Petrov's Defense,Petrov's Defense,8,-4,24299,5.7,,,,,7,27881,2.36,,,,,20,10,e4 e5 Nf3 Nf6 Nxe5 d6 Nf3 Nxe4 Bc4 Bg4 d3 Bxf3 gxf3 Nf6 Bg5 Nc6 Nc3 Nd4 Qd2 Nxf3+,"{30003,30003,29803,29907,29467,29795,29267,29635,28355,29387,27827,29123,27651,28891,27459,28667,26059,28467,24963,27881,24299}"
12919,JEQ5ItD3,black,Drac25,King_Dingeling,win,resign,962,952,10,standard,blitz,blitz,180,2,3+2,lichess.org,29.0,-2.15,,,31/07/25 16:02,2025-07-31 19:07:31.558+00,306.865,D06,Queen's Gambit Declined: Marshall Defense,Queen's Gambit Declined,4,6,7343,5.08,,,,,-6,6325,5.31,,,,,44,22,d4 d5 c4 Nf6 cxd5 Nxd5 e4 Nb6 a4 e6 a5 N6d7 Nf3 f6 Qa4 h6 Bb5 c6 Bc4 b5 Bxb5 cxb5 Qxb5 Ba6 Qa4 Be7 b4 Bb7 Nc3 O-O O-O f5 e5 Nc6 a6 Bxa6 Qxa6 Nxb4 Qc4 a5 Qxe6+ Kh8 Qxf5 Rxf5,"{18003,18003,18067,17939,18115,17779,18251,17387,17955,16347,17899,16411,17243,16371,17059,15715,16907,15675,16571,15715,15739,15747,15835,15307,15515,14483,14763,14259,14715,14147,12851,13523,12035,13051,11187,9123,10467,9195,9131,8603,8419,7531,7691,7343,6325}"
12920,25tixjEC,white,Drac25,Zaynulabid,loss,outoftime,969,905,64,standard,blitz,blitz,180,2,3+2,lichess.org,21.0,-5.26,,,31/07/25 07:15,2025-07-31 10:18:32.052+00,172.689,B01,Scandinavian Defense,Scandinavian Defense,2,-7,0,15.0,,,,,7,12740,4.78,,,,,24,12,e4 d5 Qh5 dxe4 Bc4 e6 Nc3 Nf6 Qe5 Bd6 Qb5+ c6 Qb3 O-O d3 a5 a3 a4 Qa2 b5 Bg5 bxc4 Bxf6 Qxf6,"{18003,18003,18123,17819,18171,17499,16427,17483,15515,16627,15379,16259,15331,15947,14931,15939,14067,15731,14035,15211,12243,13763,12077,12740,0}"
12921,uE0LVpwY,black,Drac25,baronmamo21,win,resign,963,992,-29,standard,blitz,blitz,180,2,3+2,lichess.org,22.0,0.85,43.0,,31/07/25 07:10,2025-07-31 10:14:26.542+00,258.774,C44,Scotch Game,Scotch Game,5,6,5985,5.46,,,,,-7,13371,2.11,,,,,45,23,e4 e5 Nf3 Nc6 d4 Bb4+ c3 Ba5 Bb5 d6 dxe5 Bd7 O-O dxe5 Be3 a6 Bxc6 Bxc6 b4 Bb6 Bxb6 cxb6 a4 Nf6 Nbd2 O-O c4 Bxe4 Nxe4 Nxe4 Qc2 Ng5 Nxe5 f6 Ng4 Qd4 Ne3 b5 axb5 axb5 cxb5 Rxa1 Rxa1 Qxa1+ Nf1,"{18003,18003,18043,18123,18099,17603,17595,17707,16035,16539,15867,16043,15907,15603,15867,14651,15923,14619,16027,13227,16059,13307,16147,12707,16019,12563,15379,12307,15379,12331,15043,11707,14707,11139,14747,9891,13307,8795,13299,6787,13275,6787,13363,6699,13371,5985}"
12922,OoQTArhC,white,Drac25,ravi1100,win,resign,959,851,108,standard,blitz,blitz,300,0,5+0,lichess.org,22.0,-3.22,51.0,,31/07/25 00:05,2025-07-31 03:10:51.978+00,337.648,D00,Queen's Pawn Game: Chigorin Variation,Queen's Pawn Game,3,4,9452,7.09,,,,,-4,18918,3.82,,,,,59,30,d4 d5 Nc3 Nc6 Bf4 Nxd4 e3 Nc6 Nb5 e5 Bxe5 Nxe5 Qxd5 Qxd5 Nxc7+ Kd7 Nxd5 Kc6 Nb4+ Kc5 Nd3+ Nxd3+ Bxd3 Nf6 Ne2 Be6 b3 Rc8 c4 Kd6 O-O Kc5 Nc3 Rd8 Na4+ Kb4 Be2 Rd2 Bf3 b6 Rfd1 Rxd1+ Rxd1 Bxc4 Rd4 b5 Nb2 Kc3 Nd1+ Kc2 bxc4 bxc4 Rxc4+ Kd3 Rd4+ Kc2 a4 Bc5 Rc4+,"{30003,30003,29915,29939,29787,29739,28675,28947,28507,28123,27899,27931,27675,27515,27539,26875,27467,25923,26699,25571,25851,25323,25675,25059,25275,24531,23931,24275,23651,24019,22987,23899,21491,23635,21027,23395,19811,23003,19259,22715,17163,22491,16947,22491,16019,21523,14043,20843,13483,20507,13331,20027,12491,19675,11035,19363,10603,19131,9452,18918}"
12923,FBkfyjEi,white,Drac25,Gajane,win,outoftime,952,975,-23,standard,blitz,blitz,300,0,5+0,lichess.org,40.0,8.8,,,30/07/25 22:53,2025-07-31 02:03:03.434+00,576.944,A40,Horwitz Defense,Horwitz Defense,2,7,3974,8.68,,,,,-6,0,10.0,,,,,61,31,d4 e6 Nc3 Qe7 Bf4 b6 Nb5 d6 e3 h6 Bd3 h5 Nf3 f6 h3 h4 Bg6+ Kd8 d5 e5 Bh2 a6 Nc3 f5 e4 fxe4 Nxe4 Nf6 Neg5 Rh6 Nf7+ Kd7 Nxh6 c6 dxc6+ Kxc6 Nf5 d5 Nxe7+ Bxe7 Nxe5+ Kd6 Nf7+ Kd7 Ne5+ Kc7 O-O Bb7 Bf5 Ne4 Bxe4 Bb4 c3 dxe4 cxb4 a5 bxa5 Rxa5 a3 Rxe5 Rc1+,"{30003,30003,29563,30003,29395,29979,29219,29835,25123,29603,23723,29427,23315,29083,22147,28659,21331,28411,20643,28003,19923,26747,19259,25739,17603,23371,17243,22915,15443,21155,14899,20915,14715,20211,12811,19827,10627,3339,10387,3171,9819,2963,8835,2243,8179,2051,7515,1587,5475,1107,5299,856,4907,668,4571,528,4419,399,4331,243,3974,0}"
12924,5bqwOh66,black,Drac25,creisler,win,outoftime,947,934,13,standard,blitz,blitz,300,0,5+0,lichess.org,23.0,0.51,57.0,,30/07/25 22:42,2025-07-31 01:52:45.732+00,616.606,C20,Center Game,Center Game,3,5,1374,9.24,,,,,-12,0,9.38,,,,,64,32,e4 e5 d4 Nf6 f3 exd4 Qxd4 Nc6 Qd3 Nb4 Qd2 c6 c3 Na6 b4 b5 a4 Nh5 axb5 cxb5 Bxb5 Nc7 g4 Nxb5 gxh5 Qf6 Bb2 Qh4+ Ke2 Qxh5 c4 Nc7 b5 Bc5 Bd4 Ne6 Bxc5 Nxc5 h4 O-O Nh3 Bb7 Nf4 Qh6 Nc3 Nb3 Qxd7 Nxa1 Rb1 Nc2 Kd3 Bxe4+ fxe4 Qxf4 b6 Qg3+ Kxc2 Qg2+ Kd3 Rad8 Qxd8 Rxd8+ Nd5 Qf3+,"{30003,30003,29747,29667,29275,28683,28987,28619,28243,27987,26867,25379,26619,24411,25419,24123,24387,21635,23803,21411,23515,21267,22051,20059,21315,19155,20291,18563,19179,18411,17667,17579,17331,16091,16387,15547,13363,15363,11691,14899,11107,14139,10619,13179,9555,12443,6403,11555,4147,9275,3467,7755,2163,7067,1651,3051,980,2755,585,1947,317,1803,74,1374,0}"
12925,HYw7LO5J,white,Drac25,creisler,win,outoftime,941,946,-5,standard,blitz,blitz,300,0,5+0,lichess.org,22.0,2.75,50.0,,30/07/25 22:31,2025-07-31 01:42:11.271+00,627.402,B01,Scandinavian Defense: Mieses-Kotroc Variation,Scandinavian Defense,4,6,68,7.88,,,,,-12,0,7.9,,,,,77,39,e4 d5 exd5 Qxd5 Nc3 Qe6+ Nge2 f5 g3 g5 Bg2 f4 O-O fxg3 Nxg3 g4 d3 Bh6 Qe2 Qb6 Kh1 Bxc1 Rb1 Bxb2 Nf5 Bxf5 Nd5 Qb5 Nxc7+ Kf7 Nxb5 Nc6 Rxb2 Re8 Bxc6 bxc6 Nd4 Bg6 Nxc6 Nf6 Rb7 Rc8 Rxe7+ Kg8 Qe6+ Kf8 Qxc8+ Be8 Rf7+ Kxf7 Ne5+ Ke7 Qc5+ Ke6 Re1 Nd7 Qc4+ Kf5 Nxd7 Bxd7 Qe4+ Kg5 Qe7+ Kf4 Qxd7 Rf8 Qd4+ Kg5 Re4 Kh4 Rxg4+ Kh5 Kg2 Kh6 Rh4+ Kg5 f3,"{30003,30003,29787,29723,29739,28875,29515,28427,28835,27227,28715,26915,28515,26179,28227,25203,27435,24699,25835,23947,22331,22443,21315,22099,16603,20083,16299,19603,13299,17587,13139,16379,12459,15779,11683,15555,10779,13675,9699,12595,8979,10219,8635,9379,6339,6395,5979,5899,3571,5547,3051,4803,2467,4339,2339,3435,1291,2771,1075,2579,742,2315,597,1627,597,957,500,648,406,553,288,401,223,292,68,137,68,0}"
12926,KFQNCK2o,black,Drac25,Luchojosec,win,resign,936,909,27,standard,blitz,blitz,300,0,5+0,lichess.org,20.0,0.07,26.0,,30/07/25 22:26,2025-07-31 01:31:24.725+00,266.844,C50,Italian Game: Anti-Fried Liver Defense,Italian Game,6,5,18519,4.42,,,,,-6,16519,4.99,,,,,54,27,e4 e5 Nf3 Nc6 Bc4 h6 O-O Nf6 Nc3 Bc5 d3 O-O Be3 d6 Bxc5 dxc5 Nd5 Nd4 Nxf6+ Qxf6 Nxd4 cxd4 c3 Be6 Bxe6 Qxe6 cxd4 exd4 Qa4 c5 Rac1 b6 a3 a5 Ra1 Qe8 b4 Qxa4 bxc5 bxc5 e5 Rae8 Rfe1 Qb3 Re4 Qxd3 Rae1 Qxa3 e6 fxe6 Rxe6 Rxe6 Rxe6 Qc1+,"{30003,30003,29883,29899,29539,29747,29355,29547,29107,29275,28699,28923,26963,28067,26475,27939,25427,27259,24843,27091,23811,26763,23587,25755,23203,25523,23155,25355,22955,24355,22507,24147,21131,23587,20139,21979,19723,21755,18939,21315,18715,20555,18515,20075,17659,19739,17467,19219,17131,18747,16899,18635,16827,18519,16519}"
12927,Fub1p8Bv,white,Drac25,Luchojosec,loss,mate,942,901,41,standard,blitz,blitz,300,0,5+0,lichess.org,28.0,0.11,,,30/07/25 22:19,2025-07-31 01:26:49.58+00,439.023,C02,French Defense: Advance Variation,French Defense,5,-6,8095,9.96,,,,,8,9566,9.29,,,,,46,23,e4 e6 d4 d5 e5 Nc6 Be3 Nge7 Bb5 Nf5 Qf3 Be7 g4 Nxe3 Qxe3 O-O Nd2 a6 Bd3 b5 Qh3 h6 c3 a5 Bc2 b4 Qd3 g6 Qh3 Bg5 Ndf3 bxc3 Nxg5 Qxg5 bxc3 Ba6 Nf3 Qf4 g5 hxg5 Qh6 Ne7 h4 Qxf3 hxg5 Qe2#,"{30003,30003,29451,29859,29083,29651,28155,29419,27459,28739,24075,27987,23747,27611,22747,27451,21651,27163,21427,26539,20419,24979,19867,24283,19731,23715,19483,22683,18651,21355,17731,20403,16835,19987,16659,19459,16419,17931,13643,17091,12451,12115,9091,11051,8095,9566}"
12928,bteuNlKi,black,Drac25,dmilly,loss,outoftime,948,975,-27,standard,blitz,blitz,300,0,5+0,lichess.org,21.0,4.58,36.0,,30/07/25 22:09,2025-07-31 01:19:01.992+00,571.207,D00,Amazon Attack,Amazon Attack,3,-6,0,7.5,,,,,5,5329,6.17,,,,,81,41,d4 d5 Qd3 Nf6 f3 g6 Nc3 Bf5 Qb5+ Nc6 Qxb7 Bxc2 Qxc6+ Nd7 Nxd5 Rc8 e3 e6 Ba6 exd5 Bxc8 Qxc8 Qxc2 Bb4+ Bd2 Bxd2+ Qxd2 O-O Ne2 Nb6 O-O Nc4 Qc2 Nxe3 Qc5 Nxf1 Rxf1 Qf5 Qxc7 Re8 Ng3 Qd3 Qc1 Qxd4+ Kh1 Kg7 Re1 Rxe1+ Qxe1 Qxb2 h3 Qxa2 Kh2 a5 Qc3+ f6 Nf1 Qc4 Qxc4 dxc4 Ne3 c3 g4 a4 f4 a3 Nc2 a2 f5 gxf5 gxf5 Kf7 Kg3 Ke7 h4 Kd6 Kg4 Kc5 h5 Kc4 Ne3+,"{30003,30003,29827,29267,29347,27291,29187,26099,28539,24747,28147,24171,27819,23251,26403,22051,25043,21803,22699,18707,22403,18515,21563,17699,21011,17059,20787,16963,20139,16883,19979,16803,18523,16619,17011,15339,16811,13179,15075,12243,14003,11275,11955,10499,11627,8667,10811,4467,10635,4387,9899,4171,9787,2835,9179,2219,8099,1619,7235,1499,7019,1107,6763,1035,6475,981,6323,750,6179,642,6075,290,6019,211,5931,140,5819,85,5699,27,5329,0}"
12929,CJZJUlIi,black,Drac25,Pedroemose,loss,mate,953,952,1,standard,blitz,blitz,300,0,5+0,lichess.org,19.0,1.75,,,30/07/25 02:20,2025-07-30 05:25:44.911+00,333.326,C44,King's Knight Opening: Normal Variation,King's Knight Opening,4,-5,15774,7.91,,,,,6,12789,9.06,,,,,39,20,e4 e5 Nf3 Nc6 d3 Bc5 Be3 Bxe3 fxe3 f6 d4 d5 Bd3 exd4 exd4 Bg4 O-O Bxf3 Qxf3 Nxd4 Qh5+ g6 Qh4 Ne7 Qxf6 Rf8 Qxf8+ Kd7 Qh6 Ng8 Qh3+ Kc6 Qe3 Kc5 Nd2 Nf6 Nb3+ Kb4 Qxd4#,"{30003,30003,29907,29939,29835,29707,29435,29347,29347,28219,29187,27643,28027,26835,27667,26091,27163,25931,26427,25643,24819,24571,24459,22435,22315,21067,21891,20483,20067,18979,19707,18379,16755,17387,14323,16171,13123,15774,12789}"
12930,F63PfUfC,white,Drac25,Pedroemose,loss,mate,959,946,13,standard,blitz,blitz,300,0,5+0,lichess.org,18.0,-0.32,50.0,,30/07/25 02:09,2025-07-30 05:19:33.175+00,590.916,B01,Scandinavian Defense: Valencian Variation,Scandinavian Defense,6,-6,3532,8.82,,,,,6,430,9.86,,,,,62,31,e4 d5 exd5 Qxd5 Nc3 Qd8 Nf3 Nc6 d4 Nf6 Bc4 e6 Ne5 Nd5 Nxc6 bxc6 Bxd5 cxd5 Bf4 Bb7 Nb5 Bd6 Qd2 O-O O-O c6 Nxd6 Ba6 Qb4 Bxf1 Rxf1 c5 dxc5 Rb8 Qa3 Qf6 Bg3 Rxb2 c3 Rc2 c4 Rc3 Qxa7 dxc4 c6 Qg5 c7 Rc1 Qb7 Rxf1+ Kxf1 Qc1+ Ke2 Qc2+ Kf3 Qd3+ Kg4 f5+ Kh3 Qe4 c8=Q Qg4#,"{30003,30003,29795,29811,29731,29523,28875,28739,28139,27859,27627,27555,27467,24803,27067,24555,25971,23883,25027,23091,24811,22075,22723,21427,21843,20091,21603,19395,19603,18731,18187,17811,17923,16963,16179,15499,14267,13099,11779,11531,11091,10899,9643,10419,8963,9019,8003,6947,5283,2915,5075,2691,4747,2155,4323,1523,4179,1243,3907,621,3532,430}"
12931,iYc1hf4B,black,Drac25,Facu_dentone,win,resign,954,960,-6,standard,blitz,blitz,300,0,5+0,lichess.org,13.0,-0.32,,,30/07/25 02:07,2025-07-30 05:09:28.177+00,101.326,D00,Queen's Pawn Game: Accelerated London System,Queen's Pawn Game,3,5,24410,6.21,,,,,-26,26278,4.14,,,,,19,10,d4 d5 Bf4 Nf6 e3 Bf5 Nc3 a6 Nf3 e6 Bd3 Bb4 Qd2 Ne4 Qe2 Nxc3 bxc3 Bxc3+ Qd2,"{30003,30003,29883,29867,29731,29483,29099,29235,28323,28891,28235,28275,27867,26755,26347,24691,26347,24571,26278,24410}"
12933,DyP3zAhN,white,Drac25,alibaba987946,loss,mate,955,864,91,standard,blitz,blitz,300,0,5+0,lichess.org,21.0,0.6,50.0,,30/07/25 01:53,2025-07-30 05:00:50.228+00,467.952,C02,"French Defense: Advance Variation, Nimzowitsch System",French Defense,7,-7,1621,9.16,4.0,1.0,6.0,56.0,14,13295,5.39,3.0,7.0,3.0,72.0,64,32,e4 e6 d4 d5 e5 c5 Nf3 Nc6 Be3 Qb6 b3 Nge7 dxc5 Qb4+ c3 Qe4 Bd3 Qg4 O-O Nf5 h3 Qh5 g4 Qxh3 gxf5 exf5 Bb5 h5 Qxd5 Qg4+ Kh2 Bd7 Rg1 Qe4 Qxe4 fxe4 Nd4 Bxc5 Nxc6 Bxc6 Bxc5 Bxb5 c4 Bc6 Rxg7 Rd8 Nc3 Rd3 Nxe4 Bxe4 Bxa7 Rf3 Kg1 h4 Re1 Bc6 e6 fxe6 Rxe6+ Kf8 Bd4 Rh3 Rg4 Rh1#,"{30003,30003,29779,29923,29595,29859,29211,29811,28755,29683,27491,29531,26787,29203,25587,29027,24923,28923,23179,28291,22163,27971,21955,27851,21667,24443,18683,23987,18275,23563,17251,22203,15227,18923,13531,18907,12867,18163,12667,18067,12467,17995,12147,17875,11283,17355,11011,16827,10603,16635,8435,15523,7051,15139,6579,14875,6235,14603,6027,14203,4499,13515,1621,13295}"
12934,kzNTQA7h,black,Drac25,Fafasasafss,win,resign,950,933,17,standard,blitz,blitz,300,0,5+0,lichess.org,38.0,-4.56,,,30/07/25 01:47,2025-07-30 04:52:22.234+00,288.726,C22,Center Game: Normal Variation,Center Game,6,5,18343,5.3,,,,,-29,19464,4.79,,,,,45,23,e4 e5 d4 exd4 Qxd4 Nc6 Qd1 Bc5 Bc4 h6 Qf3 Nf6 e5 Nxe5 Qg3 O-O Bxh6 Ng6 Bd3 gxh6 Bxg6 fxg6 Qxg6+ Kh8 Qxh6+ Kg8 Qg6+ Kh8 Nc3 Rg8 Qh6+ Nh7 Ne4 Qe7 f3 d5 O-O-O dxe4 fxe4 Qxe4 Nf3 Be3+ Nd2 Bxh6 Rdf1,"{30003,30003,29835,29771,29835,29483,29651,28707,29363,27707,29083,27515,28835,27395,27947,26611,27531,26315,27139,25931,26803,25723,26779,24387,26435,24211,25579,23979,25571,22547,25211,21979,24411,21059,23723,20139,23395,19947,23395,19107,23171,18939,22811,18787,19464,18343}"
12935,srVFH2B4,white,Drac25,MChordiya,win,resign,944,981,-37,standard,blitz,blitz,300,0,5+0,lichess.org,18.0,-3.22,35.0,,30/07/25 01:38,2025-07-30 04:46:58.556+00,516.801,C20,King's Pawn Game: Wayward Queen Attack,King's Pawn Game,3,6,11572,5.76,,,,,-39,1522,9.19,,,,,64,32,e4 e5 Qh5 Nc6 Bc4 g6 Qf3 Qf6 Qxf6 Nxf6 c3 Nxe4 d3 Nd6 Bd5 b6 Bxc6 dxc6 Nf3 e4 dxe4 Nxe4 Nd4 Bc5 O-O O-O Nxc6 Ba6 Nd2 Bxf1 Nxe4 Bd3 Nxc5 Rfe8 Nxd3 b5 Be3 Re6 Nxa7 Rd8 Nc5 Re5 Nxb5 Red5 Rf1 Rb8 Nxc7 Rd6 N7a6 Rbd8 b4 Rd1 a4 Rxf1+ Kxf1 Rd1+ Ke2 Rh1 h3 Rb1 b5 Rc1 Bxc1 f5,"{30003,30003,29939,29443,29851,28523,29755,27875,29579,27755,29299,27595,28227,27227,27715,25843,27307,25747,25731,25011,24955,24859,24635,24443,23811,23643,23523,23035,23147,22123,22699,21091,21571,20387,21211,19339,20787,17899,20131,16803,19339,14515,18603,13923,16899,12635,16699,11291,15499,7587,14691,7307,13955,7011,13635,6891,13515,5171,13003,4179,12587,1747,11811,1522,11572}"
12936,4XVSqlKh,white,Drac25,EriksonSalcedo11,win,outoftime,939,932,7,standard,blitz,blitz,300,0,5+0,lichess.org,27.0,-1.16,58.0,,30/07/25 01:28,2025-07-30 04:38:07.012+00,601.909,C20,"King's Pawn Game: Wayward Queen Attack, Kiddie Countergambit",King's Pawn Game,4,5,2666,6.36,,,,,-18,0,6.98,,,,,87,44,e4 e5 Qh5 Nf6 Qxe5+ Be7 Qg3 Bd6 Qxg7 Rg8 Qh6 Bc5 Bc4 Rg6 Qh4 Nc6 c3 Ne5 Bd5 c6 Bb3 d6 d4 Bxd4 cxd4 Nd3+ Kd2 Nxe4+ Qxe4+ Ne5 dxe5 dxe5+ Ke3 Qg5+ f4 Qxf4+ Qxf4 exf4+ Kxf4 Rxg2 Nf3 Bd7 Nc3 O-O-O Be3 b5 Bxa7 Rxb2 Ne4 Re8 Nd6+ Kc7 Nxe8+ Bxe8 Be3 f6 a4 Rxb3 a5 Rb4+ Kg3 Ra4 Rxa4 bxa4 Bb6+ Kb7 Ra1 Ka6 Rxa4 c5 Rf4 c4 Rxc4 f5 Rf4 Bb5 Rxf5 h6 Rh5 Bc6 Rxh6 Kb5 Ne5 Be8 Bf2 Kb4 a6,"{30003,30003,29939,29675,29763,28611,29275,28139,28995,27283,28235,24027,27723,23067,25395,21627,24771,20563,23075,18683,21747,17427,21307,17139,21147,16515,20091,14691,19571,13891,19331,13811,17675,11379,16803,10307,16051,10043,15811,9867,14747,8723,14187,8427,12763,7123,11963,6331,9635,5635,9387,5163,9235,4227,7987,3771,6643,3451,6083,3035,5691,2019,5467,1859,5315,1635,5123,1395,4971,1099,4643,864,4387,804,4283,668,4027,506,3763,379,3683,309,3307,49,2779,49,2666,0}"
12937,3MrLADnY,black,Drac25,Shaikh222,loss,mate,945,933,12,standard,blitz,blitz,300,0,5+0,lichess.org,18.0,1.73,,,30/07/25 01:23,2025-07-30 04:27:54.762+00,290.77,C45,Scotch Game: Classical Variation,Scotch Game,8,-6,17505,8.33,,,,,6,14846,9.47,,,,,33,17,e4 e5 Nf3 Nc6 d4 exd4 Nxd4 Bc5 Nxc6 bxc6 Nc3 Qf6 f3 Nh6 Qd3 d6 Bd2 Be6 Na4 O-O-O Nxc5 dxc5 Qa6+ Kd7 O-O-O Ke7 Be3 Rb8 Bxc5+ Ke8 Qxc6+ Bd7 Qxd7#,"{30003,30003,29795,29867,29691,26283,29691,25755,29243,24835,27923,24547,25467,23939,25267,23115,23243,21627,22483,20563,21411,20355,20483,20203,20219,19859,17907,18579,16091,17923,15739,17505,14846}"
12938,6YeMvvsX,black,Drac25,TRS_Langford,win,resign,938,1005,-67,standard,blitz,blitz,300,0,5+0,lichess.org,23.0,0.03,,,30/07/25 01:15,2025-07-30 04:22:01.526+00,376.659,C25,"Vienna Gambit, with Max Lange Defense","Vienna Gambit, with Max Lange Defense",5,7,11698,7.63,,,,,-10,11306,7.79,,,,,49,25,e4 e5 Nc3 Nc6 f4 Bb4 Nf3 Bxc3 bxc3 exf4 d3 d6 Be2 Qf6 O-O Qxc3 Bxf4 Bg4 Be3 O-O-O Nd4 Nxd4 Bxg4+ f5 Bxd4 Qxd4+ Kh1 fxg4 Qxg4+ Kb8 Rab1 Nh6 Qh3 a6 g3 d5 exd5 Qxd5+ Kg1 Qxa2 Qg2 c6 Qxc6 Qd5 Qc3 Nf5 g4 Ne3 Qxg7,"{30003,30003,29819,29795,28811,28707,28619,28491,28419,28339,28275,27371,27995,25355,27595,25171,26539,23171,25387,21819,24875,21523,24643,21147,24163,20795,23899,20691,23659,20355,23427,19355,20739,17947,20595,17395,20251,17267,20035,16707,19283,15611,18115,14347,13947,13379,12499,12475,11306,11698}"
12939,73LVWWZx,white,Drac25,mrsahhil,loss,outoftime,944,910,34,standard,blitz,blitz,300,0,5+0,lichess.org,16.0,1.72,29.0,,30/07/25 01:06,2025-07-30 04:14:32.923+00,487.812,B01,Scandinavian Defense: Mieses-Kotroc Variation,Scandinavian Defense,4,-6,0,9.38,,,,,6,13259,5.4,,,,,64,32,e4 d5 exd5 Qxd5 Nc3 Qe5+ Qe2 Qxe2+ Ngxe2 Nc6 g3 Bg4 Bg2 O-O-O Bxc6 Bxe2 Nxe2 bxc6 d3 e5 Be3 Nf6 Bxa7 e4 O-O-O exd3 Rxd3 Rxd3 cxd3 Ng4 f3 Ne5 Kd2 Nxf3+ Kc3 c5 Rf1 Nxh2 Rxf7 Bd6 d4 cxd4+ Nxd4 Kb7 Nb5 Be5+ Kc4 Ka6 Bd4 Bxd4 Nxd4 Ng4 Rxg7 Ne5+ Kd5 Nd3 Rxc7 Rd8+ Kc4 Nxb2+ Kb3 Nd3 Rc6+ Kb7,"{30003,30003,28811,29875,28747,29683,28195,29531,27907,29395,27243,29283,26723,29051,26275,28923,26115,28835,25467,28603,25003,28395,24683,27659,24251,26795,23419,26387,23235,26315,19963,25843,19171,25075,18323,23819,13963,22883,13771,22539,11987,21283,11795,19411,9627,18739,8795,17683,7067,17459,6835,17171,6187,16019,6035,15219,5811,14979,3003,14611,2467,13819,1856,13259,0}"
12940,VHUHYoYW,white,Drac25,falgun_marothia,win,mate,939,882,57,standard,blitz,blitz,300,0,5+0,lichess.org,19.0,8.18,,,30/07/25 00:59,2025-07-30 04:05:22.511+00,323.354,B01,Scandinavian Defense: Mieses-Kotroc Variation,Scandinavian Defense,4,5,17075,7.6,,,,,-5,12216,11.12,,,,,35,18,e4 d5 exd5 Qxd5 Nc3 Qc5 d4 Qa5 Bd2 e6 Bd3 Bb4 Nge2 Nc6 a3 e5 axb4 Nxb4 Rxa5 exd4 Nxd4 Nf6 Qe2+ Be6 Nxe6 fxe6 Qxe6+ Kf8 Nb5 a6 Nxc7 Rd8 Bxb4+ Rd6 Bxd6#,"{30003,30003,29675,30003,29627,29771,29115,29147,27523,28867,26579,28595,26163,28083,26003,27563,25747,27363,25011,27083,23691,26635,22851,26427,22355,24355,21907,23515,20611,21963,19867,12915,17307,12216,17075}"
12941,AwW3Gn5X,black,Drac25,DonToddo,win,mate,933,954,-21,standard,blitz,blitz,300,0,5+0,lichess.org,22.0,0.24,44.0,,30/07/25 00:51,2025-07-30 03:58:20.62+00,390.723,C23,Bishop's Opening,Bishop's Opening,3,6,11373,7.45,,,,,-6,11087,7.57,,,,,52,26,e4 e5 Bc4 Nc6 Qf3 Nf6 h3 Bc5 g4 Nd4 Qd3 d6 c3 Ne6 Qf3 Nf4 d3 Be6 Bxf4 Bxc4 dxc4 exf4 Qxf4 Qe7 Ne2 Nxe4 b4 Bxf2+ Kf1 Bb6 Qf3 c6 Nf4 O-O Qe2 Rae8 Nd2 Ng3+ Kg2 Nxe2 Nxe2 Qxe2+ Kg3 Qxd2 Rad1 Qxc3+ Kh4 Bf2+ Kh5 Re5+ g5 Qf3#,"{30003,30003,29643,29883,29435,29619,29339,28987,29147,28155,28947,26947,28811,26715,28411,26251,26891,25123,26411,24899,26251,24131,26019,22947,24987,22419,23179,21507,22387,17707,20443,16035,18699,15019,16195,13699,13643,13531,12931,13363,12795,13187,12331,12451,12003,12235,11835,11915,11331,11707,11087,11373}"
12942,6sgCm1rh,black,Drac25,DonToddo,loss,outoftime,939,949,-10,standard,blitz,blitz,300,0,5+0,lichess.org,20.0,-3.75,47.0,,30/07/25 00:42,2025-07-30 03:51:33.403+00,538.826,C23,Bishop's Opening,Bishop's Opening,3,-6,0,7.69,,,,,5,8664,5.47,,,,,79,40,e4 e5 Bc4 Nc6 Qf3 Nf6 h3 Bc5 g4 Nd4 Qd3 d6 c3 Nc6 Qf3 Be6 g5 Bxc4 gxf6 Qxf6 d3 Qxf3 Nxf3 Bxd3 Nbd2 O-O Nb3 Bb6 Rg1 Bxe4 Bh6 Bg6 Bg5 f6 Be3 Bxe3 fxe3 Be4 Nh4 g5 Nd2 Bg6 Nhf3 e4 Nd4 Nxd4 cxd4 d5 Rc1 c6 Rc5 h6 b4 Kg7 b5 f5 bxc6 bxc6 Rxc6 Rab8 Rc7+ Kf6 Rxa7 Ra8 Rd7 Rxa2 Rxd5 Ra1+ Ke2 Rxg1 Kf2 Rf7 Kxg1 f4 Nxe4+ Ke6 Rd6+ Kf5 Nc5,"{30003,30003,29771,29843,29595,29275,29507,28811,29307,27867,29011,26795,28915,25691,28595,24067,28291,23715,27931,23571,27147,23211,26931,22411,26003,19763,24243,19067,23899,14267,23275,12195,21563,11123,20803,10539,20523,9787,20107,7299,18123,6403,17171,5131,16627,4739,16363,3803,16083,3323,15747,2435,14331,2235,14099,1675,13779,1555,13555,1459,13131,1163,12907,896,12043,771,11683,684,11091,578,10875,518,10539,402,10219,221,9859,56,8664,0}"
12943,y45JilAg,white,Drac25,AnirbanKrSarma,win,mate,933,944,-11,standard,blitz,blitz,300,0,5+0,lichess.org,14.0,-5.25,,,30/07/25 00:35,2025-07-30 03:42:12.573+00,391.114,C20,King's Pawn Game: Wayward Queen Attack,King's Pawn Game,3,6,12644,5.79,,,,,-5,10723,6.65,,,,,61,31,e4 e5 Qh5 Nc6 Bc4 Qf6 c3 Na5 Na3 Bxa3 Bxf7+ Qxf7 Qxf7+ Kxf7 bxa3 Nf6 d3 Re8 Nf3 Kg8 Bg5 d6 Bxf6 gxf6 Nh4 Be6 c4 c6 O-O d5 exd5 cxd5 cxd5 Bxd5 Nf5 Rad8 Nh6+ Kg7 Nf5+ Kh8 Rab1 b6 Rbc1 Rd7 Rfe1 Be6 Ng3 Red8 d4 Rxd4 Ne2 Rd2 Nc3 Nc4 Ne4 Rxa2 Nxf6 Nxa3 Rc7 Rdd2 Rxh7#,"{30003,30003,29939,29819,29723,29499,29323,28859,27859,28475,26339,28219,26195,27859,26195,27019,25891,26411,25763,26107,25611,25579,25051,25579,24827,24283,24483,23683,24219,23427,24043,23259,23755,23011,23675,22011,22827,21259,22371,20035,21579,19419,21427,19059,19707,18747,18387,18155,16555,17723,16163,16995,15051,13603,14523,13059,14227,11459,12915,10723,12644}"
12944,gdjTlUOJ,black,Drac25,AnirbanKrSarma,loss,mate,939,939,0,standard,blitz,blitz,300,0,5+0,lichess.org,22.0,0.16,49.0,,30/07/25 00:25,2025-07-30 03:35:35.578+00,612.132,C50,Italian Game: Anti-Fried Liver Defense,Italian Game,6,-6,1001,5.69,,,,,5,1556,5.47,,,,,105,53,e4 e5 Nf3 Nc6 Bc4 h6 d4 Nxd4 Nxd4 exd4 Qxd4 b6 O-O Bc5 Qd5 Qe7 Bf4 c6 Qe5 f6 Qxe7+ Nxe7 Re1 d6 Nc3 b5 Bb3 a5 a3 Bd4 Red1 Kd7 Rxd4 c5 Rd2 c4 Rxd6+ Ke8 Rad1 cxb3 Rd8+ Kf7 Rxh8 bxc2 Rdd8 c1=Q+ Bxc1 Bb7 Rxa8 Bxa8 Rxa8 f5 Ra7 fxe4 Nxe4 Ke6 Nc5+ Kd5 Rxe7 Kxc5 Rxg7 Kc4 Rg6 Kb3 Rxh6 Kc2 Rh5 Kxc1 Rxb5 Kb1 Rxa5 Ka2 h4 Kxb2 h5 Kb3 h6 Kc4 Ra6 Kb5 Ra8 Kb6 h7 Kb7 h8=Q Kb6 Rg8 Kc5 Rg7 Kd5 Qh6 Kc5 Rg5+ Kd4 Qh4+ Kd3 Rg3+ Ke2 Qe4+ Kd2 Rd3+ Kc2 Qe2+ Kc1 Rd1#,"{30003,30003,29851,29867,29667,29683,29443,28539,29443,28155,29211,25731,22235,24787,21451,21003,17979,20211,17603,19251,17051,19107,15979,16651,15475,15363,14579,14899,12811,11435,11275,10203,10067,9931,8243,8659,7443,7659,6675,6971,6403,6675,5883,6139,5011,5715,4779,5227,4507,4963,4507,4619,3995,4355,3931,4275,3515,4131,3091,3939,3091,3803,3075,3723,2955,3643,2843,3523,2843,3147,2843,3051,2811,2979,2811,2763,2811,2667,2803,2627,2539,2475,2539,2427,2435,2291,2283,2171,2251,2099,2251,2011,2251,1883,2251,1579,2251,1523,1931,1395,1723,1251,1555,1001,1556}"
12945,p50kiWav,white,Drac25,holoredd,win,resign,932,996,-64,standard,blitz,blitz,300,0,5+0,lichess.org,26.0,-0.12,45.0,,30/07/25 00:17,2025-07-30 03:23:23.223+00,370.825,C02,French Defense: Advance Variation,French Defense,5,7,11682,7.97,,,,,-7,12216,7.73,,,,,47,24,e4 e6 d4 d5 e5 c6 g3 c5 Bg2 Nc6 c3 b6 Nf3 Ba6 Na3 h6 Qc2 Nge7 c4 Nb4 Qb3 dxc4 Nxc4 Bxc4 Qc3 Nf5 Qxc4 Nxd4 O-O Be7 Be3 O-O Bxd4 cxd4 Rad1 a6 Nxd4 b5 Qb3 Bc5 Bxa8 Qxa8 Nc2 Nxc2 Qxc2 Qf3 Qxc5,"{30003,30003,29803,29827,29163,29667,27555,29355,26899,27403,26403,26915,26203,26403,25187,26179,23347,25331,23035,25051,21387,24291,21171,23803,19779,22267,19275,21899,18507,19283,18243,18643,17667,18283,17083,16075,16531,15723,14603,14739,14171,14195,12227,13571,12035,12739,11682,12216}"
12946,WYTGq5oW,black,Drac25,seinne,win,resign,926,965,-39,standard,blitz,blitz,300,0,5+0,lichess.org,20.0,-2.88,,,30/07/25 00:11,2025-07-30 03:16:35.57+00,283.573,D00,Queen's Pawn Game: Accelerated London System,Queen's Pawn Game,3,6,13786,8.54,,,,,-63,19456,5.27,,,,,40,20,d4 d5 Bf4 Nf6 e3 Bf5 Nf3 Nbd7 c3 e6 h3 Ne4 Bg3 Nxg3 fxg3 Be4 Nbd2 Bd6 Nxe4 dxe4 Ng5 Bxg3+ Ke2 Qxg5 Qb3 Qh5+ Kd2 b6 Bb5 a6 Bc6 Rd8 a4 O-O d5 Nc5 Qb4 Nd3 Rac1 Nxb4,"{30003,30003,29963,29635,29899,29355,29899,28739,29803,28147,29259,27987,28155,26635,27987,25987,27075,24675,26803,24539,26483,24331,25899,23283,25235,22219,24963,21131,24379,15907,23619,15451,21859,15099,21219,14531,20627,14059,19851,13786,19456}"
12947,tncuNkgO,black,Drac25,SOL4819,loss,mate,931,994,-63,standard,blitz,blitz,300,0,5+0,lichess.org,21.0,2.19,,,29/07/25 23:30,2025-07-30 02:34:20.136+00,256.579,A04,Zukertort Opening: Black Mustang Defense,Zukertort Opening,2,-5,16510,7.94,,,,,4,20275,5.4,,,,,37,19,Nf3 Nc6 e3 e5 Be2 f6 d4 Bb4+ c3 Ba5 b4 Bb6 Bd3 d5 Nh4 Nge7 Qh5+ g6 Nxg6 Nxg6 Bxg6+ hxg6 Qxh8+ Kd7 Qg7+ Ne7 Qxf6 exd4 O-O dxc3 Nxc3 d4 Nb5 a6 Nxd4 Nd5 Qe6#,"{30003,30003,29939,29875,29883,29267,29427,28147,29267,28051,29107,27939,27891,26003,27683,25123,26683,24771,26459,22819,26315,22499,25947,20379,25763,20027,25227,19387,24243,18771,23923,18531,22819,17179,21499,16510,20275}"
12955,S5WigIuZ,white,Drac25,Philidor79,win,resign,914,936,-22,standard,blitz,blitz,300,0,5+0,lichess.org,21.0,-1.77,,,29/07/25 22:11,2025-07-30 01:18:21.209+00,418.591,B00,Pirc Defense,Pirc Defense,2,6,7840,7.92,,,,,-6,11567,6.58,,,,,57,29,e4 d6 Bc4 Nf6 d3 e5 Bg5 Nbd7 Nc3 h6 Bh4 g5 Bg3 h5 h3 h4 Bh2 c6 g3 b5 Bb3 a5 a3 a4 Ba2 Nc5 Nge2 d5 exd5 Nxd5 d4 exd4 Bxd5 Bb7 Qxd4 Rh6 Qe5+ Be7 Bg2 Re6 Qh8+ Bf8 Rd1 Qe7 O-O Nd7 Nxb5 cxb5 Bxb7 Rd8 Rde1 Nc5 Bc6+ Nd7 Bxb5 Rxe2 Rxe2,"{30003,30003,29531,29587,29211,29403,28963,29139,28387,28899,28083,28755,27955,28075,27659,27939,27435,27091,25723,25323,25355,24923,24891,24763,24739,24403,22459,23971,21795,23707,21595,21379,20691,19539,17219,18435,16211,18011,14339,17027,13771,16587,12235,16227,11731,14795,10851,14267,10587,13483,10075,13243,9707,12971,8659,12627,7840,11567}"
12948,k4Fcsxdg,white,Drac25,gatekeeper27,win,mate,925,931,-6,standard,blitz,blitz,300,0,5+0,lichess.org,14.0,0.18,38.0,,29/07/25 23:14,2025-07-30 02:24:29.421+00,585.268,C00,French Defense: Normal Variation,French Defense,3,6,1665,6.44,,,,,-5,4548,5.92,,,,,89,45,e4 e6 d4 Nc6 Nf3 d5 Nc3 Bb4 Bb5 Bxc3+ bxc3 dxe4 Bxc6+ bxc6 Ne5 Qe7 Qg4 f5 Qh5+ g6 Qe2 Nf6 f3 exf3 gxf3 h5 Rb1 O-O Nxg6 Qg7 Rg1 Bd7 Qf2 Nd5 Nxf8 Kxf8 Rxg7 Kxg7 Qg3+ Kf6 Qg5+ Kf7 Qxh5+ Ke7 Bg5+ Kd6 Kd2 Be8 Qh4 c5 Qg3+ e5 dxe5+ Kc6 e6 Rd8 Kc1 Rd6 c4 Nc3 Qg2 Rd1+ Kb2 Nxb1 f4+ Kb6 Qe2 Rd2 Qe5 Rd1 Bd8 Rxd8 Kxb1 Rd1+ Kb2 Ka5 e7 Rd7 Kb3 Rd1 Qxc5+ Ka6 Qc6+ Ka5 Qxe8 Rb1+ Kc3 Ra1 Qb5#,"{30003,30003,29795,29723,29275,29579,27627,28731,27203,28611,26955,28211,26675,27979,26587,25891,26035,25539,24779,25339,23715,24747,23283,23891,23123,22611,22859,21579,21883,20419,21227,19491,20539,18523,20339,17627,20059,17627,19419,17627,19043,17035,18291,16787,17619,16555,15963,15771,14787,15107,14499,14771,14323,14595,12611,14011,12099,13675,10371,13363,9195,12851,8211,11587,7003,11219,5827,10435,5339,8851,3851,8347,3659,7803,3491,7419,3315,6595,2819,5547,2643,5323,2371,5179,2219,4827,1939,4548,1665}"
12949,Gc429IeC,black,Drac25,gatekeeper27,win,mate,919,938,-19,standard,blitz,blitz,300,0,5+0,lichess.org,17.0,-2.24,50.0,,29/07/25 23:03,2025-07-30 02:14:37.231+00,637.684,C20,English Opening: The Whale,English Opening,3,6,361,5.2,,,,,-7,1221,5.05,,,,,116,58,c4 e5 e4 Nc6 d3 Bc5 Nf3 d6 d4 exd4 Bd2 Bg4 Be2 Qf6 h3 Bh5 g4 Bg6 Bg5 Qe6 a3 Bxe4 Qb3 Bxf3 Qxf3 d3 Qxd3 Nd4 O-O Nxe2+ Kh2 Qe5+ Kg2 Nf4+ Bxf4 Qxf4 Re1+ Ne7 Re2 O-O-O Nc3 c6 Na4 Rhe8 Nxc5 dxc5 Qg3 Qxc4 g5 Qxe2 Qg4+ Qxg4+ hxg4 Nd5 Rh1 h5 Rxh5 Nf4+ Kg3 Nxh5+ gxh5 Rh8 Kg4 g6 hxg6 fxg6 f4 Rd2 f5 gxf5+ Kxf5 Rxb2 g6 Rf2+ Kg5 Rg8 Kh6 c4 Kh7 Rff8 g7 Rd8 a4 c3 a5 c2 Kg6 c1=R Kf6 Rde8 Kf7 Rf1+ Kg6 Rg1+ Kf7 Ree1 Kxg8 Rxg7+ Kxg7 c5 Kf7 c4 Kf6 c3 Kg5 c2 Kf6 c1=R Kf7 Rc2 Kf6 Rf2+ Kg6 Rg1+ Kh5 Rh2#,"{30003,30003,29307,29515,28771,29355,28523,28851,28387,28275,27243,28107,26499,26099,25603,24819,25219,24643,23931,23091,21523,21803,19955,21379,19531,19979,18915,19635,17427,18827,16811,14379,15011,14075,14667,13811,14507,13731,13067,13051,12795,12219,12275,9875,11963,9675,10611,9139,8827,8875,8731,8019,8587,7555,7347,5875,6883,5715,6555,5643,6467,5323,6467,5107,6099,4979,5763,4723,5635,4491,5547,4275,5363,4107,5091,3955,4707,3787,4491,2947,4195,2523,3251,2451,3019,2363,2987,2115,2939,1891,2763,1563,2523,1363,2379,952,2171,846,2011,796,1731,796,1699,785,1627,773,1603,622,1603,482,1603,409,1387,361,1221,361}"
12950,kloEFiLu,white,Drac25,herbiewonder,loss,timeout,925,930,-5,standard,blitz,blitz,300,0,5+0,lichess.org,24.0,2.06,42.0,,29/07/25 22:44,2025-07-30 01:49:54.715+00,343.476,B03,Alekhine Defense,Alekhine Defense,5,-6,3173,12.78,,,,,6,11787,9.11,,,,,42,21,e4 Nf6 e5 Nd5 d4 e6 Bc4 Nb6 Bb3 d6 Nf3 h6 Bf4 a5 exd6 Bxd6 Bxd6 Qxd6 O-O a4 Ne5 axb3 Qf3 f5 Qh5+ Kd8 Nf7+ Ke7 Nxd6 cxd6 cxb3 N8d7 Nc3 Nf6 Qg6 Rg8 Rae1 Nbd5 Nxd5+ Nxd5 Qxe6+ Bxe6,"{30003,30003,29411,29683,28875,28731,28635,27915,28091,25955,27099,25291,26051,23427,24531,23083,24387,22899,23795,21859,22163,20787,21963,17675,19603,15787,19403,15259,19163,15187,18139,14291,17915,14043,17499,13259,16323,12267,15875,12003,15603,11787,3173}"
12951,ncxNCbQR,white,Drac25,TheKingMilk,win,mate,920,853,67,standard,blitz,blitz,300,0,5+0,lichess.org,,,,,29/07/25 22:42,2025-07-30 01:43:59.195+00,117.267,C20,"King's Pawn Game: Wayward Queen Attack, Kiddie Countergambit",King's Pawn Game,4,5,25257,4.75,,,,,-15,23902,6.78,,,,,21,11,e4 e5 Qh5 Nf6 Qxe5+ Be7 Bc4 d6 Qg3 Nc6 Qxg7 Rf8 c3 Rg8 Qxf7+ Kd7 Qe6+ Ke8 Qf7+ Kd7 Be6#,"{30003,30003,29931,29787,29827,29019,29051,28531,28867,27467,28387,26611,27243,25731,26707,24739,26155,24243,25387,23902,25257}"
12952,0Tp3xdOq,black,Drac25,Adverbly,loss,outoftime,926,937,-11,standard,blitz,blitz,300,0,5+0,lichess.org,22.0,0.33,60.0,,29/07/25 22:31,2025-07-30 01:41:38.984+00,579.32,D01,Richter-Veresov Attack: Two Knights System,Richter-Veresov Attack,7,-6,0,9.38,7.0,1.0,7.0,68.0,7,3552,8.27,3.0,2.0,4.0,70.0,65,33,d4 d5 Nf3 Nf6 Bg5 Nbd7 Nc3 h6 Bd2 Ne4 g3 Nxc3 Bxc3 e6 Bg2 Bd6 O-O f6 a4 b6 b4 Bb7 b5 a6 bxa6 Bxa6 Qd2 O-O Rfb1 e5 Bb4 Be7 dxe5 Nxe5 Nd4 Nc4 Qc1 Qd7 Bf1 Bc5 Bxc5 bxc5 Nb3 Nb6 Nxc5 Qc6 Nxa6 Rxa6 a5 Nc4 e3 Rfa8 e4 Rxa5 exd5 Qxd5 Bg2 Qc5 Bxa8 Rxa8 Rxa8+ Kf7 Rb7 Qc6 Rba7,"{30003,30003,29907,29875,29739,29491,29355,29163,29075,28515,27259,27635,27067,27363,26843,26467,26611,25779,25515,25539,25075,24411,24875,23787,24459,23547,22371,20171,21507,19459,21115,18267,19955,17867,18827,15163,17595,14083,14467,9075,12587,8627,11931,6003,11827,4155,9819,3795,9779,3275,9459,2931,6851,2139,6147,1659,4467,930,4331,608,4331,492,3811,280,3552,0}"
12953,YLohcmCc,black,Drac25,jeffbzh,win,mate,920,928,-8,standard,blitz,blitz,300,0,5+0,lichess.org,16.0,0.71,,,29/07/25 22:29,2025-07-30 01:31:38.115+00,149.086,D01,Rapport-Jobava System,Rapport-Jobava System,5,6,23756,7.81,,,,,-7,22139,9.83,,,,,18,9,d4 d5 Nc3 Nf6 Bf4 a6 Qd3 g6 Qg3 Nc6 Bxc7 Qd7 Bb6 Nb4 O-O-O Qf5 Qc7 Qxc2#,"{30003,30003,29827,29955,29659,29779,29403,27843,28955,27459,28683,26619,25219,24723,24515,24043,22139,23756}"
12954,lNqE2sSt,white,Drac25,yosoyibra,draw,draw,920,874,46,standard,blitz,blitz,300,0,5+0,lichess.org,18.0,-8.78,34.0,,29/07/25 22:19,2025-07-30 01:28:59.891+00,598.425,C20,King's Pawn Game: Wayward Queen Attack,King's Pawn Game,3,0,2219,5.15,,,,,1,533,5.56,,,,,109,55,e4 e5 Qh5 Nh6 Qxe5+ Qe7 Qxc7 Nc6 d3 Nd4 Bxh6 gxh6 Na3 d5 O-O-O Qxc7 Re1 Bxa3 exd5+ Kf8 c3 Qf4+ Kb1 Be7 cxd4 Bg5 Ne2 Bf5 Nxf4 Bxf4 g3 Bd2 Kc2 Bxe1 Bg2 Ba5 Be4 Bg4 f3 Bd7 d6 Kg7 a3 Rhc8+ Kb1 b5 Bxa8 Rxa8 b4 Bb6 d5 Bf5 Rd1 Bd4 g4 Bg6 f4 f5 h3 fxg4 hxg4 Kf6 Rf1 Bxd3+ Ka2 Bxf1 g5+ hxg5 fxg5+ Kxg5 a4 bxa4 Ka3 Rc8 d7 Rd8 Kxa4 Rxd7 b5 Rxd5 Ka5 Rxb5+ Ka6 Rb6+ Kxa7 Ra6+ Kb7 Bg2+ Kxa6 Bf1+ Kb7 Kf6 Kc7 Ke6 Kc6 Bc5 Kxc5 Bd3 Kd4 Bc2 Ke3 Bb1 Kf4 Ba2 Kg5 Bb3 Kh6 Bc4 Kxh7,"{30003,30003,29939,28667,29731,28275,29611,26699,28363,25923,27483,25587,27067,23883,24667,23539,23403,23051,22843,22723,22259,19795,19595,18091,18907,17867,18467,17235,18235,17123,16395,16635,15563,16083,14579,14035,13947,11731,12843,11419,12243,10787,11019,10451,9939,8195,9595,7843,9451,7603,9075,7139,7987,6371,7547,6043,7163,5923,6739,5211,6611,4171,6203,3435,5771,3291,5075,3139,5019,3035,4931,2771,4851,2219,4739,2051,4491,1875,4187,1779,3963,1563,3723,1347,3531,1067,3331,935,3091,782,2947,782,2827,782,2739,779,2651,608,2651,533,2515,533,2395,533,2331,533,2275,533,2219}"
13171,pfX1obxA,black,Drac25,Nikosalev,win,resign,980,983,-3,standard,blitz,blitz,300,0,5+0,lichess.org,21.0,-3.51,,,14/07/25 21:42,2025-07-15 00:45:17.392+00,171.08,C50,Italian Game: Anti-Fried Liver Defense,Italian Game,6,6,20481,5.95,,,,,-6,23807,3.64,,,,,34,17,e4 e5 Nf3 Nc6 Bc4 h6 d3 Bc5 g4 d6 g5 h5 g6 fxg6 Ng5 Nh6 Nf3 Bg4 Bxh6 gxh6 h3 Bxf3 Qxf3 Rf8 Qg3 Bxf2+ Qxf2 Rxf2 Kxf2 Nd4 Nc3 Qf6+ Ke3 Nxc2+,"{30003,30003,29979,29891,29643,29715,29219,29443,29051,28971,28867,26539,28587,26131,28371,24475,27699,23739,27499,23547,26595,23195,26491,22555,26011,22267,24787,22115,24715,21339,24451,20667,24115,20481,23807}"
12956,sV8ydAsA,black,Drac25,GaryG123,win,mate,908,940,-32,standard,blitz,blitz,300,0,5+0,lichess.org,28.0,-3.72,,,29/07/25 22:02,2025-07-30 01:10:12.933+00,488.015,A45,Queen's Pawn Game: Chigorin Variation,Queen's Pawn Game,4,6,2771,8.01,,,,,-7,10638,5.7,,,,,70,35,d4 d5 Nc3 Nf6 e3 Ne4 Nxe4 dxe4 f3 Bf5 g4 Bg6 Bg2 exf3 Nxf3 f6 h4 Be4 Nd2 Bxg2 Rg1 Bd5 h5 h6 b3 e6 c4 Bc6 e4 Bb4 d5 exd5 exd5 Bd7 Qe2+ Kf7 Qe4 c6 Qg6+ Kg8 Kd1 Bc3 Rb1 Na6 Ne4 Be8 Qf5 Bd4 Rf1 Bd7 Qg6 Be8 Qf5 Bd7 Qf4 Be5 Qe3 Bxg4+ Kd2 Qc7 d6 Bxd6 Nxd6 Qxd6+ Kc3 Qb4+ Kd3 Nc5+ Kd4 Rd8#,"{30003,30003,29907,29771,29803,29483,28403,29323,28171,28395,27587,28235,26851,27915,26195,27611,25779,26723,25243,26427,25115,26067,23587,25811,23475,24299,23331,23491,23027,22955,22091,21963,21835,21603,21699,19947,20827,18371,20523,17003,19811,16507,19219,15987,18603,12483,17771,10459,17395,9899,16747,8835,16507,8715,15675,8219,15083,7883,14243,6139,13843,5411,12603,5155,12267,4179,11499,3707,10638,2771}"
12957,v6g3B0OV,black,Drac25,erockjohnson,loss,mate,915,860,55,standard,blitz,blitz,300,0,5+0,lichess.org,17.0,0.67,51.0,,29/07/25 21:52,2025-07-30 01:01:40.986+00,538.728,C50,Italian Game: Anti-Fried Liver Defense,Italian Game,6,-7,99,8.08,,,,,7,8854,5.57,,,,,77,39,e4 e5 Nf3 Nc6 Bc4 h6 Nc3 Bb4 Nd5 Bd6 Nc3 Nd4 d3 c6 Be3 Nxf3+ Qxf3 Nf6 O-O O-O a3 b5 Bb3 a5 a4 bxa4 Bxa4 Ba6 b3 Bb4 Na2 c5 Qf5 c4 dxc4 d5 exd5 e4 Nxb4 axb4 Bc5 Qb8 Bxf8 Qxf8 Bc6 Rd8 Rxa6 Qd6 Ra8 Ng4 Qxg4 Rxa8 Bxa8 Qd8 Ra1 Kh7 Bc6 Qf6 Qxe4+ g6 Rd1 Qc3 Qd3 Qb2 Be8 Qa3 Bxf7 Kg7 Qf3 Kf8 Bxg6+ Ke7 Qf7+ Kd6 Qe6+ Kc5 Qc6#,"{30003,30003,29923,29899,29107,29691,28835,29299,28491,28355,28219,27923,26915,26915,26131,25363,25947,24931,25267,24627,24803,24187,24395,22995,23955,22307,23771,21827,23379,19235,22155,18091,20587,17123,19499,16107,19219,15483,17555,15171,17331,12827,16779,12179,15531,10667,14843,8859,14171,3379,13755,3027,13571,2771,13307,2443,12563,2267,12219,2067,11787,1467,11299,931,10899,793,10619,557,10107,498,9899,336,9355,196,9163,99,8854}"
12958,AlxzdGPN,white,Drac25,erockjohnson,win,resign,910,865,45,standard,blitz,blitz,300,0,5+0,lichess.org,22.0,6.04,63.0,,29/07/25 21:45,2025-07-30 00:52:24.904+00,440.967,C20,King's Pawn Game: Wayward Queen Attack,King's Pawn Game,3,5,10677,5.68,,,,,-5,7095,6.74,,,,,69,35,e4 e5 Qh5 Nc6 Bc4 g6 Qf3 Nf6 c3 d6 h3 Bh6 Ne2 O-O d3 Be6 Bxh6 Bxc4 dxc4 Re8 Bg5 Kg7 Bxf6+ Qxf6 Qxf6+ Kxf6 O-O Na5 b3 c5 Nd2 Nc6 b4 cxb4 cxb4 Nxb4 Rab1 a5 a3 Nd3 Rxb7 Rec8 Nc1 Nc5 Rb6 Ke6 f4 exf4 Rxf4 f5 exf5+ gxf5 Rf2 a4 Nf3 Ne4 Re2 Rxc4 Ng5+ Ke5 Nd3+ Kd4 Nxe4 fxe4 Rxd6+ Kc3 Ne5 Re8 Nxc4,"{30003,30003,29859,29859,29643,29795,29547,29747,29379,29547,29179,28355,28291,27851,27795,26411,27411,25851,27243,24883,26931,24507,24963,24307,24363,24211,24043,23283,23731,22395,23467,22019,22675,21851,22515,21731,22323,21563,22027,19427,21763,18211,21267,17587,19563,16443,19051,16203,18899,14963,17643,14699,17539,12395,16635,12115,16091,11291,15355,10371,15043,9467,13931,9315,13051,8299,10963,7627,10677,7095}"
12959,lmDtFSyK,white,Drac25,maximzhirkov,loss,outoftime,914,1003,-89,standard,blitz,blitz,180,2,3+2,lichess.org,22.0,-0.67,43.0,,29/07/25 13:30,2025-07-29 16:39:15.639+00,513.032,C00,French Defense,French Defense,2,-4,0,4.39,,,,,5,1978,4.01,,,,,82,41,e4 e6 Bc4 d5 exd5 exd5 Bb5+ Bd7 Bxd7+ Qxd7 Nf3 Nf6 h3 Bd6 d4 O-O Bg5 Ne4 Be3 Re8 O-O Nc6 c3 Ne7 Nbd2 f5 Ne5 Qb5 b4 Bxe5 dxe5 Ng6 Qh5 Rxe5 Nxe4 dxe4 a4 Qd7 Qd1 Rd8 Bf4 Nxf4 Qxd7 Rxd7 g3 Ne2+ Kh1 Nxc3 a5 Rd2 Kg2 h6 Rac1 Nb5 Rc5 Rxc5 bxc5 c6 g4 fxg4 hxg4 g5 Kg3 Kg7 f3 exf3 Rxf3 Rc2 Rd3 Rc3 Rxc3 Nxc3 Kf3 Kg6 Ke3 Nd1+ Kd4 h5 gxh5+ Kxh5 Ke5 g4,"{18003,18003,17619,18043,17131,18003,17163,17771,16723,16971,16395,17011,16387,16635,16331,16715,15899,15539,15363,13531,12979,11883,12603,11707,12019,10835,11715,9395,10491,7299,10251,7299,9275,6771,7875,5563,5795,5043,5107,4675,4107,3443,3723,3523,3827,3467,3667,3235,3515,3251,2867,3187,2731,2587,2059,2571,2139,2211,1315,2235,1331,1963,1435,1971,1411,1971,1507,1907,662,1651,553,1851,626,1723,568,1747,537,1787,550,1859,686,1978,0}"
12960,L5OQy0TW,black,Drac25,Hridayyy,loss,timeout,920,883,37,standard,blitz,blitz,300,0,5+0,lichess.org,27.0,1.57,,,29/07/25 00:05,2025-07-29 03:13:08.112+00,428.115,C45,Scotch Game,Scotch Game,7,-6,1314,15.1,,,,,6,8734,11.19,,,,,39,20,e4 e5 Nf3 Nc6 d4 exd4 Nxd4 Qf6 Nxc6 Qxc6 Nc3 Bc5 Bb5 Qf6 O-O Bb6 Nd5 Qd6 Bf4 Qc5 c4 c6 b4 Qf8 Nc7+ Bxc7 Bxc7 cxb5 cxb5 Qxb4 e5 Qxb5 e6 fxe6 Re1 Qc4 Rc1 Qf4 Bxf4,"{30003,30003,29515,29891,28051,27699,26715,27043,25339,26347,24827,25875,23675,25619,22675,23851,19979,21891,18523,20451,14363,19947,13099,19483,11611,19291,11587,18739,11059,17723,10675,15947,10195,14307,9355,12659,9035,10643,8734,1314}"
12961,lEeMeZnV,white,Drac25,Santi_tGano,loss,timeout,925,954,-29,standard,blitz,blitz,300,0,5+0,lichess.org,22.0,-8.41,,,28/07/25 23:52,2025-07-29 02:55:16.313+00,189.652,C20,King's Pawn Game: Wayward Queen Attack,King's Pawn Game,3,-5,9708,14.5,,,,,42,22767,5.57,,,,,28,14,e4 e5 Qh5 d6 Bc4 Nh6 d3 g6 Qf3 Bg4 Qxf7+ Nxf7 Bxf7+ Kxf7 h3 Be6 Nf3 Ke8 Ng5 Bh6 Nd2 Bxg5 Nc4 Bxc1 Rxc1 b5 Na5 Na6,"{30003,30003,29851,28923,29459,28019,29179,26851,22547,26555,22379,26075,22107,25835,21675,25483,21523,25339,21027,24747,20203,24467,19947,23883,19747,23643,19251,22767,9708}"
12962,fy1qQEnu,white,Drac25,zakgaraa,win,resign,919,971,-52,standard,blitz,blitz,300,0,5+0,lichess.org,,,,,28/07/25 23:50,2025-07-29 02:51:10.577+00,11.569,C20,King's Pawn Game: Wayward Queen Attack,King's Pawn Game,3,6,29525,2.39,,,,,-6,29015,4.94,,,,,5,3,e4 e5 Qh5 Nh6 Qxe5+,"{30003,30003,29915,29755,29525,29015}"
12963,TqrR34L5,black,Drac25,zakgaraa,loss,resign,924,966,-42,standard,blitz,blitz,300,0,5+0,lichess.org,20.0,7.51,,,28/07/25 23:48,2025-07-29 02:50:29.622+00,107.472,C50,Italian Game: Anti-Fried Liver Defense,Italian Game,6,-5,20445,9.56,,,,,5,26887,3.12,,,,,21,11,e4 e5 Nf3 Nc6 Bc4 h6 d3 Bc5 Nc3 Nge7 O-O Nd4 Nxe5 d5 exd5 Nxd5 Bxd5 c6 Nxf7 Be6 Nxd8,"{30003,30003,29891,29803,29763,29627,29707,29379,29611,28675,29443,28379,28843,26947,28155,24723,27619,23859,27099,23123,26887,20445}"
12979,pwzXBEiS,white,Drac25,p-andre,loss,resign,971,941,30,standard,blitz,blitz,300,0,5+0,lichess.org,13.0,-0.94,46.0,,26/07/25 08:23,2025-07-26 11:30:27.867+00,440.912,B00,Pirc Defense,Pirc Defense,2,-6,9584,5.67,,,,,6,8584,5.95,,,,,73,37,e4 d6 Bc4 Nf6 d3 e5 Bg5 g6 Qf3 Bg7 Nh3 O-O Nc3 Bg4 Qe3 Nbd7 f3 Bxh3 gxh3 Qe8 Nd5 Nxd5 Bxd5 c6 Bc4 b5 Bb3 c5 c4 bxc4 Bxc4 Nb6 Bb3 Kh8 Bh6 Bxh6 Qxh6 Rc8 O-O-O Qc6 Kb1 c4 dxc4 Nxc4 Bxc4 Qxc4 Rc1 Qd3+ Ka1 Rxc1+ Rxc1 Re8 f4 exf4 Qxf4 Qxe4 Qxd6 f5 a3 f4 Qb4 f3 Qc3+ Kg8 Qc4+ Qxc4 Rxc4 f2 Rf4 Re1+ Ka2 f1=Q Kb3,"{30003,30003,29779,29915,29387,29819,29203,29659,28907,29531,28339,29411,27635,29003,26939,28835,26187,28603,25963,28603,24771,28259,24611,27827,24387,27227,24155,26675,23323,26075,22947,25819,22411,24779,21563,24123,21403,22891,20083,20507,19419,20291,18827,20195,18651,20083,18587,19739,18059,18507,17219,18211,15195,16875,14875,14091,13531,12139,12715,11979,11683,10459,10571,10075,10027,9867,9883,9771,9811,9427,9643,9243,9584,8584}"
12964,UTDS3SLK,white,Drac25,JamaicanRasta,loss,outoftime,930,879,51,standard,blitz,blitz,300,0,5+0,lichess.org,21.0,0.68,52.0,,28/07/25 23:15,2025-07-29 02:26:08.362+00,630.923,C00,French Defense: Normal Variation,French Defense,3,-6,0,5.17,,,,,6,854,5.11,,,,,116,58,e4 e6 d4 Nc6 Bb5 Nce7 Bg5 h6 Bh4 a6 Ba4 c6 Nf3 f6 Nc3 d6 Nd2 e5 d5 g5 Bg3 h5 h3 h4 Bh2 Nh6 dxc6 bxc6 Qh5+ Kd7 Nd5 Nxd5 exd5 Bb7 Qf3 Qc7 c4 Kc8 Qxf6 Be7 Qxh8+ Bd8 Qxh6 c5 Qxg5 Bxg5 O-O Bxd2 Rad1 Bf4 Bxf4 exf4 Rde1 Kb8 Re4 Qf7 Rfe1 Ka7 Re7 Qf6 Bc6 Rb8 a4 Qxb2 Bxb7 Rxb7 R7e4 Rf7 R4e2 Qc3 Rb1 Qxc4 a5 Rb7 Rbe1 Qxd5 f3 c4 Re4 c3 Rxf4 Qc5+ Kh1 d5 Rxh4 d4 Rh6 d3 Ree6 c2 Rxa6+ Kb8 Rh8+ Kc7 Rh7+ Kd8 Ra8+ Qc8 Rxc8+ Kxc8 Rh4 c1=Q+ Kh2 d2 Rh8+ Kc7 Rh7+ Kb8 Rxb7+ Kxb7 Kg3 d1=Q h4 Qc7+ f4 Qd3+,"{30003,30003,29707,29339,29523,28195,28771,27755,28595,27579,28355,27491,27875,26483,26979,25955,25539,23043,24923,21259,24027,21155,23659,21019,23459,20739,22147,20499,21643,19747,20923,19451,20803,18803,19027,18403,18195,17443,17579,16891,16603,15115,16235,14419,15099,14179,14435,14067,13051,13531,12747,13427,12683,13163,11907,12891,11379,12595,11251,11507,10563,10987,9739,10803,8787,10563,8467,9707,7971,8155,7331,7795,7067,7219,5355,6379,4371,6219,4187,6051,3867,5323,3515,5195,3347,5091,2779,4931,2619,4707,2491,4387,2371,4131,2091,3243,1659,2219,1555,2107,1195,1971,1131,1875,972,1747,891,1611,506,1507,460,1427,367,1139,248,854,0}"
12965,clJHI8HM,black,Drac25,JamaicanRasta,loss,outoftime,937,872,65,standard,blitz,blitz,300,0,5+0,lichess.org,26.0,-2.78,40.0,,28/07/25 23:05,2025-07-29 02:15:20.106+00,572.561,A00,Van't Kruijs Opening,Van't Kruijs Opening,1,-7,0,8.82,,,,,7,5386,7.24,,,,,69,35,e3 e5 e4 Qh4 Nf3 Qxe4+ Qe2 Qxc2 Qxe5+ Ne7 Qc3 Qe4+ Be2 Nbc6 O-O b6 Qe3 Qxe3 dxe3 Bb7 Bd2 f6 Bb5 O-O-O Bxc6 Nxc6 g3 Ne7 Nd4 Nc6 Nxc6 Bxc6 a3 Bd6 Bb4 Be5 Bc3 Kb8 Bxe5 fxe5 Nc3 h5 e4 g5 f3 h4 g4 h3 Kf2 Rdf8 Kg3 a5 a4 Kb7 b3 Rf4 Ne2 Rf7 Rf2 Rhf8 Ng1 b5 Nxh3 Rh7 Nxg5 Rh6 axb5 Bxb5 b4,"{30003,30003,29811,28811,29611,28571,29435,28403,29059,27707,27219,27027,26451,23811,24827,22443,24075,21627,22971,21483,21779,21203,18243,20475,17859,20187,17283,18083,16691,17835,16499,17627,16139,16379,15803,16011,15011,13131,14803,13003,14363,11387,14203,11179,14067,9843,13811,9643,12835,8971,12507,4963,11019,4115,9723,3435,9115,2675,7595,2203,7227,1355,6755,875,6587,234,5955,74,5386,0}"
12966,gQQbm753,white,Drac25,JamaicanRasta,loss,resign,944,865,79,standard,blitz,blitz,300,0,5+0,lichess.org,24.0,-5.56,48.0,,28/07/25 22:58,2025-07-29 02:05:33.1+00,418.688,C00,French Defense: Mediterranean Defense,French Defense,4,-7,4429,8.52,,,,,7,15898,4.86,,,,,60,30,e4 e6 d4 Nf6 e5 Nd5 Bc4 Nb6 Bb3 Nc6 Nf3 Be7 Nbd2 Bb4 c3 Be7 a3 Bg5 Nxg5 Qxg5 Nf3 Qxg2 Be3 Qxh1+ Ke2 Qxd1+ Rxd1 O-O Ng5 Nd5 Bd2 Nde7 d5 exd5 Bc2 g6 Nf3 d6 exd6 cxd6 Bg5 Re8 Kd2 Nf5 Bxf5 Bxf5 Nd4 Nxd4 cxd4 Bg4 Rc1 Re2+ Kc3 Rxf2 Kb4 Rxb2+ Ka5 b6+ Ka4 Bd7+,"{30003,30003,29443,29787,29283,29155,27795,28339,25691,26083,25347,25467,23139,24587,22643,24331,21675,24163,21339,23971,21291,23547,20523,23283,19915,22995,19555,22811,16987,22251,16547,22003,15811,21859,15211,21123,14227,20771,13499,20619,13107,20427,11371,19363,9603,18731,8907,18507,8779,17299,8355,17011,7643,16883,7251,16579,6123,16307,5475,15898,4429}"
12967,75Gv6nb7,black,Drac25,CHODESZN,loss,resign,949,1006,-57,standard,blitz,blitz,300,0,5+0,lichess.org,18.0,1.68,37.0,,28/07/25 22:51,2025-07-29 01:58:23.011+00,423.831,A40,Englund Gambit,Englund Gambit,2,-5,11436,4.32,,,,,6,8781,4.94,,,,,87,44,d4 e5 dxe5 Nc6 Nf3 Bb4+ Nc3 Bxc3+ bxc3 d6 exd6 cxd6 e4 Bg4 Bb5 a6 Bxc6+ bxc6 O-O Nf6 h3 Bh5 Bg5 h6 Bxf6 Qxf6 g4 Bg6 Re1 O-O e5 dxe5 Nxe5 Rae8 Nd7 Rxe1+ Qxe1 Qxc3 Nxf8 Qxe1+ Rxe1 Kxf8 f4 Bxc2 f5 h5 Re2 Bd3 Re3 Bc4 gxh5 Bxa2 Ra3 Bc4 Ra4 Bd3 Rb4 Bxf5 Rb8+ Ke7 Rb7+ Kf6 Rb6 a5 Rxc6+ Kg5 Rc5 a4 Kg2 a3 Kg3 a2 Ra5 Kxh5 Rxf5+ g5 Ra5 f5 Rxa2 f4+ Kf3 Kh6 Kg4 f3 Rf2 Kg6 Rxf3,"{30003,30003,29851,29787,29443,29315,29275,29011,29275,28195,27147,27907,25515,27651,24947,26307,24707,26211,24707,25571,24323,25299,23699,24899,23323,24779,22443,24363,22211,23987,21883,23819,21683,23691,21483,23419,21291,21875,20963,21683,20779,21563,20355,21387,20059,19251,17963,18139,17531,17715,16243,17187,16099,16723,15779,16571,15043,16035,14851,15563,14731,15419,14339,14227,13843,13891,13283,13763,12811,13651,12811,13523,12459,12731,11051,12603,10635,12363,10347,12275,10011,12107,9099,11883,8915,11595,8781,11436}"
12968,9FDZUX4d,white,Drac25,CHODESZN,loss,resign,953,999,-46,standard,blitz,blitz,300,0,5+0,lichess.org,22.0,-5.39,,,28/07/25 22:45,2025-07-29 01:51:09.732+00,340.12,B10,Caro-Kann Defense: Hillbilly Attack,Caro-Kann Defense,3,-4,13001,8.95,,,,,7,13837,8.98,,,,,38,19,e4 c6 Bc4 d5 exd5 cxd5 Bxd5 Qxd5 Nc3 Qxg2 Qf3 Bh3 Qxh3 Qxh1 Qg4 Nf6 Qa4+ Nc6 Ne2 e6 d3 Bc5 Be3 Bxe3 fxe3 O-O O-O-O Qxh2 Nc3 Rad8 Nf3 Qf2 Nd4 Qxe3+ Kb1 Rxd4 Ne4 Rxa4,"{30003,30003,29291,30003,29179,29907,29107,29651,29027,29483,28587,27491,25491,27163,22387,26467,21923,26075,21291,24883,20347,21771,19619,21011,19195,20627,18739,20315,17123,18219,16611,15387,15987,14627,14731,14419,13387,13837,13001}"
12969,egPjLWlM,black,Drac25,BG0099,loss,mate,959,989,-30,standard,blitz,blitz,300,0,5+0,lichess.org,28.0,5.2,,,28/07/25 22:36,2025-07-29 01:44:42.054+00,492.928,C64,Ruy Lopez: Classical Variation,Ruy Lopez,6,-6,6305,9.48,,,,,5,6271,9.13,,,,,53,27,e4 e5 Nf3 Nc6 Bb5 Bc5 O-O Nge7 c3 a6 Bxc6 Nxc6 d4 exd4 cxd4 Bb4 d5 Ne7 Bd2 Bd6 Nc3 c6 e5 Bc5 d6 Nd5 Nxd5 cxd5 Bg5 f6 exf6 gxf6 Re1+ Kf7 Re7+ Kg6 Qd3+ f5 Rg7+ Kxg7 Bxd8 Rxd8 Qxf5 Rf8 Qg5+ Kf7 Qe7+ Kg8 Ng5 Bxf2+ Kh1 b5 Qxh7#,"{30003,30003,30003,29827,29827,29427,29371,29267,28811,29115,28651,28947,28603,28779,28347,27763,28035,26683,26315,25427,26203,25043,25507,24099,25123,22555,24355,22235,23915,21403,23483,21291,19667,20115,18875,19475,16355,17843,9835,16387,9835,15787,8987,15187,8139,12731,7563,11651,6715,8611,6563,6305,6271}"
12970,nklIQz7a,black,Drac25,LuisHancco_UTP,win,mate,953,947,6,standard,blitz,blitz,300,0,5+0,lichess.org,32.0,3.29,,,28/07/25 22:27,2025-07-29 01:36:15.878+00,546.934,C22,Center Game: Hall Variation,Center Game,7,6,1175,9.61,,,,,-6,7261,7.58,,,,,62,31,e4 e5 d4 exd4 Qxd4 Nc6 Qc4 Na5 Qd4 c5 Qe5+ Qe7 Qc3 b6 Nf3 Qxe4+ Be2 Bb7 O-O d6 Bb5+ Bc6 Bxc6+ Qxc6 Re1+ Ne7 Bg5 f6 Bf4 g5 Bg3 Bg7 Na3 O-O Rad1 f5 Bxd6 Bxc3 bxc3 Qb7 Nb5 Rfe8 Nc7 Rad8 Nxe8 Rxe8 Ne5 Kf8 Rd3 Nc6 Nf3 h6 Re6 Kf7 Rxh6 g4 Rh7+ Kg8 Ng5 Ng6 Rxb7 Re1#,"{30003,30003,29819,29787,29523,29691,29267,28595,28531,27715,27683,26995,26883,25419,26283,24883,25899,22939,24915,21987,23227,21347,22587,20899,22403,20691,22043,20275,21883,19635,21595,19099,21131,18563,20387,18339,19923,18091,19091,15403,18179,14299,17427,12259,16539,11883,16027,10675,14003,8507,11739,6395,10195,5843,9715,2635,9555,2451,9115,1339,7261,1175}"
13172,L39dCqcq,white,Drac25,Shaloows,win,resign,974,1005,-31,standard,blitz,blitz,300,0,5+0,lichess.org,,,,,14/07/25 21:41,2025-07-15 00:42:01.839+00,29.74,B01,Scandinavian Defense: Mieses-Kotroc Variation,Scandinavian Defense,4,6,29310,2.31,,,,,-6,28916,3.62,,,,,7,4,e4 d5 exd5 Qxd5 Nc3 Qc6 Bb5,"{30003,30003,29835,30003,29787,29611,29310,28916}"
12971,jucfOQyI,white,Drac25,inukanMichael003,win,resign,946,1001,-55,standard,blitz,blitz,300,0,5+0,lichess.org,17.0,-0.17,27.0,,28/07/25 22:12,2025-07-29 01:21:50.666+00,554.399,C20,"King's Pawn Game: Wayward Queen Attack, Kiddie Countergambit",King's Pawn Game,4,7,5076,5.42,3.0,3.0,2.0,85.0,-6,218,6.47,2.0,6.0,4.0,80.0,93,47,e4 e5 Qh5 Nf6 Qxe5+ Qe7 Qxc7 Na6 Qc4 Qxe4+ Qxe4+ Nxe4 Nc3 Nb4 Bd3 Nxd3+ cxd3 Nxc3 dxc3 d6 h3 Be7 Nf3 O-O Bg5 Bxg5 Nxg5 Bf5 d4 Rfe8+ Kd2 d5 g4 h6 gxf5 hxg5 h4 f6 h5 Kf7 Rae1 Rxe1 Rxe1 Rh8 Rh1 g6 fxg6+ Kg7 Ke3 Re8+ Kf3 f5 Kg3 Re4 f3 Rf4 h6+ Kxg6 h7 Rh4 h8=Q f4+ Kg2 Rxh8 Rxh8 Kf5 Rf8+ Kg6 Kh3 Kh5 Rh8+ Kg6 Kg4 Kf6 Rh7 Kg6 Rxb7 Kh6 Rxa7 Kg6 Ra6+ Kg7 Rd6 Kf7 b4 Ke7 Rxd5 Ke6 c4 Ke7 b5 Ke6 b6,"{30003,30003,29915,29531,29779,28355,27891,26979,23843,26139,23619,26011,22707,24947,22291,22963,22091,22723,21867,21459,20883,20699,19891,20187,19563,20011,19427,19203,18715,18787,18291,17203,17875,16915,17451,16763,16563,16115,15939,14371,14763,13091,14603,12859,14003,12467,13459,12083,12747,10731,12539,10259,11195,9739,10795,9243,9723,8915,9555,6307,8635,5859,7691,5323,7507,5043,7211,4859,7051,4571,6867,4419,6747,3947,6547,3811,6395,3627,6131,3523,5971,3259,5795,2931,5731,2795,5179,2531,5107,2123,5075,1955,5076,218}"
12972,AuzLV32f,black,Drac25,Dmaianavas,loss,timeout,952,970,-18,standard,blitz,blitz,180,2,3+2,lichess.org,16.0,4.84,,,28/07/25 12:33,2025-07-28 15:38:11.205+00,289.751,C64,"Ruy Lopez: Classical Variation, Central Variation",Ruy Lopez,7,-6,2492,10.34,,,,,5,14758,2.16,,,,,31,16,e4 e5 Nf3 Nc6 Bb5 Bc5 c3 Nge7 d4 exd4 Bxc6 Nxc6 cxd4 Nxd4 Nxd4 Bxd4 Qxd4 d5 Qxg7 Rf8 Nc3 dxe4 Nxe4 Qe7 f3 Bf5 Bg5 Qb4+ Nc3 Qe7+ Bxe7,"{18003,18003,17947,18107,17267,17923,16875,17355,16491,6875,16147,6579,16235,6531,16323,5419,16267,5259,16115,3571,16171,3107,16371,2931,15875,2971,15499,2763,14731,1259,14758,2492}"
12973,m5iEjHEh,white,Drac25,whodafu,loss,mate,958,922,36,standard,blitz,blitz,300,0,5+0,lichess.org,21.0,-1.74,46.0,,27/07/25 22:13,2025-07-28 01:20:50.136+00,439.22,C20,King's Pawn Game: Wayward Queen Attack,King's Pawn Game,3,-6,11271,6.94,,,,,6,6419,8.73,,,,,56,28,e4 e5 Qh5 Nc6 Bc4 g6 Qf3 Nf6 c3 Bg7 b4 Ne7 Ba3 d6 h3 O-O Ne2 d5 exd5 Nfxd5 d4 Be6 b5 a6 Nd2 axb5 Bxe7 Qxe7 Bxb5 Ra5 c4 Nb4 Qc3 Rfa8 a3 exd4 Qxd4 Rxa3 Rxa3 Rxa3 O-O Bxd4 Nxd4 Rd3 Nxe6 Qxe6 Nf3 Rxf3 gxf3 Nd3 Kh2 Nf4 Kg3 g5 Rg1 Qxh3#,"{30003,30003,29771,29819,29635,29683,29499,29571,29363,29331,28795,28099,28347,26835,28235,26675,27499,22923,26939,22811,25939,21243,25323,18459,24259,18163,23699,17987,23323,15851,22419,14851,21779,12131,20851,9803,19867,9491,19387,9339,19299,8435,18579,8267,16987,8099,16547,7675,16379,7243,15523,7155,12819,6651,11271,6419}"
12974,TsJqZMSW,black,Drac25,whodafu,loss,mate,965,915,50,standard,blitz,blitz,300,0,5+0,lichess.org,25.0,3.13,,,27/07/25 22:09,2025-07-28 01:13:24.195+00,240.273,C50,Italian Game: Anti-Fried Liver Defense,Italian Game,6,-7,21228,4.88,,,,,7,15798,7.48,,,,,39,20,e4 e5 Nf3 Nc6 Bc4 h6 d3 Bc5 Nc3 Bb4 O-O Nf6 a3 Bxc3 bxc3 d6 d4 Nxe4 Re1 Nxc3 dxe5 Bg4 exd6+ Kf8 Qd3 Bxf3 Qxf3 Ne5 Rxe5 f6 Qxc3 fxe5 Qxe5 cxd6 Qf5+ Ke7 Qe6+ Kf8 Qf7#,"{30003,30003,29923,29931,29859,29715,29779,29371,29635,28771,29179,28091,29011,27755,29011,27331,28915,26771,28299,26475,28027,25963,27547,25427,25899,24483,24299,23603,23763,23099,17891,22035,17771,21883,16187,21483,15987,21228,15798}"
12975,PJHFSSYT,black,Drac25,bebo87,loss,resign,970,994,-24,standard,blitz,blitz,300,0,5+0,lichess.org,,,,,27/07/25 22:04,2025-07-28 01:07:16.671+00,184.103,C22,Center Game: Paulsen Attack Variation,Center Game,7,-5,2649,54.71,,,,,5,28415,3.18,,,,,11,6,e4 e5 d4 exd4 Qxd4 Nc6 Qe3 d5 Nc3 Na5 Nxd5,"{30003,30003,29763,29651,29619,29395,29499,28971,29163,13611,28415,2649}"
12976,j3qZrvO2,white,Drac25,aberndt,win,mate,965,956,9,standard,blitz,blitz,300,0,5+0,lichess.org,19.0,10.99,,,26/07/25 13:17,2025-07-26 16:20:13.194+00,172.589,C20,King's Pawn Game: Wayward Queen Attack,King's Pawn Game,3,5,20986,5.3,,,,,-6,23751,3.91,,,,,35,18,e4 e5 Qh5 g6 Qxe5+ Qe7 Qxh8 Qxe4+ Ne2 f6 Qxg8 Qxc2 Na3 d6 Nxc2 Bf5 Ncd4 Be6 Qxe6+ Be7 Qg8+ Bf8 Qxh7 Nd7 Qxg6+ Kd8 Ne6+ Ke7 Nxc7 Rc8 Nd5+ Ke6 Ndf4+ Ke5 d4#,"{30003,30003,29891,29835,29683,29515,29555,29131,29195,28059,28715,27307,27619,26819,27267,26555,26731,26203,26419,25827,25179,25163,25011,24987,24835,24811,24707,24467,23395,24251,22883,24003,22107,23751,20986}"
12977,JUwA6xaK,black,Drac25,Rahman_77,win,mate,959,965,-6,standard,blitz,blitz,300,0,5+0,lichess.org,20.0,-0.29,45.0,,26/07/25 13:11,2025-07-26 16:16:51.217+00,330.956,D00,Queen's Pawn Game,Queen's Pawn Game,3,6,7700,8.26,,,,,-6,20995,3.34,,,,,56,28,d4 d5 e3 a6 Ne2 Bf5 g3 e6 Bg2 c6 O-O Nf6 Nf4 Bd6 Re1 Bxf4 gxf4 Be4 Bxe4 Nxe4 Qd3 Qf6 Nc3 Qg6+ Kf1 O-O Nxe4 dxe4 Qc4 b5 Qc5 Nd7 Qxc6 Nf6 b3 Ng4 Ke2 Qh5 Kd2 Nxh2 Qxe4 Nf3+ Ke2 Nxe1+ Kxe1 Rac8 Bb2 Rc7 Rd1 h6 d5 Rfc8 dxe6 Rxc2 Qd4 Qh1#,"{30003,30003,29947,29435,29875,29011,29731,28779,29619,28219,29547,27379,29443,26835,29027,26323,28923,25411,28795,25251,28211,24275,27675,23779,27491,21731,27211,21555,26891,21243,26491,20163,26155,19867,25691,19571,25163,18915,24899,18067,24715,17419,23715,15579,23563,14955,23067,11955,22883,10939,22635,9811,21803,8315,20995,7700}"
12978,7xPFFg7T,white,Drac25,Rahman_77,loss,mate,965,959,6,standard,blitz,blitz,300,0,5+0,lichess.org,23.0,2.98,72.0,,26/07/25 13:03,2025-07-26 16:11:09.338+00,469.528,B01,Scandinavian Defense: Mieses-Kotroc Variation,Scandinavian Defense,4,-6,1001,8.29,,,,,6,13771,4.64,,,,,72,36,e4 d5 exd5 Qxd5 Nc3 Qe6+ Nge2 c6 d4 Nd7 g3 b5 Bg2 Bb7 O-O Qf6 Ne4 Qg6 Nc5 Nxc5 dxc5 e5 b4 Nh6 h3 Nf5 Bb2 Rd8 Qc1 Qe6 Qg5 h6 Qh4 Nxh4 gxh4 Be7 h5 Rd2 Ng3 Rxc2 Bc1 a5 a3 axb4 axb4 Qc4 Ba3 Rc3 Rfc1 Rxc1+ Rxc1 Qb3 Ra1 g6 Kh2 gxh5 Nxh5 Rg8 Ng3 Bh4 Ne4 Qc2 Kh1 f5 Nd6+ Kd7 Nxb7 Qxf2 Rd1+ Kc7 Nd6 Qxg2#,"{30003,30003,29411,29859,29411,29619,28907,29539,28563,29427,28083,29051,27859,28947,27579,27899,26227,27219,25131,26947,24971,26203,24427,25435,23555,24875,21939,24691,21659,23387,18763,22747,18011,22507,17675,22067,16731,21683,14763,21483,13947,20859,13307,20739,13131,19939,12331,19267,11771,18971,11507,18395,10123,17635,8915,17331,8715,16987,7003,16371,6347,14875,3219,14619,2723,14315,2403,14155,1947,13971,1001,13771}"
12980,ex3fljkM,white,Drac25,danishze,loss,mate,977,965,12,standard,blitz,blitz,300,0,5+0,lichess.org,17.0,-2.12,49.0,,25/07/25 17:47,2025-07-25 20:52:11.198+00,273.925,C20,King's Pawn Game: Wayward Queen Attack,King's Pawn Game,3,-6,16093,5.35,,,,,6,18738,4.33,,,,,54,27,e4 e5 Qh5 Nc6 Bc4 g6 Qf3 Nf6 c3 Bc5 d3 d6 d4 Bg4 Qd3 exd4 cxd4 Bb6 d5 Nb4 Qb3 a5 Bb5+ c6 dxc6 bxc6 Bxc6+ Nxc6 Bg5 O-O Bxf6 Qxf6 Qxb6 Nd4 Nc3 Nc2+ Kf1 Nxa1 f3 Rab8 Qxa5 Be6 Nge2 Rxb2 Kf2 Bc4 Rxa1 Bxe2 Nxe2 Qd4+ Ke1 Qe3 Qc3 Qxe2#,"{30003,30003,29915,29891,29603,29795,29475,29755,29355,29163,29219,28547,28755,28299,27795,28219,27499,27995,27195,27915,26507,27011,26331,26691,26171,26587,25643,26475,25155,26171,25027,26035,24931,25443,23955,25227,23227,25227,22627,24467,21707,23955,20107,23427,19411,22763,18739,22275,18451,22083,18051,20227,16093,18738}"
12981,SnJunpey,black,Drac25,stefdu53,draw,stalemate,977,947,30,standard,blitz,blitz,300,0,5+0,lichess.org,9.0,0.82,50.0,,25/07/25 17:37,2025-07-25 20:46:37.071+00,554.034,C25,"Vienna Gambit, with Max Lange Defense","Vienna Gambit, with Max Lange Defense",5,0,602,4.39,,,,,1,9460,3.07,,,,,136,68,e4 e5 f4 Nc6 Nc3 Bc5 Bb5 Qh4+ g3 Qf6 Bxc6 Qxc6 Nd5 Nf6 d3 Nxd5 exd5 Qxd5 Qg4 O-O Bd2 d6 Qf3 e4 dxe4 Qd4 c3 Qc4 b3 Qa6 b4 Bb6 Be3 c5 f5 cxb4 cxb4 Qa4 a3 Qb3 f6 Qxe3+ Qxe3 Bxe3 Nf3 gxf6 Rd1 Bg4 Ke2 Bxf3+ Kxf3 Bg5 Rxd6 h5 g4 hxg4+ Kxg4 Rad8 Rd5 Rxd5 exd5 Kg7 d6 Kg6 d7 Rd8 Rd1 f5+ Kg3 f4+ Kg4 f6 h4 f5+ Kf3 Bh6 a4 Kh5 Kf2 Kxh4 Rh1+ Kg5 Rxh6 Kxh6 Kf3 Kg5 b5 Rxd7 a5 Rd3+ Ke2 Ra3 b6 axb6 axb6 Rb3 Kf2 Rxb6 Kf3 Rb3+ Kf2 Ra3 Ke2 Kg4 Kf2 f3 Kf1 Rd3 Kf2 Rd8 Ke3 b6 Kf2 b5 Ke3 b4 Kf2 b3 Ke3 b2 Kf2 b1=Q Ke3 Qb3+ Kf2 Qb2+ Ke3 Qb3+ Kf2 Rc8 Ke1 Rc2 Kd1 Ra2+ Kc1 Rg2,"{30003,30003,29915,29643,29459,28851,29179,27123,28811,26995,28243,26779,27787,25971,27035,25619,26835,24779,26467,24251,26083,22307,25643,20363,25355,18659,24659,16979,22963,15659,22011,15187,21275,13779,20819,13267,20563,12275,20299,11579,19715,10475,19387,10259,18867,9419,18571,8723,17971,7923,17835,6955,17651,6147,17363,5579,17163,5387,16555,4835,16419,4731,16283,4555,16043,4435,15859,4275,15571,4123,15427,4027,15091,3843,14851,3467,13843,3323,13587,3123,13459,2531,12883,2371,12827,2299,12563,2235,12483,2115,12259,1963,12171,1819,12051,1683,11779,1619,11683,1579,11547,1579,11451,1579,10883,1467,10683,1379,10603,1323,10467,1323,10339,1323,10275,1323,10235,1315,10187,1315,10123,1315,10083,1235,9979,1091,9915,940,9803,896,9651,844,9579,799,9460,602}"
12982,gLVv44ui,black,Drac25,zig_razor,loss,timeout,983,1007,-24,standard,blitz,blitz,300,0,5+0,lichess.org,28.0,1.31,,,25/07/25 17:21,2025-07-25 20:27:59.775+00,394.404,C44,Ponziani Opening,Ponziani Opening,5,-6,3264,10.28,,,,,6,11926,6.95,,,,,53,27,e4 e5 Nf3 Nc6 c3 Bc5 b4 Bb6 a4 a6 a5 Ba7 d4 h6 Nxe5 d6 Nxc6 bxc6 Nd2 d5 exd5 cxd5 Qe2+ Ne7 Nf3 O-O Ne5 Ng6 Qh5 Bf5 Qxf5 Re8 Bxa6 f6 Bb5 Re7 Bc6 Nh4 Qh5 Nxg2+ Kf1 fxe5 Bxa8 exd4 Bxd5+ Kh8 Bxg2 dxc3 Bg5 g6 Qxh6+ Kg8 Bxe7,"{30003,30003,29803,29827,29187,29419,28763,29059,28523,28939,28371,28803,28003,27707,27723,27019,27475,26659,26203,26219,26027,26091,25139,25563,24931,25003,24467,24243,23579,21827,22723,20283,21723,17795,20667,17323,19827,16171,18019,14379,17859,12587,17395,12235,16651,11747,16219,11283,15091,10739,13979,10355,11926,3264}"
12983,Ab4CwIjK,black,Drac25,Affenbaer,loss,mate,988,1013,-25,standard,blitz,blitz,300,0,5+0,lichess.org,19.0,-1.27,,,25/07/25 13:53,2025-07-25 17:02:58.704+00,547.327,C23,Bishop's Opening: Boi Variation,Bishop's Opening,4,-5,2607,10.54,,,,,6,4618,9.4,,,,,55,28,e4 e5 Bc4 Bc5 Nf3 h6 Nc3 Nc6 d3 d6 O-O Bg4 a3 Nd4 h3 Bxf3 gxf3 Nf6 f4 O-O f5 Qd7 b4 Bb6 a4 a6 a5 Ba7 Nd5 Nxd5 Bxd5 c6 Ba2 Qe7 Bb2 Qg5+ Kh1 Qf4 Bxd4 exd4 Rg1 Qh4 Rg3 Kh7 Qf3 Bb8 Rag1 Rg8 Bxf7 Qf6 Bxg8+ Kh8 Rxg7 d5 Rh7#,"{30003,30003,29819,29891,29563,29779,25491,29563,25275,29243,23427,27995,23107,27515,22243,27283,21739,24163,20859,23787,17923,20131,16371,19843,15923,18195,15771,18035,14411,17131,14187,16051,13459,14683,13283,14147,12867,13331,12275,12427,11027,12083,9283,8691,8107,6923,7763,6067,7307,3603,6619,3427,4803,2607,4618}"
12984,o8QqXHMV,white,Drac25,Bawel1917,win,outoftime,984,862,122,standard,blitz,blitz,300,0,5+0,lichess.org,22.0,2.69,62.0,,25/07/25 02:29,2025-07-25 05:38:46.945+00,541.638,C00,French Defense,French Defense,2,4,8267,5.43,,,,,-8,0,7.5,,,,,81,41,e4 e6 Qh5 g6 Qf3 Qf6 Bc4 Qxf3 Nxf3 Nf6 h3 Nxe4 d3 Bb4+ c3 Nxf2 Kxf2 Bc5+ Ke2 Nc6 d4 Be7 Nbd2 Bg5 Ne4 Bxc1 Raxc1 b6 Nf6+ Kf8 d5 Ne7 dxe6 dxe6 Bd3 Ng8 Ng4 h5 Nge5 Bb7 Nd7+ Ke7 Nde5 f6 Nxg6+ Kf7 Nxh8+ Kg7 Ng6 f5 Nf4 Nf6 Nxe6+ Kg6 Nf4+ Kh6 Bxf5 Re8+ Kf2 Ne4+ Bxe4 Bxe4 Rce1 c5 Nd2 Rd8 Nxe4 c4 Rd1 Re8 Ke3 a5 Rd6+ Kg7 Rxb6 a4 Rb4 Rd8 Nxh5+ Kg6 Nf4+,"{30003,30003,29931,29115,29771,28403,28587,27963,28435,27659,27939,27427,27659,26563,27291,25315,26619,25075,26211,24435,25803,23731,24659,23211,24123,22595,23603,22115,23331,21051,22363,20531,22011,20171,21315,19283,19851,18827,19499,17371,19179,16819,17731,15691,17571,14467,17435,14347,16923,13459,16035,13147,15299,12419,13531,11635,12291,11091,11419,10243,11219,9907,10219,6643,10075,4387,9803,3307,9675,2811,9379,2323,9219,1971,8795,1699,8627,743,8467,367,8267,0}"
12985,BeTNKf1L,white,Drac25,JesusIsTheMessiahGod,loss,resign,989,1019,-30,standard,blitz,blitz,300,0,5+0,lichess.org,31.0,-6.49,50.0,,25/07/25 02:22,2025-07-25 05:29:34.646+00,407.622,C20,King's Pawn Game: Wayward Queen Attack,King's Pawn Game,3,-5,9212,6.71,,,,,5,11975,6.01,,,,,62,31,e4 e5 Qh5 Bd6 Bc4 Nf6 Qf3 O-O d3 c6 Bg5 Be7 Bxf6 Bxf6 Qh5 g6 Qf3 d5 exd5 cxd5 Bb3 b5 c3 a6 Nd2 Bb7 Bxd5 Bxd5 Qe3 Nd7 Nh3 Bxg2 Rg1 Bxh3 Qxh3 Bg5 O-O-O Bxd2+ Rxd2 Nf6 d4 exd4 Rxd4 Qb6 Qf3 Nh5 Rgd1 Rad8 Qe3 Rxd4 cxd4 Nf6 Kb1 Nd5 Qe5 Nb4 a3 Nc6 Qd6 Rd8 Qc5 Qxc5,"{30003,30003,29939,29763,29683,29483,29299,29435,29131,28979,28771,28803,28211,28803,27747,28547,27163,28411,26275,28411,25387,27907,25155,27763,24971,26307,23955,25835,22739,23803,22339,22715,21355,22571,21115,21387,20779,20515,20587,20115,20027,19947,19787,19267,18283,18019,17835,16915,15971,16667,15035,15579,12707,15211,11675,13667,10667,13083,9883,12611,9491,11975,9212}"
12986,B4JPut3a,black,Drac25,MongMong604,loss,outoftime,994,1079,-85,standard,blitz,blitz,300,0,5+0,lichess.org,18.0,0.97,37.0,,25/07/25 02:13,2025-07-25 05:22:23.363+00,561.752,C46,Three Knights Opening,Three Knights Opening,5,-5,0,7.69,,,,,4,6102,6.13,,,,,79,40,e4 e5 Nf3 Nc6 Nc3 Bc5 Nxe5 Nxe5 d4 Bxd4 Qxd4 d6 Be2 c5 Bb5+ Bd7 Bxd7+ Qxd7 Qd1 Nf6 O-O Qg4 Qxg4 Nexg4 h3 Ne5 Re1 O-O Bg5 Nh5 Rad1 f6 Bh4 g5 Bg3 Nxg3 fxg3 Nc4 b3 Nb2 Rxd6 Rad8 Rxd8 Rxd8 Kf1 c4 bxc4 Nxc4 a4 Re8 Kf2 Kg7 Kf3 f5 a5 Nd2+ Ke2 Nxe4 Nxe4 Rxe4+ Kd2 Rd4+ Kc3 Ra4 Re5 Kf6 Rb5 Ra3+ Kb4 Rxg3 Rxb7 Rxg2 Rxh7 Rxc2 Rxa7 Rb2+ Kc4 f4 Ra6+,"{30003,30003,29891,29859,29731,29619,28859,29451,28715,25483,28459,24451,27315,23939,25795,23563,25275,23435,23763,21275,23235,20163,22715,20003,20875,19555,20651,17395,19683,15603,18651,15139,17387,14603,17179,14419,17091,11355,16107,8115,15907,7915,15683,7731,15235,7099,14955,6939,14707,6507,14099,5971,13827,5491,12595,4867,10619,4379,10403,3171,9995,2963,8771,2795,8419,2499,7843,931,7667,598,7427,398,6995,263,6683,182,6467,102,6102,0}"
12987,Dt2AUl3a,black,Drac25,raj619,win,mate,988,995,-7,standard,blitz,blitz,300,0,5+0,lichess.org,23.0,0.2,39.0,,25/07/25 02:04,2025-07-25 05:12:41.326+00,499.292,C62,Ruy Lopez: Steinitz Defense,Ruy Lopez,6,6,7825,5.99,,,,,-13,4768,6.82,,,,,76,38,e4 e5 Nf3 Nc6 Bb5 d6 Bxc6+ bxc6 d3 Bg4 Bg5 Be7 Be3 d5 Nbd2 dxe4 Nxe4 Nf6 h3 Bh5 O-O Nxe4 dxe4 Qxd1 Raxd1 O-O Rd3 Bf6 Nd2 h6 b3 Bg6 c4 Be7 Nf3 Bxe4 Rd7 Bxf3 gxf3 Bd6 Kh1 Rae8 Rg1 g5 c5 Be7 Rxc7 a5 Rxc6 Rc8 Re6 Bxc5 Rxe5 Bxe3 Rxe3 Rc2 a4 Rxf2 Re5 Rxf3 Rxa5 Rxh3+ Kg2 Rxb3 Rb5 Ra3 a5 Ra2+ Kg3 Kg7 Kg4 Ra4+ Kh5 f6 Rgb1 Rh4#,"{30003,30003,29851,29939,29659,29715,29291,29547,29291,29139,29139,28683,28091,26811,27819,26659,27355,25467,25883,24491,23163,24195,22803,23195,22555,22811,21787,22627,18443,21955,17275,21603,16835,21187,16315,20699,15243,19315,15011,18339,13915,17371,13651,16843,12451,15411,10707,14931,10499,14395,9147,14091,8443,12923,8227,12019,7923,11531,7171,10995,6867,10771,6611,10635,6315,9979,6043,9083,5747,8931,5555,8611,5403,8019,4768,7825}"
12988,N2KqodrC,white,Drac25,enesertas869,loss,resign,992,1114,-122,standard,blitz,blitz,300,0,5+0,lichess.org,12.0,0.18,32.0,,25/07/25 01:57,2025-07-25 05:04:01.66+00,384.315,C20,King's Pawn Game: Wayward Queen Attack,King's Pawn Game,3,-4,5761,6.22,,,,,4,17215,3.37,,,,,78,39,e4 e5 Qh5 Nc6 Bc4 Nh6 c3 d6 d3 Bg4 Qg5 Qxg5 Bxg5 Be7 Bxh6 gxh6 h3 Bh5 Bd5 O-O Bxc6 bxc6 Nf3 d5 Nbd2 f6 g4 Bg6 Nh4 dxe4 Nxg6 hxg6 dxe4 f5 exf5 gxf5 Rg1 Bg5 Nf3 fxg4 Nxe5 gxh3 Nf3 Rae8+ Kf1 Rxf3 Re1 Rxe1+ Kxe1 h2 Rh1 Bf4 Ke2 Rh3 Kf1 Rh5 Kg2 Rg5+ Kf3 Rf5 Kg4 Rf6 f3 Bd6 f4 Rxf4+ Kh5 Rf6 Kg4 Kg7 Kh3 Rg6 b4 Rg1 Rxh2 Bxh2 Kxh2 Ra1,"{30003,30003,29907,29651,29795,29571,29043,29091,28819,28971,27155,27699,26987,27139,26691,27003,26483,26747,23779,25875,23627,25875,23147,25331,22787,24899,22659,24635,20931,24083,20771,24083,20307,23619,19971,23619,19667,23267,19235,22611,18067,22115,15491,21787,14787,21627,14379,21443,14267,21379,13315,21283,12731,21155,12403,20907,12243,20603,12099,20283,11611,19595,10763,19211,10267,18995,9995,18755,9531,18051,8675,17819,8195,17379,7275,17251,7211,17215,5761}"
12989,uIINIb0p,white,Drac25,clebed,loss,mate,996,1100,-104,standard,blitz,blitz,300,0,5+0,lichess.org,22.0,-0.74,,,25/07/25 01:48,2025-07-25 04:57:17.086+00,499.901,C20,King's Pawn Game: Wayward Queen Attack,King's Pawn Game,3,-4,771,9.13,,,,,4,11477,5.79,,,,,66,33,e4 e5 Qh5 Nc6 Bc4 Nh6 d3 g6 Qf3 Nd4 Qd1 c6 Bxh6 Bxh6 c3 Ne6 Qf3 O-O Qh3 Bg7 Bxe6 dxe6 Ne2 Qb6 O-O Qxb2 Nd2 Qxd2 Ng3 Qxd3 Rac1 f5 Rfd1 Qc4 Qh4 f4 Nf1 f3 g3 Bf6 Qg4 Qxa2 Qxf3 Be7 Qe3 Bc5 Qxc5 b6 Qxe5 Qxf2+ Kh1 Qf3+ Kg1 Qf2+ Kh1 Bb7 Qxe6+ Rf7 Rd2 Qf3+ Rg2 c5 Kg1 Bxe4 Rf2 Qxf2#,"{30003,30003,29819,29675,29739,29403,29307,28931,29147,28763,27291,27963,27075,27779,26403,27403,26187,27163,25451,26747,24531,26163,23691,25979,22947,25667,19995,25451,19643,24731,18531,23203,17659,22915,16075,21171,13955,19963,13307,19251,11483,18051,10043,17675,8515,17347,7835,16867,7619,16547,7075,15731,6627,14403,6267,14139,4435,13667,3483,12835,3123,12523,1795,12035,771,11477}"
12990,J6j6nTfh,black,Drac25,NadhifHaidar17,loss,resign,1001,1055,-54,standard,blitz,blitz,300,3,5+3,lichess.org,27.0,-3.65,56.0,,24/07/25 01:39,2025-07-24 04:52:42.739+00,797.896,C20,King's Pawn Game: Leonardis Variation,King's Pawn Game,3,-5,8038,6.86,,,,,5,1129,9.02,,,,,65,33,e4 e5 d3 Nc6 Nf3 Bc5 Bg5 f6 Be3 Bxe3 fxe3 Nh6 Be2 d6 O-O O-O Nc3 Be6 Nd5 Rc8 a3 Qe8 Nh4 g5 Nf5 Nxf5 exf5 Bxf5 Rxf5 Qe6 e4 Nd4 c4 Nxf5 exf5 Qe8 Bh5 Qd7 b4 c6 Ne3 h6 Bg6 c5 bxc5 Rxc5 Nd5 Ra5 d4 b5 dxe5 fxe5 cxb5 Rxb5 Rb1 Rxb1 Qxb1 Kg7 a4 Rf6 Nxf6 Kxf6 Qe4 Qb7 Qxb7,"{30003,30003,30299,30139,30483,30251,29275,30067,29123,29443,29035,28563,29179,28539,29315,28235,27915,27819,22179,25979,21883,25139,18227,24219,13987,23699,14115,23867,14099,20779,13667,20515,13171,20339,11291,19747,11171,18659,9587,18835,8843,15451,8483,13875,5683,13843,5083,12323,4483,12067,3939,11755,3611,11595,3483,10627,3099,8963,2163,8467,1931,8547,1051,8403,1129,8038}"
12991,pbjm85lQ,white,Drac25,jhon_levi,win,mate,995,982,13,standard,blitz,blitz,300,3,5+3,lichess.org,,,,,24/07/25 01:38,2025-07-24 04:39:14.86+00,20.321,B00,Nimzowitsch Defense,Nimzowitsch Defense,2,6,29699,1.01,,,,,-5,30096,-0.47,,,,,7,4,e4 Nc6 Bc4 e5 Qh5 Nf6 Qxf7#,"{30003,30003,29939,30147,29907,30096,29699}"
12992,Ppihpi2j,white,Drac25,benjidenji,loss,resign,999,1089,-90,standard,blitz,blitz,300,3,5+3,lichess.org,24.0,-3.62,,,24/07/25 01:34,2025-07-24 04:38:30.145+00,236.055,B00,Pirc Defense,Pirc Defense,2,-4,24453,3.7,,,,,5,21819,5.85,,,,,30,15,e4 d6 Bc4 f5 Nc3 Nf6 d3 fxe4 dxe4 e5 Bg5 Be7 h3 Bd7 Nd5 Nxd5 Bxe7 Nxe7 Qf3 Rf8 Qh5+ g6 Qh6 b5 Bb3 a5 Qxh7 a4 Qf7+ Rxf7,"{30003,30003,29459,30299,28875,30027,28891,28259,28299,28243,28363,28371,27915,27739,28019,27803,28115,27859,26723,26299,26539,25011,25843,23371,25187,21803,25211,21707,25283,21819,24453}"
12993,kcs8Fo6b,black,Drac25,queenslower,win,resign,994,999,-5,standard,blitz,blitz,300,3,5+3,lichess.org,20.0,-3.68,66.0,,24/07/25 01:20,2025-07-24 04:34:03.071+00,784.807,C44,King's Knight Opening: Normal Variation,King's Knight Opening,4,5,9298,4.82,,,,,-6,596,6.68,,,,,88,44,e4 e5 Nf3 Nc6 d3 Bc5 c3 d6 b4 Bb6 a3 Bg4 Be2 Nf6 Ng5 Bxe2 Qxe2 h6 Nxf7 Kxf7 Be3 Bxe3 Qxe3 a6 Nd2 Kg8 O-O d5 Qc5 dxe4 Nxe4 Nxe4 dxe4 Qe7 Qc4+ Qf7 Qd3 Kh7 b5 Rad8 Qg3 axb5 a4 b4 cxb4 Nxb4 Qxe5 Nc6 Qb5 Rb8 a5 Na7 Qd3 Qg6 a6 b6 Qd7 Rbc8 e5 Rhd8 Qe7 Re8 Qh4 Rxe5 Rae1 Rxe1 Rxe1 b5 f4 Qb6+ Qf2 Qxa6 g4 Qb6 Qxb6 cxb6 f5 Rc4 h3 Nc6 Kg2 Nd4 Kg3 Rc3+ Kf4 Rc4 Ke5 Nf3+,"{30003,30003,30051,30051,30043,30123,30123,29787,30291,29707,30451,29539,30579,28579,30491,28251,30339,27115,30195,27083,29595,25267,29107,24491,27627,23387,27395,22603,25131,20123,24931,19251,23627,17875,23395,17915,21211,17747,19939,17579,18051,17187,17363,16531,17419,16667,16267,16427,15275,15139,15067,14339,13355,13507,12827,13011,12099,12211,11475,12099,10099,12155,4091,12067,4203,11459,4395,10683,4099,10275,2691,10147,2763,9579,2747,9755,2723,9411,2723,9363,1659,9563,1155,9747,1211,9267,1131,9298,596}"
12994,PVB1xwdZ,white,Drac25,dhorsch,loss,resign,1001,910,91,standard,blitz,blitz,300,3,5+3,lichess.org,15.0,-4.93,,,24/07/25 01:16,2025-07-24 04:19:40.521+00,202.494,C20,King's Pawn Game: Wayward Queen Attack,King's Pawn Game,3,-7,21836,9.07,,,,,7,20480,11.9,,,,,18,9,e4 e5 Qh5 Nc6 Bc4 g6 f3 Nf6 Qg5 d6 Nc3 Be7 Qh6 Nh5 g4 Bg5 Qg7 Nxg7,"{30003,30003,30235,27963,30395,27187,30475,25811,26579,23219,25947,23227,25451,22715,24963,20419,24851,20480,21836}"
12995,SNh5KiiR,white,Drac25,DrChax,win,mate,995,987,8,standard,blitz,blitz,300,3,5+3,lichess.org,,,,,24/07/25 01:15,2025-07-24 04:16:05.887+00,15.096,C20,King's Pawn Game: Wayward Queen Attack,King's Pawn Game,3,6,30030,-0.09,,,,,-7,30170,-0.83,,,,,7,4,e4 e5 Qh5 Nc6 Bc4 Nf6 Qxf7#,"{30003,30003,30211,30267,30347,30170,30030}"
12996,WPgyxMAK,white,Drac25,Ne_Valera,loss,resign,1001,1010,-9,standard,blitz,blitz,300,3,5+3,lichess.org,,-2.91,,,24/07/25 01:13,2025-07-24 04:15:11.713+00,103.853,C20,King's Pawn Game: Wayward Queen Attack,King's Pawn Game,3,-6,26685,3.32,,,,,8,27777,2.47,,,,,20,10,e4 e5 Qh5 g6 Qf3 c6 Bc4 Nf6 d3 Bg7 Nh3 O-O Ng5 d5 exd5 cxd5 Bxd5 Nxd5 Qxd5 Qxd5,"{30003,30003,30211,29651,30339,28451,30435,27387,30579,27379,29995,27363,29179,27275,28539,27467,28571,27643,28499,27777,26685}"
13036,c5MXZy51,black,Drac25,queenesme,win,mate,990,1022,-32,standard,blitz,blitz,300,0,5+0,lichess.org,,-1.5,,,21/07/25 02:54,2025-07-21 05:58:15.802+00,231.166,C46,Three Knights Opening,Three Knights Opening,5,6,21760,7.49,,,,,-6,16564,12.22,,,,,24,12,e4 e5 Nc3 Nc6 Nf3 Bc5 Bc4 h6 O-O d6 d3 Bg4 Bd2 Nd4 Nd5 Nxf3+ gxf3 Bh3 Re1 Qh4 f4 Qxf2+ Kh1 Qg2#,"{30003,30003,28771,29083,25859,28475,24619,27827,23059,27051,22371,26211,21155,25995,19595,24099,19187,23467,18899,22691,17355,21923,16564,21760}"
12997,fpY1ch8t,white,Drac25,Bambuzz,loss,outoftime,1006,1036,-30,standard,blitz,blitz,300,3,5+3,lichess.org,31.0,1.42,45.0,,24/07/25 00:49,2025-07-24 04:02:35.115+00,767.215,B20,Sicilian Defense,Sicilian Defense,2,-5,0,7.9,,,,,5,3759,7.09,,,,,76,38,e4 c5 Qh5 e6 Bc4 Nf6 Qf3 g6 d3 Bg7 e5 Nd5 Bxd5 exd5 Qxd5 O-O Be3 Re8 Nf3 Qc7 O-O Bxe5 d4 cxd4 Bxd4 Qd6 Qc4 b5 Qd3 Bg7 Nc3 a6 Rad1 Qf4 Bxg7 Kxg7 Rde1 Rxe1 Rxe1 Nc6 Re8 Nb4 Qe3 Qxe3 fxe3 Nxc2 Nd5 Bb7 Rxa8 Bxa8 Nc7 Bc6 Ne8+ Kf8 Nd6 Nxe3 Kf2 Nc4 Nxc4 bxc4 Nd4 Bb5 Nxb5 axb5 Ke3 Ke7 Kd4 Kd6 b3 cxb3 axb3 f5 g3 h6 h3 h5,"{30003,30003,30251,29779,30099,29539,29091,27531,28491,27699,27659,26523,27475,26707,25771,26827,24539,26979,24275,24827,22667,24371,20587,23395,20715,21963,15099,20803,13587,17027,11563,15211,10403,11059,9371,11147,9579,11203,9755,10875,8875,5979,7155,3523,7283,3611,6587,3627,5499,3795,5243,3643,5291,3675,5435,3707,4339,2923,3715,3099,3915,2819,3835,3019,3955,3315,4171,3619,4107,3763,4299,3571,4403,3699,4078,3759,0}"
12998,AalOBRXs,white,Drac25,Dr_Knight7,loss,timeout,1011,1015,-4,standard,blitz,blitz,300,3,5+3,lichess.org,,-1.68,,,24/07/25 00:03,2025-07-24 03:07:31.578+00,245.93,C20,King's Pawn Game: Wayward Queen Attack,King's Pawn Game,3,-5,8095,21.91,,,,,6,18053,13.28,,,,,20,10,e4 e5 Qh5 Qe7 Nf3 Nf6 Qxe5 Qxe5 Nxe5 Nxe4 Bc4 Bc5 Bxf7+ Ke7 O-O Rf8 Bd5 Nxf2 Nf3 Ng4+,"{30003,30003,30235,25387,29731,25515,29803,24875,29971,25131,29667,24787,28979,24219,28211,23979,24531,22571,23563,18053,8095}"
12999,s6mOI38H,black,Drac25,Dr_Knight7,draw,stalemate,1011,1015,-4,standard,blitz,blitz,300,3,5+3,lichess.org,22.0,0.41,54.0,,23/07/25 23:50,2025-07-24 03:03:04.88+00,751.556,C46,Three Knights Opening,Three Knights Opening,5,0,19620,2.12,,,,,0,915,5.82,,,,,101,51,e4 e5 Nf3 Nc6 Nc3 h6 Bb5 d6 d3 Ne7 Be3 a6 Ba4 Be6 O-O b5 Bb3 Bxb3 axb3 b4 Nd5 Nxd5 exd5 Ne7 d4 Nxd5 Ra5 Nxe3 fxe3 f6 c3 d5 Re1 c5 dxc5 Qxa5 Qxd5 Rd8 Qe6+ Be7 Qc6+ Rd7 Qc8+ Qd8 Qxa6 O-O c6 Rd6 cxb4 Rd1 Qc4+ Kh8 c7 Rxe1+ Nxe1 Qc8 Nd3 Bd6 b5 Qxc7 Qe4 Qc1+ Nxc1 Bb4 Nd3 Bd6 b4 f5 Qd5 Be7 Nxe5 Bxb4 Qe6 Be7 Nf7+ Rxf7 Qxf7 Bf6 Qf8+ Kh7 b6 Bxb2 b7 Be5 b8=Q Bxb8 Qxb8 g6 Qc7+ Kg8 Qd6 Kf7 Qd5+ Kf6 Qd4+ Kg5 Qf4+ Kh5 g3 g5 Qxf5,"{30003,30003,29331,30211,29235,30027,26979,29787,26739,29931,26435,29531,26395,29195,26123,29355,25867,29483,26171,29643,25883,29715,25763,28403,24283,28019,21963,27771,20611,27107,16011,24779,12723,24099,11955,24227,9923,22939,7547,22355,6699,21667,6187,21707,5851,21795,5699,21763,4315,20995,2627,20035,2755,19267,3059,19435,2947,18803,1403,18611,417,18235,580,18139,734,18091,637,18179,681,18115,814,18211,500,18235,670,18243,970,18347,981,18499,1139,18579,1291,18627,1227,18715,1523,18803,1483,18971,1643,19131,1419,19251,1379,19403,1523,19499,1339,19620,915}"
13000,YVkOpK6K,black,Drac25,a_lieb,loss,outoftime,1016,1094,-78,standard,blitz,blitz,300,3,5+3,lichess.org,25.0,1.59,56.0,,23/07/25 22:52,2025-07-24 02:02:21.394+00,575.904,A00,Polish Opening,Polish Opening,1,-5,0,6.98,,,,,4,20806,2.14,,,,,87,44,b4 e5 b5 c6 a4 b6 Bb2 Bd6 Nf3 f6 e4 cxb5 axb5 Bb7 d3 Nh6 Nh4 g5 Nf5 Nxf5 exf5 Qe7 d4 Bb4+ c3 Bd6 Qh5+ Qf7 Qxf7+ Kxf7 dxe5 Bxe5 f3 d5 Bd3 d4 cxd4 Bf4 O-O Be3+ Kh1 Rd8 Ra4 Bd5 Bc4 a6 bxa6 Bxc4 Rxc4 Rxa6 Rc7+ Ke8 Rxh7 Bxd4 Bxd4 Rxd4 Rh8+ Kd7 Rxb8 Ra1 Rxb6 Kc7 Rxf6 Rb4 Rc1+ Kb7 Rfc6 Rbxb1 Rc7+ Kb6 Rc6+ Kb5 Rc5+ Kb4 Rc4+ Kb3 Rc3+ Kb2 Rc2+ Kb3 Rc3+ Ka2 Rc2+ Rb2 Rxa1+ Kxa1 Rxb2,"{30003,30003,27715,29299,27563,28931,27563,28275,27571,27571,27235,26571,27243,26395,27299,26083,26851,24643,26955,24795,27115,22891,26667,22587,26667,22387,26547,20403,26651,20563,25715,20155,25563,19075,25491,18939,25499,18187,25443,17755,25171,17779,24427,15867,24147,13923,22163,13515,22195,13347,21171,12731,21139,12019,20779,12195,20987,10635,21107,10651,21155,10675,21299,10747,21011,10371,20299,10475,20283,10571,20115,10763,20275,10963,20307,11171,20483,11315,20667,11203,20843,10915,20963,11043,20619,10507,20806,0}"
13001,Kxo51oSC,white,Drac25,a_lieb,win,resign,1009,1101,-92,standard,blitz,blitz,300,3,5+3,lichess.org,24.0,-0.17,43.0,,23/07/25 22:47,2025-07-24 01:52:22.658+00,321.461,B10,Caro-Kann Defense: Hillbilly Attack,Caro-Kann Defense,3,7,17727,5.34,,,,,-7,24909,2.21,,,,,47,24,e4 c6 Bc4 b5 Bb3 e6 d3 d5 exd5 cxd5 d4 Nf6 Bg5 h6 Bh4 Be7 Nd2 Ng4 Bxe7 Qxe7 h3 Nf6 Ndf3 Nc6 Ne5 Nxe5 dxe5 Ne4 c3 Qc5 Qe2 Bb7 O-O-O Nxc3 bxc3 Qxc3+ Qc2 Qa1+ Kd2 Rc8 Rxa1 Rxc2+ Bxc2 d4 f3 O-O Kd3,"{30003,30003,29667,30155,29779,29923,29835,30019,29627,30195,29643,30299,29651,30435,29651,30459,28843,30355,27891,29419,27347,29171,26795,26315,26643,26435,26779,26539,25259,26587,22819,26195,21195,25995,21235,26123,21291,26211,21211,25611,19779,25691,19947,25795,19275,25859,17727,24909}"
13002,ib7sjPGm,black,Drac25,a_lieb,win,resign,1001,1108,-107,standard,blitz,blitz,300,3,5+3,lichess.org,25.0,-4.15,,,23/07/25 22:42,2025-07-24 01:46:42.422+00,258.669,A01,Nimzo-Larsen Attack: Modern Variation,Nimzo-Larsen Attack,4,8,20291,5.11,,,,,-7,25738,2.24,,,,,39,20,b3 e5 Bb2 Nc6 e4 Bc5 Nf3 d6 Bb5 Ne7 Nxe5 dxe5 Bxe5 f6 Bb2 a6 Bd3 Bd4 Bxd4 Nxd4 Nc3 O-O Bc4+ Be6 Bxe6+ Nxe6 Qf3 c6 Qh3 Ng5 Qg3 Qd4 d3 Qxc3+ Ke2 Qxc2+ Ke3 Qc5+ d4,"{30003,30003,30187,29819,30243,29883,30363,29683,30347,29747,29723,29563,29875,29139,30011,27571,29155,26907,28931,27059,28939,24811,28219,24323,28059,24499,28043,23475,27595,23187,26731,22531,25731,22235,25531,22251,25699,20867,25738,20291}"
13003,l95vFxaI,white,Drac25,chesspigoinkoink,loss,outoftime,1006,1037,-31,standard,blitz,blitz,300,0,5+0,lichess.org,22.0,1.64,44.0,,23/07/25 22:29,2025-07-24 01:38:32.839+00,551.06,C20,"King's Pawn Game: Wayward Queen Attack, Kiddie Countergambit",King's Pawn Game,4,-5,0,6.38,6.0,0.0,0.0,93.0,5,7974,4.79,4.0,4.0,1.0,89.0,94,47,e4 e5 Qh5 Nf6 Qxe5+ Qe7 Qxc7 Qxe4+ Ne2 Na6 Qc3 Bb4 Qe3 Qxe3 fxe3 O-O c3 Bd6 d4 b5 Na3 Bb7 Nxb5 Bc7 Nxc7 Nxc7 Nf4 Ncd5 e4 Nxf4 Bxf4 Bxe4 O-O-O Nd5 Bg5 f6 Bd2 Rac8 Rg1 Nb4 b3 Nd3+ Bxd3 Bxd3 c4 d5 Bb4 Rfe8 Rxd3 dxc4 Rc3 a5 Bxa5 cxb3 axb3 Rxc3+ Bxc3 Rc8 Kc2 g5 Re1 Kf7 d5 Rc5 d6 Re5 Rxe5 fxe5 d7 Ke7 Bxe5 Kxd7 Bf6 Ke6 Bxg5 h5 Bh4 Kf5 g3 Kg4 b4 Kh3 b5 Kxh2 b6 Kh3 b7 Kg4 b8=Q Kf5 Qb5+ Ke4 Kb3 Ke3,"{30003,30003,29923,29603,29739,29275,28579,25795,27747,24075,25915,23131,25403,22659,24819,22523,24579,21979,23595,21307,22587,21051,22195,20203,21771,19691,21379,19499,19315,19155,19131,18859,17859,16779,16515,16091,16075,15443,15259,15059,9459,13995,9251,13827,8051,13299,7091,12571,5819,12179,5019,10931,4307,10803,3979,10619,3547,10347,3451,10171,3307,10051,3043,9771,2851,8835,2107,8707,2035,8587,1747,8467,1667,8467,1555,8259,1355,8171,1107,8099,887,7971,841,7971,724,7971,668,7971,444,7971,220,7971,119,7974,0}"
13004,XLIef7Bn,black,Drac25,chesspigoinkoink,loss,resign,1012,1031,-19,standard,blitz,blitz,300,0,5+0,lichess.org,17.0,-2.31,,,23/07/25 22:24,2025-07-24 01:28:15.453+00,216.532,C60,Ruy Lopez: Spanish Countergambit,Ruy Lopez,6,-6,12356,14.71,,,,,6,21698,6.92,,,,,25,13,e4 e5 Nf3 Nc6 Bb5 d5 O-O dxe4 Nxe5 Be6 Nxc6 Qd5 Nb4+ Qxb5 c3 Bxb4 cxb4 Qxb4 Nc3 Nf6 d4 O-O-O Qa4 Qb5 Nxb5,"{30003,30003,29835,29899,29723,29443,29659,28939,29547,28403,28875,26483,27883,25099,26867,24723,26475,24587,24411,23763,23891,21771,21947,17875,21698,12356}"
13005,7da0AmMN,white,Drac25,zuritaxl,loss,outoftime,1017,1022,-5,standard,blitz,blitz,300,0,5+0,lichess.org,18.0,-1.05,42.0,,23/07/25 22:14,2025-07-24 01:24:15.658+00,608.593,B21,Sicilian Defense: Smith-Morra Gambit,Sicilian Defense,3,-5,0,6.98,4.0,3.0,3.0,83.0,21,2192,6.62,6.0,3.0,3.0,69.0,86,43,e4 c5 d4 cxd4 Qxd4 Nc6 Qe3 g6 Bb5 Bg7 Nf3 Nf6 Bxc6 bxc6 h3 O-O c3 d5 e5 Ne4 Nbd2 Qc7 Nxe4 dxe4 Nd4 Bxe5 Qxe4 Bxd4 Qxd4 Rd8 Qe3 Qd6 O-O Ba6 Re1 e6 b4 Qd3 Bb2 Qd2 Qxd2 Rxd2 Ba3 Rad8 Kh2 R8d3 Rec1 Rxf2 Rd1 Rxg2+ Kxg2 Rxd1 Rxd1 f6 Rd8+ Kg7 Rd6 Bb7 Rxe6 f5 b5 cxb5+ Kf2 b4 Bxb4 Kf7 Re3 Kf6 Rd3 g5 Rd6+ Kg7 Kg3 f4+ Kg4 f3 Rd1 f2 Rf1 Bd5 Rxf2 Bxa2 Rxa2 a6 Rxa6 h6,"{30003,30003,29491,29499,29251,29403,28403,27571,27923,27163,26155,26995,25899,26835,24955,25651,22779,25467,22163,24283,21635,19819,17811,19635,16011,14307,15667,14059,14307,13899,13179,11027,12443,10331,11195,9827,11027,8891,9827,7363,8059,7155,7459,6699,6291,6147,5043,5747,3851,5131,3483,4587,3347,4371,3187,4251,3075,3923,2947,3827,2715,3691,2419,3691,2219,3675,1723,3571,1595,3515,1427,3459,1203,3091,1043,2819,449,2643,266,2363,212,2291,104,2251,38,2192,0}"
13006,xthQ2CkL,black,Drac25,artyz90,win,outoftime,1012,1000,12,standard,blitz,blitz,300,0,5+0,lichess.org,24.0,3.54,,,23/07/25 20:54,2025-07-24 00:04:37.426+00,584.444,C44,King's Knight Opening: Normal Variation,King's Knight Opening,4,5,3366,11.1,,,,,-15,0,12.0,,,,,50,25,e4 e5 Nf3 Nc6 d3 Bc5 d4 Bxd4 Be3 Bxe3 fxe3 d6 Nc3 Bg4 h3 Bh5 g4 Bg6 Nh4 Nf6 Bc4 Bxe4 O-O g5 Nf5 d5 Bb3 d4 Nb5 a6 Nh6 axb5 Bxf7+ Kf8 c3 Kg7 cxd4 exd4 Rc1 Kxh6 Rc5 Qe7 Qb3 Qxc5 Rxf6+ Kg7 Qe6 Qc1+ Kf2 Qd2+,"{30003,30003,29811,29931,29627,29723,29147,28491,28387,27235,28267,26875,27843,26451,26771,26267,26555,26131,25667,25571,24635,24403,23139,21899,22635,21155,22171,20683,21419,20379,19315,13563,19147,12963,16659,10419,14203,9347,8755,8339,6947,6707,3755,5203,1515,4027,400,3771,42,3366,0}"
13007,Nrq92Ejs,black,Drac25,FanTut,loss,outoftime,1017,1028,-11,standard,blitz,blitz,300,0,5+0,lichess.org,19.0,-0.7,55.0,,23/07/25 15:19,2025-07-23 18:29:53.154+00,597.896,C50,Italian Game: Anti-Fried Liver Defense,Italian Game,6,-5,0,5.09,,,,,5,2977,4.58,,,,,119,60,e4 e5 Nf3 Nc6 Bc4 h6 d3 Bc5 Kf1 d6 g3 Nf6 h3 Nd4 Be3 Nxf3 Qxf3 Bxe3 Qxe3 d5 Bb3 d4 Qf3 Qd6 Nd2 Be6 Kg2 Bxb3 Nxb3 b6 Nd2 b5 a3 a5 c3 O-O c4 bxc4 Nxc4 Qc5 Rhc1 Qe7 Qe2 a4 Nd2 Rac8 Nf3 Nh7 Qd2 f6 Qa5 Ng5 Qxa4 Nxf3 Kxf3 Qe6 Qc4 Qxc4 Rxc4 c5 Kg2 g5 b4 cxb4 axb4 Rxc4 dxc4 d3 Rd1 Rd8 Kf3 Rd4 Ke3 Rxc4 b5 Rb4 Rxd3 Rxb5 Rd6 Kf7 Rd5 Rb3+ Rd3 Rxd3+ Kxd3 Kg6 f3 f5 Kc4 fxe4 fxe4 Kf6 Kd5 h5 g4 hxg4 hxg4 Ke7 Kxe5 Kf7 Kf5 Ke7 Kxg5 Kd6 Kf5 Ke7 e5 Kf7 g5 Ke7 g6 Kf8 Kf6 Kg8 e6 Kf8 e7+ Ke8 g7,"{30003,30003,29931,29939,29819,29811,29667,29707,29667,28595,29595,27307,29163,27203,27771,26555,27563,26395,27411,26091,26859,25779,26099,24347,25835,23971,24259,22227,24051,22043,23635,21259,23131,21091,21259,20715,20771,20171,20075,17915,19627,16403,18579,16091,16027,15395,15907,14203,15795,13763,15299,13003,14571,12003,14371,11835,13851,9891,13763,9475,12787,9203,12579,8947,12307,8707,12107,8627,11947,8483,11611,8251,10507,7939,9747,7331,9259,7187,8627,6627,8019,6435,7867,5723,7699,4979,7611,4795,6331,4235,5987,3907,5851,3667,5523,3491,5395,2627,5307,2451,5243,2411,5179,2411,5099,2299,4955,2179,4883,2027,4691,1811,4611,1611,4395,1443,3659,826,2977,0}"
13008,1GAX9ZIF,white,Drac25,ian275,draw,draw,1017,1026,-9,standard,blitz,blitz,300,0,5+0,lichess.org,19.0,-0.57,,,23/07/25 15:09,2025-07-23 18:19:36.017+00,600.576,C00,French Defense: Knight Variation,French Defense,3,0,1937,7.8,,,,,-2,333,8.24,,,,,73,37,e4 e6 Nf3 d5 e5 Nc6 d4 f6 exf6 gxf6 Bb5 a6 Bxc6+ bxc6 Nc3 c5 Bf4 cxd4 Qxd4 e5 Qxd5 Qxd5 Nxd5 exf4 Nxc7+ Kd7 Nxa8 Bb7 Nb6+ Kc6 Nc4 Bc5 O-O Ne7 Na5+ Kb6 Nc4+ Kb5 b3 Rg8 a4+ Kb4 g3 Bxf3 Nd2 Bc6 Rfc1 fxg3 hxg3 Ka5 c3 Kb6 Nc4+ Kc7 Na5 Ba8 Re1 Rxg3+ Kh2 Rg2+ Kh3 Nf5 b4 Bxf2 Rf1 Rg3+ Kh2 Rg2+ Kh3 Rg3+ Kh2 Rg2+ Kh3,"{30003,30003,29411,29547,29059,29147,28699,28123,27715,27283,27411,26635,27243,26371,26299,26235,25283,25611,24435,24379,22955,23379,22883,23187,22715,22251,22563,21531,21931,20723,20891,20051,19747,19307,19131,18979,18675,18691,18195,18363,16139,18027,15235,17443,12595,12459,11363,10923,10651,7291,9707,6763,9227,6291,9067,4051,7331,2747,6099,2107,5715,1899,4787,1403,3091,1235,2811,651,2531,482,2323,333,1937,333}"
13009,kYTAMQ20,white,Drac25,kevinzapata,win,resign,1013,888,125,standard,blitz,blitz,300,0,5+0,lichess.org,18.0,0.17,49.0,,23/07/25 15:03,2025-07-23 18:09:22.784+00,328.902,C00,French Defense,French Defense,2,4,11258,6.94,,,,,-4,17534,4.62,,,,,55,28,e4 e6 Qh5 g6 Qf3 d5 exd5 Qxd5 Qxd5 exd5 Nf3 Nc6 Bb5 Bd7 Nc3 Nb4 Bxd7+ Kxd7 Nd4 Bc5 a3 Bxd4 axb4 Nf6 O-O Rae8 Nb5 Bb6 c3 a6 Nd4 c5 bxc5 Bxc5 Nb3 Bb6 d4 Bc7 Bg5 Ng4 Nc5+ Kc6 g3 b6 Nxa6 f6 Be3 Nxe3 fxe3 Rxe3 Nb4+ Kb5 Nxd5 Kc6 Nxe3,"{30003,30003,29947,29835,29843,29451,29691,29235,29547,29147,28859,29051,28715,28891,27867,28315,27515,28227,27043,27851,26307,27451,26011,27051,25259,25451,24611,24979,22987,24835,22595,24507,22011,24411,21467,24195,20699,23283,20275,22963,17907,22555,17115,21779,16707,20179,14363,18739,14171,18651,12467,18227,11443,17667,11258,17534}"
13010,MY4upzz1,black,Drac25,Harrizontall,win,resign,1008,995,13,standard,blitz,blitz,300,0,5+0,lichess.org,16.0,-1.53,32.0,,23/07/25 14:57,2025-07-23 18:03:07.426+00,354.688,A04,Zukertort Opening: Black Mustang Defense,Zukertort Opening,2,5,13670,5.27,,,,,-17,13512,5.32,,,,,63,32,Nf3 Nc6 c4 d5 cxd5 Qxd5 Nc3 Qd8 d4 Bg4 d5 Bxf3 dxc6 Bxc6 Qxd8+ Rxd8 e4 e6 Bf4 Bb4 Bc4 Bxc3+ bxc3 Rd7 O-O Nf6 f3 O-O Rfd1 Nh5 Rxd7 Bxd7 Bxc7 Rc8 g4 Rxc7 gxh5 Rxc4 Rc1 h6 Rd1 Bc6 Rd8+ Kh7 Rc8 Rxc3 Kg2 Rc2+ Kg3 Rxa2 Kf4 Ra5 h4 e5+ Kf5 f6 Rc7 Ra3 Ke6 Rxf3 Kd6 Rf4 Ke7,"{30003,30003,29699,29747,29371,29643,29355,29275,28859,29035,25499,28403,24515,27323,23595,27187,23083,26619,22307,26347,21811,24763,21651,23787,21355,23635,20699,23163,20403,22035,18275,21475,18043,21195,16923,20875,16675,20723,16595,20067,16235,19587,15963,19123,15707,18643,15539,18475,15395,18427,15251,17131,15091,16995,14827,15691,14627,15035,13859,14579,13771,14003,13512,13670}"
13011,Qmp0i2Pd,black,Drac25,Jupiter381,win,resign,1002,1028,-26,standard,blitz,blitz,300,0,5+0,lichess.org,17.0,-5.16,,,23/07/25 14:54,2025-07-23 17:56:17.437+00,130.059,D06,Queen's Gambit Declined: Marshall Defense,Queen's Gambit Declined,4,6,22614,9.24,,,,,-6,24343,6.29,,,,,18,9,d4 d5 c4 Nf6 Nf3 Bg4 e3 Ne4 cxd5 Qxd5 Be2 f5 O-O e6 a3 Nc6 Bb5 Qxb5,"{30003,30003,29835,29723,29675,29035,29411,28443,28147,28243,27083,24507,26219,23363,25667,23203,25203,22614,24343}"
13037,sGtJ72jZ,black,Drac25,typewriter_115,win,resign,985,915,70,standard,blitz,blitz,300,0,5+0,lichess.org,19.0,-1.79,,,21/07/25 02:50,2025-07-21 05:54:10.311+00,237.544,D01,Rapport-Jobava System,Rapport-Jobava System,5,5,18509,8.21,,,,,-5,18667,7.56,,,,,30,15,d4 d5 Nc3 Nf6 Bf4 a6 e4 dxe4 d5 Bf5 f3 exf3 Nxf3 Bg4 Be2 c6 dxc6 Nxc6 Ne5 Bxe2 Qxe2 Nxe5 Bxe5 Qb6 Nd5 Nxd5 Qc4 e6 Bc7 Nxc7,"{30003,30003,29123,29875,28803,29691,28499,29259,27579,26027,24475,25379,24291,25163,23627,23643,23451,23443,23131,23147,22963,23011,22811,20211,22323,19563,19483,19227,19051,18509,18667}"
13012,yvfyY4lv,white,Drac25,YG99,win,mate,996,1019,-23,standard,blitz,blitz,300,0,5+0,lichess.org,21.0,0.88,41.0,,23/07/25 14:44,2025-07-23 17:53:56.994+00,579.997,C20,King's Pawn Game: Wayward Queen Attack,King's Pawn Game,3,6,1427,4.54,,,,,-6,5145,4.01,,,,,127,64,e4 e5 Qh5 Qf6 Bc4 g6 Qf3 Qxf3 Nxf3 d6 Nc3 c6 d3 f6 d4 b5 Bb3 Ne7 dxe5 dxe5 Be3 h6 Bc5 Nd7 Bxe7 Bxe7 a3 Ba6 O-O-O Nc5 Be6 Nxe4 Nxe4 Rd8 Rxd8+ Kxd8 Rd1+ Kc7 Rd7+ Kb6 Rxe7 f5 Nxe5 fxe4 Nxg6 Rd8 b4 c5 Bf5 cxb4 axb4 Rd5 Bxe4 Rd4 Re6+ Kc7 c3 Bc8 Rc6+ Kd7 cxd4 Bb7 Rf6 Bxe4 Nf8+ Ke7 Rf4 Bxg2 Ng6+ Ke6 Kd2 Bc6 Ke3 Kd5 Ne7+ Kd6 Nxc6 Kxc6 Rf6+ Kd5 Rxh6 Kc4 Ra6 Kxb4 Rxa7 Kc4 h4 b4 h5 b3 Rb7 Kc3 h6 b2 h7 Kc2 Rxb2+ Kxb2 h8=Q Kc3 f4 Kb4 f5 Kb5 Qe8+ Kc4 f6 Kc3 f7 Kc4 f8=R Kc3 Qc8+ Kb4 Rd8 Kb5 Qd7+ Kc4 Qc8+ Kb5 Qd7+ Kc4 Rc8+ Kb4 Qb7+ Ka5 Ra8#,"{30003,30003,29923,29715,29563,29459,29387,19683,27923,19587,27187,19411,26483,19179,24947,18875,24411,17691,24187,17603,23595,17131,22603,16603,21539,16603,20675,16115,20411,15859,19699,15459,19371,14787,19107,14787,19019,14659,18403,14459,18195,13875,17259,13659,15115,13291,14243,12875,13099,12515,12771,11971,12331,11459,12019,10867,11235,10379,10923,9795,9955,9491,8467,9275,7755,9155,7531,8907,6363,8483,6019,7859,5387,7603,5107,7347,4979,7347,4699,7203,4651,7139,4243,7043,4163,6947,3995,6875,3915,6835,3859,6731,3451,6643,3019,6483,2819,6355,2579,6355,2435,6355,2387,6275,2291,6275,2227,6275,2195,6195,2075,6139,2035,5955,1971,5891,1795,5771,1715,5643,1675,5523,1627,5411,1571,5145,1427}"
13013,9cb0TZRw,white,Drac25,samuelprior0,win,mate,988,1122,-134,standard,blitz,blitz,300,0,5+0,lichess.org,27.0,-1.82,,,23/07/25 14:35,2025-07-23 17:43:48.927+00,470.92,B10,Caro-Kann Defense: Hillbilly Attack,Caro-Kann Defense,3,8,9542,7.87,,,,,-28,4909,10.04,,,,,53,27,e4 c6 Bc4 d5 exd5 cxd5 Bb5+ Bd7 Nc3 Bxb5 Nxb5 a6 Nd4 e6 d3 Nf6 f3 Bc5 c3 e5 Nf5 O-O Ne2 Nc6 Bg5 Re8 d4 exd4 cxd4 Bb4+ Kf1 h6 Bh4 Ne7 Bxf6 gxf6 Nxh6+ Kg7 Ng4 Ng6 a3 Ba5 b4 Bb6 Qd2 Rc8 Qh6+ Kg8 g3 Qe7 Kg1 Qxe2 Nxf6#,"{30003,30003,29699,29883,29531,29851,29347,29667,29083,28715,28907,28715,28515,28291,28379,27931,27715,27211,27323,26475,26603,25107,25947,24019,25747,23283,25187,22275,25043,19579,22107,17675,21859,14907,20275,13571,20099,13211,19187,12139,17995,11539,17491,10347,17251,9611,16859,9195,11899,5635,9691,4909,9542}"
13014,fDzycnLe,white,Drac25,JANEK_III,win,mate,983,985,-2,standard,blitz,blitz,300,0,5+0,lichess.org,,,,,23/07/25 14:35,2025-07-23 17:35:48.589+00,16.254,C20,King's Pawn Game: Wayward Queen Attack,King's Pawn Game,3,5,29313,1.73,,,,,-6,29483,1.73,,,,,9,5,e4 e5 Qh5 Nc6 Bc4 g6 Qf3 Nd4 Qxf7#,"{30003,30003,29907,29851,29859,29579,29691,29483,29313}"
13015,QDrJbmf4,white,Drac25,Ec-D,loss,resign,987,1070,-83,standard,blitz,blitz,300,0,5+0,lichess.org,18.0,-0.34,,,23/07/25 14:33,2025-07-23 17:35:22.323+00,96.565,C20,King's Pawn Game: Wayward Queen Attack,King's Pawn Game,3,-4,24659,3.34,,,,,4,26392,2.41,,,,,32,16,e4 e5 Qh5 Nc6 Bc4 g6 Qf3 Nf6 c3 Bg7 d3 O-O Bg5 h6 Bxf6 Qxf6 Qxf6 Bxf6 Nf3 d6 d4 exd4 cxd4 Nxd4 Nxd4 Bxd4 O-O Bxb2 Bd5 Bxa1 Nd2 Be5,"{30003,30003,29939,29755,29883,29699,29811,29667,29515,29443,29371,29331,29115,28899,28963,28731,28779,28651,27939,28499,27779,28251,27627,28115,27227,27971,25763,27155,25259,26683,24891,26392,24659}"
13016,djA6MMlq,white,Drac25,Jaime_dlcrz,loss,resign,992,1040,-48,standard,blitz,blitz,300,0,5+0,lichess.org,17.0,-6.75,,,23/07/25 14:32,2025-07-23 17:33:30.896+00,88.887,D01,Rapport-Jobava System,Rapport-Jobava System,5,-5,25196,5.34,,,,,5,26102,4.88,,,,,18,9,d4 d5 Nc3 Nf6 Bf4 Nc6 Nb5 e5 Bxe5 Nxe5 dxe5 Ne4 Qxd5 c6 Nd6+ Nxd6 exd6 cxd5,"{30003,30003,29915,29755,29827,29539,29235,28875,28595,28163,28475,27931,28139,27091,26059,26659,25875,26102,25196}"
13017,B9L4gLsQ,black,Drac25,SmaRT99,win,mate,986,968,18,standard,blitz,blitz,300,0,5+0,lichess.org,33.0,3.71,,,23/07/25 14:26,2025-07-23 17:31:28.893+00,316.162,C64,Ruy Lopez: Classical Variation,Ruy Lopez,6,6,17014,5.2,,,,,-5,13049,6.78,,,,,52,26,e4 e5 Nf3 Nc6 Bb5 Bc5 Bxc6 bxc6 Nxe5 d6 Nf3 Bb7 d4 Bb4+ c3 Ba5 b4 Bb6 d5 cxd5 exd5 Bxd5 Qxd5 Nf6 Qc6+ Nd7 O-O O-O Qe4 Nf6 Qd3 d5 h4 c6 h5 Nxh5 Ng5 g6 Re1 f6 Ne6 Qd6 Nxf8 Rxf8 Bh6 Bc7 Bxf8 Qh2+ Kf1 Nf4 Qg3 Qh1#,"{30003,30003,29931,29763,29875,29419,29499,28931,29395,28451,28787,28363,28307,28035,27979,27939,27843,27587,26771,27395,26579,26931,26331,26355,24539,25851,23227,25683,22139,25507,21803,23075,21587,22883,21467,22547,20835,20091,19955,19107,19179,18291,17555,18099,17283,17779,16755,17571,16411,17291,13049,17014}"
13018,Yt8zvyyB,black,Drac25,ezliken,loss,mate,992,981,11,standard,blitz,blitz,300,0,5+0,lichess.org,20.0,0.99,38.0,,23/07/25 14:17,2025-07-23 17:25:52.774+00,525.768,C50,Italian Game: Anti-Fried Liver Defense,Italian Game,6,-6,3574,5.87,,,,,6,7338,4.93,,,,,93,47,e4 e5 Bc4 Nc6 Nf3 h6 O-O Bc5 Ne1 Qg5 Nd3 Nge7 b3 d6 Nxc5 dxc5 d3 Qf6 Bb2 Be6 Bb5 a6 Bxc6+ Nxc6 Nd2 Nd4 Nc4 b5 Na5 b4 Nc4 Bxc4 dxc4 O-O Re1 Rad8 Bxd4 Rxd4 Qf3 Rd7 Qxf6 gxf6 Re3 Kh7 Rf3 Rd6 h4 Rg8 g3 Kg6 Kg2 Kh5 Rh1 Rg4 Rf5+ Kg6 h5+ Kh7 f3 Rg5 Rh4 Rd2+ Kh3 Rxc2 Rxf6 Kg7 Rc6 Rxa2 Rg4 Ra1 Rxg5+ hxg5 Kg4 a5 Rxc5 a4 bxa4 Rxa4 Rxe5 b3 Rb5 Rxc4 Rxb3 c5 Kxg5 f6+ Kf5 Rc1 Rb7+ Kh6 Kxf6 Kxh5 Rh7#,"{30003,30003,29931,29867,29843,29803,29763,29595,29027,27979,28491,27587,28267,26187,26835,25619,26707,25019,26379,24507,25635,24243,24139,24027,23699,23835,22987,21931,21275,19371,20051,19187,19963,18491,19899,18067,16347,17763,16283,16475,16107,16331,15755,15603,15443,15443,15291,15227,14987,14643,14643,13931,14555,13595,14307,13179,14211,12955,13259,12555,11019,11603,10595,10923,10315,9283,9475,8603,9387,8003,9275,7827,8939,7051,8875,6787,8787,6659,8595,6515,8507,5371,8283,5283,8051,4907,7819,4523,7627,3699,7403,3574,7338}"
13019,RHncXDiZ,white,Drac25,agabawalter,loss,timeout,1000,883,117,standard,blitz,blitz,300,0,5+0,lichess.org,20.0,-0.25,,,22/07/25 15:28,2025-07-22 18:32:58.398+00,251.701,B00,Pirc Defense,Pirc Defense,2,-8,11999,7.83,,,,,7,17707,5.59,,,,,46,23,e4 d6 Bc4 e6 Nf3 Qd7 d3 Nc6 a3 Nf6 Bg5 d5 Bxf6 gxf6 exd5 exd5 Qe2+ Qe7 Qxe7+ Nxe7 Bxd5 Nxd5 O-O Bc5 Re1+ Be6 d4 Bd6 c4 Nb6 d5 O-O dxe6 fxe6 Rc1 e5 c5 Nd5 cxd6 cxd6 Nc3 Nf4 Rd1 Rfd8 Nd5 Ne2+,"{30003,30003,29563,29755,29107,29379,28915,29091,28435,28883,28075,28451,27819,28171,27507,28003,27371,27523,27091,27371,26923,27227,26779,26587,25587,26299,24739,25171,24531,24667,24315,23699,24027,23411,23163,22699,22995,20955,22323,20755,21987,20419,20731,19235,19275,17707,11999}"
13020,cvourlG1,black,Drac25,agabawalter,win,mate,996,887,109,standard,blitz,blitz,300,0,5+0,lichess.org,30.0,-9.13,,,22/07/25 15:22,2025-07-22 18:28:37.338+00,395.937,A00,Van't Kruijs Opening,Van't Kruijs Opening,1,4,8270,10.35,,,,,-4,13877,7.68,,,,,44,22,e3 e5 Bc4 d5 Bb3 Be6 Qf3 e4 Qf4 Bd6 Qxf7+ Bxf7 d3 Nc6 c4 Nb4 Kd2 dxc4 Bxc4 Bxc4 dxc4 Nd3 f3 Bc5 b3 exf3 Nxf3 Nf2+ Nd4 Nxh1 Bb2 Nf6 Nc3 Nf2 Ke2 Rf8 Ne6 Qd3+ Kxf2 Qxe3+ Kf1 Ne4+ Nxf8 Nd2#,"{30003,30003,29827,29723,29539,29027,28979,28355,27995,27659,23435,27187,23059,25763,22923,25107,22555,24923,22283,23651,22107,21819,21507,17803,21035,17371,20299,16987,18899,16643,18651,15811,18459,15555,17699,13939,17171,12659,16883,9675,15907,9131,13877,8270}"
13021,6BJQvkq8,white,Drac25,renato46,loss,resign,1003,915,88,standard,blitz,blitz,300,3,5+3,lichess.org,25.0,-2.33,51.0,,21/07/25 22:46,2025-07-22 01:57:56.917+00,677.387,B20,Sicilian Defense,Sicilian Defense,2,-7,8279,5.43,,,,,8,8376,5.55,,,,,80,40,e4 c5 Qh5 b6 Bc4 g6 Qf3 e6 d3 Nc6 c3 Ne5 Qd1 Bg7 Nf3 Nxc4 dxc4 Bb7 Qe2 Nf6 Nbd2 Qb8 e5 Bxf3 Qxf3 Qxe5+ Qe3 Qxe3+ fxe3 O-O O-O d5 cxd5 exd5 Nf3 Rae8 Bd2 Ne4 Bc1 Rd8 g3 Nd6 Re1 Rfe8 Rb1 Nf5 e4 dxe4 Nh4 Nxh4 gxh4 Bf6 Bg5 Bxg5 hxg5 Re5 Kh1 Rde8 Re3 Rxg5 Rbe1 Rg4 h3 Rh4 Kh2 f5 Rg3 c4 Rg5 b5 Kg3 Rh5 Rxh5 gxh5 Kf4 Rf8 Rg1+ Kh8 Kg5 Rg8+,"{30003,30003,30147,29915,30067,29779,30187,29379,29787,29307,29803,29443,29355,27523,29147,27499,29051,26779,26691,24731,26355,22291,25707,21019,25491,20467,24403,20203,24475,19667,23931,19219,23971,19155,23955,17883,20715,17499,19627,15467,17755,13907,16771,13051,16051,13251,15747,13347,15459,12723,15627,12419,13603,12403,13747,12019,12955,11715,12835,11811,12979,11387,11923,10771,11963,10291,10315,9051,10339,8955,9995,8363,9067,8411,9275,8403,9475,8435,9651,8376,8279}"
13022,tbDMOhXX,black,Drac25,renato46,win,outoftime,998,920,78,standard,blitz,blitz,300,3,5+3,lichess.org,17.0,0.15,42.0,,21/07/25 22:31,2025-07-22 01:46:20.611+00,891.663,D40,Queen's Gambit Declined: Semi-Tarrasch Defense,Queen's Gambit Declined,8,5,16533,1.9,,,,,-5,0,4.17,,,,,144,72,d4 d5 c4 Nf6 Nc3 e6 Nf3 c5 e3 dxc4 Bxc4 cxd4 Qxd4 Qxd4 Nxd4 Bb4 Bd2 O-O a3 Ba5 b4 Bb6 Na4 Bxd4 exd4 Ne4 Be3 Bd7 Nc5 Nxc5 bxc5 Nc6 Rb1 b6 cxb6 axb6 Rxb6 Na5 Ba2 Rab8 Rxb8 Rxb8 O-O h6 Rb1 Rxb1+ Bxb1 Bc6 Bd2 Nc4 Bb4 Bd5 f3 Ne3 a4 Bc4 a5 Nd5 Bc5 Ba6 Bb6 Nc3 Be4 Nxe4 fxe4 Kf8 e5 f6 exf6 gxf6 Bd8 f5 Kf2 Ke8 Bf6 Kd7 Bg7 Kc6 Bxh6 Kd5 Be3 Kc4 Ke2 Kb5 Bd2 Kc4 Ke3 Kd5 h4 e5 dxe5 Kxe5 Bc3+ Ke6 h5 Kf7 Kf4 Bd3 Be5 Kg8 Ke3 Bf1 g3 Kh7 Kf4 Bd3 Ke3 Bf1 Kf4 Bd3 g4 fxg4 Kxg4 Be2+ Kg5 Ba6 h6 Bb5 Bf6 Ba6 Bd8 Bd3 Bb6 Be2 Kf4 Kxh6 Ke3 Bf1 Kf2 Ba6 Kf3 Kg6 Kf4 Kf6 Bd8+ Ke6 Ke4 Kd6 Kd4 Kc6 Kc3 Kb5 Kd4 Kc6,"{30003,30003,30147,29955,30171,29379,30275,29491,30243,29387,30323,29459,29795,29307,29859,29299,29779,29179,29843,29083,29851,29051,28835,29051,28715,29107,28555,29243,28347,27563,27835,27411,27123,27515,27051,27699,25283,25803,23827,25531,23883,25667,23963,25579,23515,25395,23587,24395,22379,23131,21147,22675,20147,22251,17763,21499,16923,21195,16475,21027,15275,20275,14987,19403,14875,19563,13731,19563,13723,19555,12875,19227,12283,19459,11683,19523,11627,19715,11747,19819,11851,19723,11091,19811,11115,19771,11187,19595,11139,19395,10475,19339,9659,18915,9827,19083,9707,18483,9267,18315,8987,17939,9067,17579,9203,17563,7611,16787,6899,16427,5787,16451,5891,16515,5523,16083,4779,15939,4187,16075,3795,15987,3299,16059,2683,16107,2771,15971,2907,16083,2371,16163,2475,16051,2171,16067,1523,15995,1683,16227,1123,16363,391,16533,0}"
13023,inq5j5Ow,black,Drac25,nkcrr,win,mate,993,978,15,standard,blitz,blitz,300,3,5+3,lichess.org,22.0,-1.26,80.0,,21/07/25 22:16,2025-07-22 01:31:05.282+00,879.668,C20,King's Pawn Game: Napoleon Attack,King's Pawn Game,3,5,3022,5.0,,,,,-5,4278,4.76,,,,,110,55,e4 e5 Qf3 Nc6 c3 Bc5 a3 d6 h3 h6 d3 Nf6 Be2 Be6 b4 Bb6 a4 a6 a5 Ba7 Na3 d5 exd5 Bxd5 Qg3 Bb8 b5 Nxa5 Qxe5+ Be6 b6 cxb6 Qe3 O-O d4 Nb3 Rb1 Nxc1 Rxc1 b5 Nc2 Ba7 Qf3 Bd5 Qg3 Ne4 Qe3 Bb8 Nb4 a5 Nxd5 Qxd5 Bd3 Re8 Ne2 Ba7 Nf4 Qc6 O-O Nxc3 Be4 Qxe4 Qxc3 Qxf4 Qxa5 Qxd4 Qxb5 Qb6 Qd3 Rad8 Qa3 Qa6 Qf3 Qf6 Qa3 Bd4 Rcd1 Bb6 Rd3 Rxd3 Qxd3 Bd8 Qa3 Be7 Qa7 Qg6 Qxb7 Bf6 Qf3 Qe4 Qg3 Qg6 Qa3 Rf8 Qa6 Bd4 Qd3 Re8 Rd1 Qxd3 Rxd3 Bf6 Rb3 Be5 Rb5 f6 Rb7 Rd8 Rb5 Rd1#,"{30003,30003,30115,29675,30267,29299,30315,29059,30451,28275,30363,27203,30067,26315,30043,26043,30131,25347,30259,25427,30363,24691,27427,24587,27539,23603,26059,22779,25075,22339,24363,21979,23523,21443,22115,21019,22123,20451,22219,18963,22243,19067,21907,18907,18875,19035,16923,16747,16435,12963,16283,13115,16451,9915,15155,9211,14595,8131,12595,7459,9147,5523,4211,5339,2243,4803,1803,2899,1619,2731,1699,2779,1835,2883,1955,2787,1955,2659,2075,2779,2243,2699,2403,2787,2571,2563,2763,2659,2827,2579,2923,2667,3075,2731,3251,2675,3379,2619,3539,2723,3683,2947,3771,3131,3947,3251,4099,3147,4278,3022}"
13024,nGVIClyD,black,Drac25,SantosSkibidi,win,resign,987,1010,-23,standard,blitz,blitz,300,3,5+3,lichess.org,18.0,-8.16,,,21/07/25 22:14,2025-07-22 01:15:57.682+00,78.255,C50,Italian Game: Anti-Fried Liver Defense,Italian Game,6,6,30120,-0.15,,,,,-19,27680,2.58,,,,,18,9,e4 e5 Nf3 Nc6 Bc4 h6 Bxf7+ Kxf7 Nxe5+ Nxe5 Qh5+ Ng6 Qf5+ Nf6 e5 d6 exf6 Bxf5,"{30003,30003,30203,30107,30363,30267,30171,30027,30315,30163,30347,30379,30203,30227,28779,30059,27915,30120,27680}"
13025,7n8xB28Z,white,Drac25,Sandysaturday,loss,outoftime,992,1010,-18,standard,blitz,blitz,300,0,5+0,lichess.org,30.0,5.75,60.0,,21/07/25 22:01,2025-07-22 01:11:31.582+00,588.894,B00,Owen Defense,Owen Defense,2,-5,0,9.38,,,,,6,3490,8.55,,,,,64,32,e4 b6 Nc3 Bb7 Be2 d5 e5 d4 Bf3 Bxf3 Qxf3 c6 Nce2 Nd7 Qxc6 Rc8 Qb5 Rxc2 Nxd4 Rc5 Qa4 Rxe5+ Nge2 e6 O-O Bc5 Nc6 Qa8 Nxe5 Nf6 Nxd7 Nxd7 d4 b5 Qxb5 Bd6 Bf4 Bxf4 Nxf4 Qd8 Rae1 O-O Qd3 g6 Nh3 Nf6 f3 Qd6 Nf2 Qd5 Ng4 Qg5 Qe2 Nd5 Ne5 Nf4 Qf2 f6 Qg3 Qxg3 hxg3 fxe5 gxf4 Rxf4,"{30003,30003,28299,29867,28227,29715,27795,29323,26595,28259,26443,26955,22899,26147,22387,24859,21811,24379,21395,22795,20467,22331,19915,21875,18875,20875,17747,19851,16483,19219,15651,19067,15091,17867,14259,16451,12771,16043,12307,15555,11555,15283,8635,14971,7939,14083,7363,12899,6019,10283,4883,8643,1963,6619,1443,5827,900,5035,627,4035,411,3635,103,3490,0}"
13026,TAKmPZfV,black,Drac25,Sandysaturday,win,mate,986,1016,-30,standard,blitz,blitz,300,0,5+0,lichess.org,15.0,-0.44,29.0,,21/07/25 21:53,2025-07-22 01:01:18.332+00,453.326,A00,Hungarian Opening,Hungarian Opening,1,6,6442,5.75,,,,,-6,11359,4.55,,,,,84,42,g3 d5 Bg2 Nf6 d3 e5 Bg5 Bf5 Bxf6 gxf6 e4 dxe4 Bxe4 Bxe4 dxe4 Qxd1+ Kxd1 Bc5 Ne2 Nc6 Nbc3 Bxf2 Nd5 O-O-O c4 Nb4 a3 Nxd5 exd5 c6 Kc2 cxd5 Rhf1 Bb6 Rad1 dxc4 Rxd8+ Rxd8 Rxf6 Kd7 Rxf7+ Ke6 Rxb7 Ba5 Rxa7 Rd5 b4 cxb3+ Kxb3 Bb6 Rxh7 Rb5+ Kc4 Rc5+ Kd3 Kd5 g4 e4+ Ke3 Rc7+ Kf4 Rxh7 g5 Rf7+ Kg4 Bd8 h4 e3 g6 Rg7 h5 Ke4 a4 Ke5 a5 Ra7 h6 Rxa5 h7 Ra4+ Kh5 Bf6 Kh6 Rh4#,"{30003,30003,30003,29923,29251,29707,29083,28899,28659,28283,28523,28099,27067,27755,26731,27603,26659,25995,25931,25763,25531,25211,25363,22987,24211,21379,23259,21203,22963,20555,22587,19091,22395,18043,21891,17803,21699,17443,21611,16795,21371,16659,20891,15779,20339,15331,19459,15115,19059,13579,18707,13195,18059,12531,17435,12131,16443,11947,16003,11627,15531,11579,15363,11315,15211,11107,14819,9971,14115,9683,13995,9283,13747,8771,13171,7923,12547,7035,12371,6955,12195,6603,11359,6442}"
13027,9qOpZnNv,white,Drac25,Sandysaturday,loss,resign,992,1011,-19,standard,blitz,blitz,300,0,5+0,lichess.org,18.0,-4.49,,,21/07/25 21:48,2025-07-22 00:53:23.245+00,265.338,B00,Owen Defense,Owen Defense,2,-6,16718,8.86,,,,,5,16211,9.85,,,,,30,15,e4 b6 Bc4 Bb7 Qh5 g6 Qf3 e6 Nc3 Nc6 a3 Nd4 Qf4 Nxc2+ Kd1 Nxa1 Nb5 d6 e5 a6 Nd4 Bxg2 exd6 Bxd6 Nxe6 Bxf4 Nxd8 Bxh1 Bxf7+ Kxd8,"{30003,30003,29691,30003,29467,29411,29131,28971,28403,27083,27867,26955,26123,26779,25371,25955,22859,20931,22419,20155,21667,19539,20571,18675,20411,17147,20227,16739,18435,16211,16718}"
13028,DWxFBW0V,white,Drac25,DkDaChessman,win,resign,987,916,71,standard,blitz,blitz,300,0,5+0,lichess.org,18.0,-1.33,41.0,,21/07/25 21:41,2025-07-22 00:47:43.06+00,381.599,B06,Modern Defense,Modern Defense,2,5,9925,7.72,,,,,-5,10972,7.32,,,,,53,27,e4 g6 Bc4 Bg7 Qf3 e6 d4 Ne7 d5 O-O Bg5 Bxb2 Bf6 Bxf6 Qxf6 a6 Nf3 b5 Bb3 d6 O-O exd5 Bxd5 Nxd5 Qxd8 Rxd8 exd5 Nd7 Nc3 Nc5 Rae1 Bf5 Re3 Bxc2 Nd4 Bd3 Rfe1 b4 Ne4 Bxe4 Rxe4 Nxe4 Rxe4 Rac8 Nc6 Re8 f3 Rb8 h3 Rb7 Rxe8+ Kg7 g4,"{30003,30003,29467,30003,29243,30003,28891,30003,28715,30003,28003,28971,27331,28043,27155,27203,23955,26827,23675,24683,21971,24395,21555,24067,20907,24067,20699,22499,18851,22091,16803,21155,15691,20675,14803,20027,14203,19491,13579,17891,13187,17675,13035,17043,12635,14955,12067,14267,11387,13891,10843,13763,9925,10972}"
13029,Fdzgmeze,white,Drac25,Magister_Ludi_108,loss,outoftime,993,951,42,standard,blitz,blitz,300,0,5+0,lichess.org,15.0,0.44,,,21/07/25 21:27,2025-07-22 00:31:47.982+00,232.946,C20,King's Pawn Game: Wayward Queen Attack,King's Pawn Game,3,-6,0,20.0,,,,,8,20257,6.96,,,,,30,15,e4 e5 Qh5 d6 Bc4 g6 Qf3 Nf6 d3 Bg7 Bg5 c5 Nc3 Bd7 Nge2 Nc6 Nd5 h6 Bxf6 Qa5+ c3 Bxf6 Qxf6 Rf8 Qe7+ Nxe7 Nxe7 Kxe7 O-O g5,"{30003,30003,29907,29659,29739,29523,29555,29411,29251,29291,28923,28939,27171,28315,25251,28067,25035,26819,24595,24291,23563,23251,21931,22211,20627,21795,20291,21627,17917,20257,0}"
13030,AFddkUwo,black,Drac25,AARMHSh,win,mate,988,987,1,standard,blitz,blitz,300,0,5+0,lichess.org,20.0,3.15,33.0,,21/07/25 19:21,2025-07-21 22:31:06.092+00,563.618,C20,Center Game,Center Game,3,5,2549,4.65,,,,,-17,6243,4.03,,,,,120,60,e4 e5 d4 Bb4+ c3 Bd6 Bc4 h6 Qf3 Qf6 dxe5 Bxe5 Qxf6 Nxf6 Nf3 Nxe4 Nxe5 O-O Nxf7 Rxf7 Bxf7+ Kxf7 O-O Kg8 Re1 d5 c4 c6 Nc3 Bf5 f3 Nxc3 bxc3 Na6 Ba3 Nc7 cxd5 Nxd5 Re5 g6 Rae1 Kf7 c4 Nc3 g4 Bd3 R1e3 Kf6 Re8 Rxe8 Rxe8 Bxc4 Be7+ Kf7 Rh8 Kxe7 Rxh6 Nxa2 Rxg6 Kf7 Rg5 Be6 Ra5 a6 Ra4 b5 Rf4+ Kg6 h4 b4 h5+ Kg5 Re4 Bd5 f4+ Kxg4 Re5 Kxf4 Re6 b3 Rf6+ Kg5 h6 Kxf6 h7 Kg7 h8=Q+ Kxh8 Kh2 b2 Kg3 b1=Q Kf4 Qd1 Ke5 Bh1 Ke6 c5 Kf5 c4 Ke6 c3 Kf5 Qe1 Kf6 c2 Kf5 c1=R Kf6 Rc2 Kf5 Ba8 Kf4 Rf2+ Kg4 Rf7 Kg5 Qg1+ Kh6 Rh7#,"{30003,30003,29923,28963,29747,28827,29587,26827,29147,25875,28739,25755,28115,25467,27323,24915,26779,23803,26379,23635,26235,23539,26163,22571,26075,22403,25795,21827,24515,19859,24011,19075,23467,18195,23355,17675,22819,17139,22227,16331,22011,15571,20019,14267,19299,13331,18131,11859,17587,11715,17499,11067,17139,10827,14995,10603,14939,10371,14787,10019,14123,9651,13163,8803,12267,8499,11987,7963,11771,6747,11651,6443,10259,6171,9899,5875,9275,5587,8883,5347,8691,4995,7987,4787,7899,4603,7603,4467,7539,4259,7491,4059,7443,3947,7403,3739,7307,3659,7251,3523,7187,3435,7131,3283,7019,3171,6923,3019,6875,2947,6811,2875,6667,2811,6515,2659,6419,2587,6243,2549}"
13031,0MTn4cmm,white,Drac25,Zakpro12345,win,mate,982,971,11,standard,blitz,blitz,300,0,5+0,lichess.org,,,,,21/07/25 19:20,2025-07-21 22:21:26.137+00,48.181,C20,King's Pawn Game: Wayward Queen Attack,King's Pawn Game,3,6,27910,2.99,,,,,-6,28065,3.23,,,,,15,8,e4 e5 Qh5 Nc6 Bc4 g6 Qf3 Nf6 c3 d5 exd5 Nxd5 Bxd5 Bc5 Qxf7#,"{30003,30003,29835,30003,29387,29211,29163,29075,28947,28555,28483,28459,28299,28065,27910}"
13032,Bxq2LGmv,black,Drac25,xxBlanca,loss,mate,988,974,14,standard,blitz,blitz,300,0,5+0,lichess.org,12.0,-0.56,57.0,,21/07/25 03:21,2025-07-21 06:28:32.41+00,422.388,D02,Queen's Pawn Game: Symmetrical Variation,Queen's Pawn Game,4,-6,6604,8.07,,,,,6,13035,5.66,,,,,61,31,d4 d5 Nf3 Nf6 Nc3 Bg4 Bg5 Bxf3 gxf3 e6 Bxf6 Qxf6 Bg2 Bb4 Qd3 Nc6 O-O-O O-O e3 Qe7 h4 h6 Ne2 Ba5 f4 Nb4 Qb3 Bb6 Ng3 g6 h5 g5 Ne2 g4 Ng3 Nc6 f5 exf5 Nxf5 Qf6 Qxd5 Rad8 Qc4 Qxf5 Bxc6 bxc6 Rhg1 Qxf2 Rxg4+ Kh7 Qxc6 Qxe3+ Kb1 f6 Rdg1 Rg8 Rxg8 Rxg8 Qd7+ Rg7 Qxg7#,"{30003,30003,28691,29819,28691,29211,28563,28939,28491,28627,28371,28491,28371,28275,27379,27459,27235,26939,26955,25819,26203,24187,25131,23387,23835,22571,23395,20443,22115,19843,21707,19187,21299,17771,21091,16987,20971,16803,20971,16523,20179,14139,17643,13563,17323,12963,17219,11611,16963,11099,15491,9315,15347,8667,13755,7371,13427,6931,13355,6604,13035}"
13033,6UHPUPQ8,white,Drac25,Deniz55celebi,loss,outoftime,995,912,83,standard,blitz,blitz,300,0,5+0,lichess.org,19.0,-0.57,35.0,,21/07/25 03:12,2025-07-21 06:21:16.556+00,523.664,B01,Scandinavian Defense: Main Line,Scandinavian Defense,6,-7,0,6.12,,,,,7,10075,4.15,,,,,98,49,e4 d5 exd5 Qxd5 Nc3 Qa5 Nf3 e5 a3 Nc6 Bb5 Bd7 b4 Bxb4 Bxc6 Bxc6 Bb2 Bxc3 Bxc3 Qd5 Bxe5 O-O-O Bxg7 Ne7 Bxh8 Rxh8 O-O Rg8 g3 Nf5 c4 Qe4 Re1 Qxf3 Qxf3 Bxf3 Re5 Nd4 Kf1 Be2+ Rxe2 Nxe2 Kxe2 Re8+ Kd3 Rd8+ Kc3 f5 Re1 h5 Re5 Rf8 f4 Rf6 Kd4 c6 c5 b5 cxb6 axb6 a4 Kd7 a5 bxa5 Rxa5 Kd6 Ra6 Re6 d3 Re2 Ra8 Rxh2 Rd8+ Kc7 Rg8 Rh3 Kc5 h4 g4 fxg4 Rg5 g3 Rg6 Rh1 Rxc6+ Kd7 Rd6+ Ke7 Rh6 h3 Rh7+ Kf6 Rh6+ Kg7 Rh4 g2 Rg4+ Kf6,"{30003,30003,29531,30003,29467,29899,27523,29451,25011,27971,24099,27731,23731,27403,23283,27251,22539,26731,22211,26107,20467,25475,19899,24355,19675,24123,19339,22891,15883,21387,13667,20627,12659,20019,12451,20019,11043,19499,8867,18219,8515,18115,8403,17979,8323,17867,8195,17539,8059,17171,7931,16907,7595,16611,7107,16355,6939,15483,6747,15483,6091,15347,5531,15219,5347,15115,4955,14555,4667,14243,2979,13851,2715,12987,2027,12731,1827,12163,1371,11851,1179,11587,899,11115,861,10947,723,10899,589,10643,395,10531,283,10435,20,10203,20,10075,0}"
13034,azWzeAlb,white,Drac25,Thilanjaa,loss,outoftime,1002,934,68,standard,blitz,blitz,300,0,5+0,lichess.org,17.0,-4.59,37.0,,21/07/25 03:04,2025-07-21 06:12:16.597+00,479.914,C20,King's Pawn Game: Wayward Queen Attack,King's Pawn Game,3,-7,0,6.98,,,,,7,14879,3.6,,,,,86,43,e4 e5 Qh5 Qe7 Nf3 Nf6 Qg5 Nxe4 Qxe5 Qxe5 Nxe5 Bc5 d3 Nxf2 Ke2 Nxh1 Nc3 Nf2 Nd5 d6 Nxc7+ Kd8 Nxa8 dxe5 Be3 Bxe3 Kxe3 Ng4+ Ke4 Nxh2 Be2 Nc6 c3 Bd7 Rh1 Ng4 Bxg4 Bxg4 Rh4 Be6 d4 exd4 cxd4 Kd7 d5 Bxd5+ Kxd5 Rxa8 Rxh7 Rg8 b4 Nxb4+ Kc4 Nxa2 Rh5 b6 Rd5+ Kc6 Rb5 a6 Rb2 Nc1 Rc2 Na2 Rxa2 a5 Rc2 f5 Kd4+ Kb7 Ke5 g6 Kd6 f4 Rc7+ Ka6 Rc6 g5 Kc7 Rc8+ Kxc8 a4 Kc7 Ka5 Rxb6 a3,"{30003,30003,29939,29795,29347,29699,27211,29435,26083,29123,25939,28883,25315,28651,24043,28411,23179,28203,22443,27811,21523,27379,17547,27051,17459,26643,17219,26515,16843,26379,15483,26251,15259,25531,14075,25051,13899,24875,13315,24611,9963,24315,8851,24075,8275,21763,8107,21699,7755,21355,7339,21203,7163,21075,6747,20723,5787,20531,5427,20347,5155,20067,4883,19827,4707,19411,4035,17091,3035,16779,2939,16675,2603,16515,913,16299,758,16011,606,15547,433,15267,350,15059,229,14879,0}"
13035,oKzFHM45,white,Drac25,giridharnair,win,resign,996,993,3,standard,blitz,blitz,300,0,5+0,lichess.org,31.0,5.01,,,21/07/25 02:58,2025-07-21 06:03:37.755+00,310.297,C20,King's Pawn Game: Wayward Queen Attack,King's Pawn Game,3,6,19009,6.87,,,,,-6,10688,12.07,,,,,33,17,e4 e5 Qh5 d6 Bc4 Qe7 d3 h6 Bg5 Qxg5 Qxf7+ Kd8 Qxf8+ Kd7 Be6+ Kc6 Bxc8 Qc1+ Ke2 Qxc2+ Kf3 Qxd3+ Kg4 Qxe4+ Kh3 Qd3+ f3 e4 Qxg7 exf3 Nxf3 Qf5+ Kg3,"{30003,30003,29931,29499,29739,29043,29459,28891,28755,26451,28403,24379,28027,23979,26891,22675,24731,22163,24099,21875,23483,21451,22739,21059,21347,20035,20555,15819,19683,14531,19507,11283,19009,10688}"
13038,6SRzpOSZ,black,Drac25,Volodimir7777,loss,outoftime,991,1007,-16,standard,blitz,blitz,300,0,5+0,lichess.org,18.0,0.47,36.0,,21/07/25 02:40,2025-07-21 05:49:58.481+00,561.994,C23,Bishop's Opening,Bishop's Opening,3,-6,0,6.98,,,,,6,6239,5.53,,,,,87,44,e4 e5 Bc4 Nc6 Qf3 Nf6 c3 Bc5 d3 d6 h3 Qe7 Nd2 h6 Qg3 O-O Nb3 Be6 Bxh6 Nh5 Qf3 Bxc4 dxc4 Qf6 Nxc5 dxc5 Qxh5 gxh6 O-O-O Kh7 f3 Rg8 Qf5+ Qg6 Qxg6+ Rxg6 g4 Na5 b3 Nc6 Rd7 Kg7 Rxc7 Rb8 Ne2 Rf6 Rf1 Na5 f4 a6 Kb2 b5 cxb5 axb5 Rxc5 Nb7 Rxe5 Rd8 Nd4 Nd6 g5 hxg5 Rxg5+ Rg6 Rxg6+ fxg6 f5 gxf5 Ne6+ Kf6 Nd4 Ke5 h4 fxe4 h5 Rg8 h6 Rg3 h7 Rh3 Rf8 Rxh7 Re8+ Kf6 c4 Rh2+ Ka3,"{30003,30003,29771,29795,29587,29467,29411,28971,29251,28651,29043,28083,28219,27987,27563,27659,27331,27459,26811,25843,25651,24427,24499,21819,23323,20891,22931,20571,21787,19059,20907,18891,19547,17939,18899,17819,18747,17283,18027,17003,17627,15707,17307,14435,16691,13907,16251,12531,15475,11907,13539,11523,12571,10899,12251,10139,12059,9123,11283,8747,10867,5459,10667,5179,10259,5075,10211,4403,9939,3923,8939,2787,8411,2291,8083,1907,7923,1411,7427,1107,7219,256,7051,93,6403,93,6239,0}"
13039,W2B1pkOX,white,Drac25,Rafael-Suleymanov91,loss,outoftime,995,1117,-122,standard,blitz,blitz,300,0,5+0,lichess.org,18.0,-3.0,43.0,,21/07/25 02:30,2025-07-21 05:40:12.141+00,595.637,C00,French Defense,French Defense,2,-4,0,5.46,,,,,5,3322,4.94,,,,,110,55,e4 e6 Qh5 Nf6 Qd1 Nxe4 d3 Nf6 Bg5 d5 Bxf6 Qxf6 d4 c5 Bb5+ Bd7 Bxd7+ Nxd7 Nf3 cxd4 Nxd4 Bc5 Nf3 Qxb2 Nbd2 O-O O-O h6 Nb3 Qf6 Nxc5 Nxc5 Nd4 e5 Nb5 Ne4 f3 Qb6+ Nd4 Nc3 Qd3 Qxd4+ Qxd4 exd4 a4 Rfe8 Ra3 Re2 Rf2 Rxf2 Kxf2 a6 a5 b5 axb6 Rb8 Rxa6 Nb5 Ra5 Rxb6 f4 Nd6 Rxd5 Ne4+ Kf3 Nd2+ Kg4 Rg6+ Kh5 Rxg2 Rd8+ Kh7 Rxd4 Rxh2+ Kg4 Nf1 Rd7 Kg6 f5+ Kf6 Rd6+ Ke5 Rd7 Rg2+ Kh3 Rxc2 Rxf7 Rc3+ Kg2 Ne3+ Kf2 Nxf5 Ke2 g5 Rf8 h5 Re8+ Kf4 Kf2 Rc2+ Ke1 Kf3 Rf8 Re2+ Kd1 g4 Rxf5+ Ke3 Re5+ Kf3,"{30003,30003,29947,29803,29787,29507,29539,29371,29411,29155,28907,29027,28779,28659,28571,26707,28275,26707,28179,26539,27651,25795,26699,25211,25835,23891,25651,23139,24659,21827,23027,21827,22059,20483,21763,19611,20843,18331,18059,17531,16651,17315,16171,17315,15147,16979,14867,16683,14467,16235,14275,15771,13907,15491,13427,14675,13195,14179,12531,13555,12203,13187,11891,12611,10651,12171,10059,11075,9795,10683,8507,10147,7683,9971,7147,9171,6419,8227,6243,7995,6059,7627,5187,7387,4587,7243,4179,6875,3947,6627,2963,6179,2259,5859,1915,5587,1747,5251,1259,5003,1043,4851,532,4195,374,3595,179,3475,28,3322,0}"
13040,ry0VUc9n,black,Drac25,Rafael-Suleymanov91,loss,mate,998,1112,-114,standard,blitz,blitz,300,0,5+0,lichess.org,16.0,2.54,,,21/07/25 02:24,2025-07-21 05:30:05.871+00,322.705,C24,Bishop's Opening: Berlin Defense,Bishop's Opening,4,-3,12056,11.22,,,,,5,16789,7.77,,,,,35,18,e4 e5 Bc4 Nf6 d3 d5 exd5 Nxd5 Nf3 Bg4 h3 Bxf3 Qxf3 Nf4 Bxf4 exf4 Qxf4 f6 O-O Nc6 Re1+ Be7 Qe4 Qd4 Bd5 Qxb2 Bxc6+ Kf8 Bxb7 Re8 Nd2 Bd6 Nc4 Qxc2 Qxe8#,"{30003,30003,29795,29347,28995,28531,28691,28403,28627,27275,28147,27099,28027,26403,27379,26227,26955,24835,26219,23843,25331,23451,24179,21907,22731,20403,22003,19579,21283,19123,19411,16339,17259,12056,16789}"
13041,qqt83gyv,black,Drac25,kxlewang,loss,mate,1005,981,24,standard,blitz,blitz,300,0,5+0,lichess.org,15.0,1.92,,,21/07/25 02:22,2025-07-21 05:24:26.448+00,91.471,C50,Italian Game: Anti-Fried Liver Defense,Italian Game,6,-7,25479,5.66,,,,,6,26402,4.0,,,,,19,10,e4 e5 Nf3 Nc6 Bc4 h6 d4 Nxd4 Nxd4 exd4 Qxd4 Bb4+ Bd2 Bxd2+ Nxd2 Ne7 Qxg7 Rg8 Bxf7#,"{30003,30003,29915,29827,29843,29691,29635,28627,28963,28291,28827,26323,28371,26187,28019,25955,27763,25479,26402}"
13042,FS5IlUS1,white,Drac25,Shervin1t,win,mate,1000,942,58,standard,blitz,blitz,300,0,5+0,lichess.org,19.0,-2.64,41.0,,21/07/25 02:16,2025-07-21 05:22:41.313+00,358.67,B01,Scandinavian Defense,Scandinavian Defense,2,5,8669,5.61,,,,,-5,17926,3.26,,,,,77,39,e4 d5 Qh5 Nf6 Qe2 dxe4 Qe3 Nc6 Bb5 Bd7 Nc3 a6 Bxc6 Bxc6 d3 e6 Nxe4 Nxe4 dxe4 Bb4+ c3 Ba5 Nf3 O-O e5 Bxf3 Qxf3 c6 Be3 Qe7 O-O Rad8 b4 Bb6 Bxb6 Rd7 Be3 c5 Bxc5 Qg5 Bxf8 Kxf8 h3 Qe7 Rad1 Rc7 Rd4 Kg8 g3 b5 Rfd1 Kf8 Qe4 g6 Qh4 h5 Qxe7+ Kxe7 Kg2 Rxc3 Rd7+ Kf8 Rd8+ Kg7 Ra8 Ra3 Ra7 Kf8 Rd8+ Kg7 Rdd7 Rxa2 Rxf7+ Kh6 h4 Re2 Rh7#,"{30003,30003,29947,29755,28411,29611,27803,29475,27611,29307,27299,29083,26555,29083,24707,28955,23515,28731,23043,28147,22787,28035,21747,27827,20331,27611,20115,27331,19539,26643,19051,26443,18547,26083,18387,25899,17859,25611,17443,25291,17115,25123,16075,24723,15739,23931,14603,22603,13291,21923,13123,21515,12755,21187,12499,20987,12355,20939,11659,20731,11435,20291,11163,20155,10579,19723,9643,19331,9379,19203,9235,18899,9035,18779,8851,17926,8669}"
13043,rEySkxSg,black,Drac25,hoshyar3425,loss,outoftime,1004,1092,-88,standard,blitz,blitz,300,0,5+0,lichess.org,14.0,0.56,47.0,,21/07/25 02:08,2025-07-21 05:16:20.504+00,469.799,B00,"Nimzowitsch Defense: Kennedy Variation, Linksspringer Variation",Nimzowitsch Defense,5,-4,0,8.11,,,,,4,16445,3.66,,,,,75,38,e4 e5 d4 Nc6 d5 Nce7 f3 d6 c3 Ng6 Qa4+ Bd7 Qb3 b6 Bb5 Nf6 Bxd7+ Qxd7 a4 Be7 Qb5 O-O Qxd7 Nxd7 Nh3 h6 a5 Bh4+ g3 Be7 axb6 axb6 Rxa8 Rxa8 Nd2 Nc5 Ke2 Ra1 b4 Na4 Nb3 Rb1 Nd2 Nxc3+ Kd3 Rxc1 Rxc1 Na2 Rxc7 Nxb4+ Ke2 Na6 Rc6 Nc5 Rxb6 Bg5 f4 exf4 gxf4 Nxf4+ Nxf4 Bxf4 Rb8+ Kh7 Nc4 Bxh2 Ke3 Nd7 Rb7 Nf6 Rxf7 Ng4+ Kf3 Ne5+ Nxe5,"{30003,30003,29867,28315,29619,26027,29147,25395,28867,24939,28667,24675,28331,24483,27851,21131,27635,20459,27411,20115,27259,19723,26771,19187,26427,17275,25995,16339,25699,15515,25531,14779,24715,14691,24563,13267,23563,12723,22907,11755,22427,10555,21595,10155,20971,6315,20667,6027,20507,5763,20155,4907,19915,4203,19355,3931,18891,3747,18755,2771,18603,2651,18195,2459,17835,1979,17235,1059,17043,879,16843,439,16651,90,16445,0}"
13044,Rpdzdi6d,black,Drac25,OKLM3,win,resign,999,941,58,standard,blitz,blitz,300,0,5+0,lichess.org,,0.38,,,21/07/25 02:04,2025-07-21 05:07:56.503+00,215.315,D35,Queen's Gambit Declined: Exchange Variation,Queen's Gambit Declined,7,5,17453,9.65,,,,,-5,21717,6.37,,,,,27,14,d4 d5 c4 Nf6 Nc3 e6 cxd5 Nxd5 e3 Bb4 Qa4+ Bd7 Qb3 Nc6 Bd2 Na5 Qc2 Nxc3 bxc3 Bd6 c4 c6 d5 cxd5 cxd5 Rc8 Qc3,"{30003,30003,29899,29523,29307,28763,29171,28339,28787,27067,28603,26203,28171,24627,27699,23923,25931,22595,25563,21395,25027,18763,23875,18275,23875,17899,21717,17453}"
13045,e3OUpZn7,black,Drac25,DeejVladicsky,win,resign,994,961,33,standard,blitz,blitz,300,0,5+0,lichess.org,,,,,21/07/25 02:03,2025-07-21 05:03:28.646+00,16.075,C44,King's Knight Opening: Normal Variation,King's Knight Opening,4,5,29904,0.99,,,,,-5,27629,11.87,,,,,4,2,e4 e5 Nf3 Nc6,"{30003,30003,29035,29904,27629}"
13046,AGe6yXoC,black,Drac25,targolhashemi,win,timeout,989,973,16,standard,blitz,blitz,300,0,5+0,lichess.org,,,,,21/07/25 02:01,2025-07-21 05:02:22.919+00,24.389,C50,Italian Game: Anti-Fried Liver Defense,Italian Game,6,5,29228,2.58,,,,,-6,24640,13.41,,,,,8,4,e4 e5 Nf3 Nc6 Bc4 h6 Nc3 Bc5,"{30003,30003,29579,29883,29443,29787,29123,29228,24640}"
13047,GqSj9X1k,white,Drac25,Ingias,win,mate,982,1022,-40,standard,blitz,blitz,300,0,5+0,lichess.org,30.0,-4.2,52.0,,21/07/25 01:54,2025-07-21 05:01:49.881+00,437.152,C20,King's Pawn Game: Wayward Queen Attack,King's Pawn Game,3,7,1476,10.19,,,,,-6,16274,5.08,,,,,57,29,e4 e5 Qh5 Nc6 Bc4 g6 Qf3 Nf6 c3 d5 Bb5 dxe4 Bxc6+ bxc6 Qe3 Bb7 d3 exd3 Bd2 e4 Qg5 Be7 Qe5 O-O Bh6 Re8 Bg5 Nd7 Bxe7 Rxe7 Qg5 c5 Nd2 f6 Qh6 e3 fxe3 Bxg2 O-O-O Bxh1 Ngf3 Bxf3 Nxf3 Rxe3 Nh4 Re2 Rxd3 c4 Rg3 Rxh2 Rxg6+ hxg6 Qxg6+ Kf8 Nf5 Qe8 Qg7#,"{30003,30003,29931,29635,29827,29379,29707,29291,29539,28339,28691,27995,28387,27147,26515,25883,24787,25467,23027,24995,22619,24715,21379,24171,20779,23987,20451,23083,18523,22963,18163,22059,17451,21403,16715,20835,15987,20299,14835,20139,13259,19851,13147,19571,10243,18299,7939,18227,4995,17451,4259,17203,3899,17043,1819,16274,1476}"
13048,wAsoNv36,white,Drac25,NancyJ,win,resign,975,1071,-96,standard,blitz,blitz,300,0,5+0,lichess.org,16.0,1.5,41.0,,21/07/25 01:45,2025-07-21 04:54:17.894+00,514.725,B01,Scandinavian Defense: Mieses-Kotroc Variation,Scandinavian Defense,4,7,5659,6.09,,,,,-7,4812,6.3,,,,,81,41,e4 d5 exd5 Qxd5 Nc3 Qe6+ Qe2 Nc6 Nf3 Qxe2+ Bxe2 Be6 Bb5 O-O-O Bxc6 bxc6 d3 Nf6 Be3 Kb7 O-O-O Nd5 Bc5 Nxc3 bxc3 Bxa2 Kd2 e6 Bd4 c5 Be3 Bd6 Ra1 Bd5 d4 f5 dxc5 f4 Bd4 Bxf3 cxd6 Rxd6 gxf3 e5 Rxa7+ Kb8 Rb1+ Kc8 Ra8+ Kd7 Rxh8 exd4 cxd4 Rxd4+ Kc3 c5 Rxh7 Kd6 Rh5 Ra4 Rb6+ Kd7 Rb5 Ra3+ Kc4 Ra4+ Kxc5 Ra1 Rd5+ Ke6 Rb6+ Kf7 Rd7+ Kg8 Rbb7 Ra5+ Kb6 Rg5 Rf7 Rb5+ Kxb5,"{30003,30003,29707,30003,29651,29931,29291,29547,27443,29107,27203,29011,26587,28419,26395,28419,25843,27907,25011,27427,23331,26771,21843,24915,21579,24603,21395,24171,20731,23459,20011,22987,19251,21691,17531,16619,16819,15851,16339,14323,15803,12963,15419,12867,14283,12675,12507,12403,12235,11923,11923,11723,11123,11443,11011,11179,10659,10475,9283,9347,9003,9099,8395,8019,8187,7155,7963,6747,7763,6515,7595,6411,7411,6211,6747,5795,6499,5651,5827,5267,5659,4812}"
13049,YjL5U75E,white,Drac25,MoslemSalhiDost,win,mate,970,958,12,standard,blitz,blitz,300,0,5+0,lichess.org,22.0,9.59,,,21/07/25 01:40,2025-07-21 04:45:16.243+00,304.516,C00,French Defense,French Defense,2,5,17532,6.24,,,,,-5,13366,8.76,,,,,41,21,e4 e6 Qh5 Nf6 Qd1 Nxe4 Bd3 Bc5 Bxe4 Qf6 Nf3 Nc6 c3 Ne5 d4 Ng4 dxc5 h5 h3 Qf4 Bxf4 f5 hxg4 fxe4 Ne5 d5 cxd6 cxd6 Ng6 Rg8 Qxd6 Kf7 Ne7 Rf8 Nd2 e3 fxe3 Re8 Bg5 b6 Rf1#,"{30003,30003,29947,29603,29651,29403,29115,27979,28907,27827,27891,27363,27627,27035,27355,24523,26651,23995,25299,23051,24627,22275,24027,22139,23603,21467,23419,21075,23139,19947,22171,18763,20427,18107,18899,17571,18067,15379,17779,13366,17532}"
13050,7pdWQ6Sk,black,Drac25,kxlewang,win,outoftime,964,977,-13,standard,blitz,blitz,300,0,5+0,lichess.org,21.0,-0.33,43.0,,21/07/25 01:30,2025-07-21 04:39:58.158+00,595.69,C50,Italian Game: Anti-Fried Liver Defense,Italian Game,6,6,2798,9.07,,,,,-6,0,9.68,,,,,62,31,e4 e5 Nf3 Nc6 Bc4 h6 d4 Nf6 dxe5 Nxe4 Nd4 Bc5 c3 Nxd4 cxd4 d5 exd6 Bb4+ Bd2 Bxd2+ Nxd2 Nxd6 O-O Nxc4 Nxc4 O-O d5 b5 Ne3 Qg5 Qf3 Bb7 Rfc1 Rad8 Rd1 Rd6 Nf5 Rf6 Ne7+ Kh8 Qg3 Qxg3 fxg3 Rd8 Rac1 Rfd6 Nf5 Rxd5 Ne3 Rxd1+ Rxd1 Rxd1+ Nxd1 a5 Nc3 Bc6 Kf2 f5 Ke3 g5 h4 b4,"{30003,30003,29947,29843,29811,29451,29595,28579,29027,28435,28323,28307,27443,27643,27051,27043,26379,26307,26059,26171,25387,24603,24987,23715,24339,22987,22579,22835,22059,21339,19195,18851,17555,17995,15459,17387,12787,16243,10179,15779,8315,8795,7899,7635,6235,5787,3763,5515,2563,4979,2387,3755,2283,3443,2115,3235,1259,3067,839,2923,274,2798,0}"
13051,BI0a0Q0q,black,Drac25,nikosci,loss,resign,968,1056,-88,standard,blitz,blitz,300,0,5+0,lichess.org,27.0,-3.36,,,21/07/25 01:22,2025-07-21 04:29:28.954+00,390.936,C44,Scotch Game: Lolli Variation,Scotch Game,9,-4,7757,10.59,,,,,4,13479,7.87,,,,,43,22,e4 e5 Nf3 Nc6 d4 exd4 Nxd4 Nxd4 Qxd4 d5 Qe5+ Ne7 exd5 f6 Qh5+ g6 Qf3 Nxd5 c4 Qe7+ Be2 Nb4 Na3 Nc6 O-O Bf5 Bf4 O-O-O Nb5 Be4 Qg3 Bxg2 Qxg2 Qxe2 Rae1 Qxc4 Bxc7 Rd7 a4 Bb4 Re4 a6 Rxc4,"{30003,30003,29947,29811,29875,29643,29819,29603,29771,29403,29635,28435,29307,28003,28987,27699,28507,26859,26699,26307,26179,25771,24771,25275,24363,24235,23907,23763,22123,20299,20955,17315,20403,17123,19987,15411,18779,12131,14875,10571,13691,9035,13479,7757}"
13052,91k28YNj,white,Drac25,Sadiquepp,loss,mate,973,1032,-59,standard,blitz,blitz,300,0,5+0,lichess.org,26.0,-0.47,53.0,,21/07/25 01:13,2025-07-21 04:22:12.928+00,521.793,C20,King's Pawn Game: Wayward Queen Attack,King's Pawn Game,3,-5,3021,5.51,,,,,5,8042,4.48,,,,,100,50,e4 e5 Qh5 Nc6 Bc4 g6 Qf3 Nf6 c3 Bc5 b4 Be7 b5 Na5 Bd5 O-O d4 Nxd5 exd5 d6 dxe5 dxe5 Bh6 Re8 Ne2 Bg5 Bxg5 Qxg5 O-O Bg4 Qg3 e4 h3 Qe5 Qxe5 Rxe5 hxg4 Rxd5 Na3 Rd2 Nf4 Rad8 b6 cxb6 Nb5 a6 Nc7 Nc4 Nfd5 e3 Nxe3 R8d3 Nxc4 Rxc3 Nxb6 Rxc7 Rac1 Re7 Nc4 Rxa2 Rb1 b5 Nd6 Re6 Nb7 Re4 Nc5 Rxg4 f3 Rg3 Kh2 Raxg2+ Kh1 Rg5 Ne4 Re2 Nxg5 Re5 Nh3 Rh5 Kg2 g5 f4 g4 Ng5 f6 Ne6 Kf7 Nc5 Rxc5 Kg3 f5 Rbc1 Rd5 Rc7+ Kf6 Rxh7 Rd3+ Kh4 Rh3#,"{30003,30003,29939,29651,29771,28915,29659,28811,29427,28115,29067,27827,28659,27731,26931,27171,25371,26179,24939,25931,24547,25747,22043,25059,20907,24587,19979,24443,18091,24203,17555,23395,16995,20771,16451,20635,16267,20515,16187,20355,15987,19243,13691,19083,13451,18851,12891,18515,11699,17731,11003,17243,10619,17115,10451,16987,10275,16443,9931,16243,9291,16019,8779,15243,8243,14627,8059,14435,7931,14107,7643,13899,7323,13603,6771,11595,6379,11307,6059,11123,5747,10867,5211,10531,5043,10147,4515,9331,4019,9131,3819,8891,3579,8571,3435,8371,3291,8203,3021,8042}"
13053,wS6OW3kJ,black,Drac25,Sadiquepp,loss,outoftime,977,1027,-50,standard,blitz,blitz,300,0,5+0,lichess.org,17.0,-3.32,40.0,,21/07/25 01:03,2025-07-21 04:12:52.59+00,551.742,D02,Queen's Pawn Game: Symmetrical Variation,Queen's Pawn Game,4,-4,0,9.09,,,,,5,6882,7.01,,,,,67,34,d4 d5 Nf3 Nf6 Nc3 Bg4 Ne5 Nbd7 Bf4 c6 e3 Nxe5 Be2 Nc4 Bxg4 Nxb2 Qf3 Ne4 Nxe4 dxe4 Qxe4 e6 O-O Nc4 Rab1 Bd6 Rxb7 Bxf4 Qxc6+ Kf8 Qxc4 Bd6 g3 h5 Bf3 Rc8 Bc6 Rc7 Rxc7 Bxc7 Qc5+ Bd6 Qxa7 g6 Rb1 Kg7 Rb7 Qf6 Rd7 Bf8 Rd8 h4 g4 Qxd8 Be4 Qg5 h3 Bb4 Qb7 Be1 f4 Qa5 d5 Qd2 dxe6 Rf8 Qb2+,"{30003,30003,29819,29939,29667,29651,28939,28859,28563,27755,27907,26507,27211,24347,26627,23347,25811,22587,25547,22331,25443,22131,25275,21827,25091,19555,24667,19299,24203,18859,23867,16915,22091,16603,21707,15379,20099,13875,19651,13643,19059,13315,18787,13043,18051,12419,17739,9371,16859,9171,14331,7643,13603,7475,13043,7259,12811,6035,12331,5579,11435,3691,9835,3187,8387,746,6882,0}"
13069,JOxfxHXK,black,Drac25,satnam7275,win,outoftime,1022,1080,-58,standard,blitz,blitz,300,0,5+0,lichess.org,19.0,0.11,,,19/07/25 23:43,2025-07-20 02:53:16.409+00,599.501,C30,King's Gambit Declined: Classical Variation,King's Gambit Declined,4,7,2579,11.43,,,,,-8,0,12.0,,,,,50,25,e4 e5 f4 Bc5 Nf3 Nc6 a3 Qf6 d3 Nd4 Nbd2 Nxf3+ Nxf3 d6 a4 Bg4 Be2 Bxf3 Bxf3 exf4 c3 Qh4+ g3 fxg3 d4 gxh2+ Ke2 Bb6 Qg1 hxg1=Q Rxg1 Qh2+ Rg2 Qh3 Be3 Qe6 Rxg7 Nf6 d5 Qd7 Bxb6 axb6 b3 O-O-O e5 dxe5 Bg2 Kb8 c4 Qf5,"{30003,30003,29483,28003,28451,25803,28099,24811,26883,24571,26179,22459,25939,22035,25475,21811,25299,20995,21091,18899,18251,18611,17115,18467,15731,15531,15155,15107,14187,14451,12523,13979,10275,12011,8539,9651,7907,9067,6571,7203,6379,5755,6163,4339,3091,3763,1467,3131,774,2579,0}"
13054,TVnmKw8U,white,Drac25,Sadiquepp,loss,outoftime,983,1022,-39,standard,blitz,blitz,300,0,5+0,lichess.org,14.0,-0.56,60.0,,21/07/25 00:54,2025-07-21 04:03:26.397+00,548.193,C20,King's Pawn Game: Wayward Queen Attack,King's Pawn Game,3,-6,0,6.82,,,,,5,8599,4.98,,,,,88,44,e4 e5 Qh5 Nc6 Bc4 g6 Qf3 Nf6 c3 d6 d3 Bg4 Qg3 h5 h3 Bd7 Bg5 Be7 Bd5 Nh7 Bxe7 Qxe7 b4 O-O Nf3 Qe8 b5 Ne7 Bxb7 Rb8 Bc6 Nxc6 bxc6 Bxc6 O-O Bb5 c4 Ba4 Nc3 Bc2 Nd5 Bxd3 Rfd1 Bxe4 Re1 Bxd5 cxd5 Nf6 Nxe5 dxe5 Rxe5 Qd8 Rd1 c6 Qf3 Nxd5 Rde1 Qa5 Qg3 Qxe1+ Rxe1 Rbe8 Rxe8 Rxe8 Qd6 Re1+ Kh2 Rc1 Qd8+ Kg7 h4 Nf4 g3 Nd5 Qd7 Rc2 Qxa7 Rxf2+ Kh3 Rf5 g4 Rf3+ Kg2 Rf4 Kg3 Rxg4+ Kf3 Rf4+,"{30003,30003,29891,29595,29835,29035,29691,28691,29523,28107,29387,27955,29003,27643,28027,26955,27467,26531,26419,24723,25619,24403,23715,23611,22675,23027,21883,22795,21363,22603,21211,22259,20259,22139,19899,21995,19683,21499,19299,21115,18059,20827,15579,20635,14979,19091,14755,17763,12715,17355,12179,17139,9043,16811,6379,14139,4155,13531,3691,13291,3211,13139,2843,13027,2363,12107,2267,11411,2035,11203,1571,10859,1331,10395,1115,10115,903,9947,742,9587,580,9387,438,8963,309,8763,154,8599,0}"
13055,I4vhwglv,white,Drac25,S9URAJ2023,loss,resign,988,1018,-30,standard,blitz,blitz,300,0,5+0,lichess.org,23.0,-3.42,36.0,,21/07/25 00:50,2025-07-21 03:53:59.304+00,182.543,B01,Scandinavian Defense: Valencian Variation,Scandinavian Defense,6,-5,19570,5.22,5.0,2.0,1.0,83.0,5,23495,3.43,2.0,0.0,0.0,98.0,40,20,e4 d5 exd5 Qxd5 Nc3 Qd8 Qh5 Nf6 Qf3 Nc6 Bb5 Bd7 d3 Nd4 Qxb7 Rb8 Bxd7+ Nxd7 Qxa7 Nxc2+ Kd1 Nxa1 Nf3 e6 Bg5 Qc8 Kd2 Bc5 Rxa1 Bxa7 Ne5 Nxe5 Bd8 Qxd8 Nd5 exd5 Rc1 O-O Rxc7 Qxc7,"{30003,30003,29779,29859,29739,29651,28731,29227,27787,28707,27491,28299,26419,28107,26035,27419,25763,26771,25331,26371,25115,26235,24299,25979,24139,25707,22555,25411,20931,25123,19955,24899,19843,24571,19843,24371,19787,23651,19787,23495,19570}"
13056,x3iCIKN5,black,Drac25,Azkaab,win,mate,982,996,-14,standard,blitz,blitz,300,0,5+0,lichess.org,23.0,3.02,49.0,,20/07/25 23:07,2025-07-21 02:17:25.846+00,603.699,C50,Italian Game: Anti-Fried Liver Defense,Italian Game,6,6,391,8.23,,,,,-6,1589,7.89,,,,,74,37,e4 e5 Nf3 Nc6 Bc4 h6 d4 Nf6 Nxe5 Nxe5 dxe5 Nxe4 Qf3 Qh4 Qxf7+ Kd8 g3 Qe7 Qh5 Ng5 Nc3 c6 Bf4 g6 Qe2 d5 Bxd5 cxd5 Nxd5 Qc5 O-O-O Ke8 Nf6+ Kf7 h4 Ne6 g4 Nxf4 Qf3 Be7 Qxf4 Bxf6 e6+ Ke7 g5 Bxe6 Qxf6+ Ke8 Qxe6+ Qe7 Qxg6+ Qf7 Rhe1+ Kf8 Qd6+ Kg8 gxh6 Rd8 Rg1+ Kh7 Qg3 Rxd1+ Rxd1 Rg8 Qh3 Qf4+ Kb1 Kxh6 Rd6+ Rg6 h5 Rxd6 Qh2 Rd1#,"{30003,30003,29915,29883,29827,29683,29579,28347,29059,28163,29059,28083,28627,26643,28139,26267,23571,24531,21123,22891,20291,22723,19763,21211,18931,20371,18171,20019,17979,18315,17563,15147,16779,14971,15779,14179,14347,13275,12107,8611,11451,8427,9979,7915,8939,7571,8507,6339,8363,5843,7811,5147,7675,4923,6955,4243,6195,3795,6027,3339,4027,3107,3755,2331,3451,1435,3203,1011,2923,831,2523,468,1589,391}"
13057,Dftp5OEl,black,Drac25,iamhere99times,loss,outoftime,986,1063,-77,standard,blitz,blitz,300,0,5+0,lichess.org,28.0,-0.66,,,20/07/25 15:38,2025-07-20 18:47:58.967+00,567.973,A04,Zukertort Opening: Black Mustang Defense,Zukertort Opening,2,-4,0,11.11,5.0,3.0,6.0,64.0,8,5907,8.92,2.0,3.0,9.0,59.0,55,28,Nf3 Nc6 g3 d5 Bg2 e5 d3 Bf5 O-O e4 Nh4 Bg4 f3 exf3 exf3 Be6 Nc3 Bb4 a3 Bc5+ Kh1 Nh6 b4 Bd4 Bb2 O-O Na4 b5 Nc3 Be5 Rb1 a6 f4 Bd4 Ne2 Bf6 c4 Bxh4 gxh4 Qxh4 cxd5 Bxd5 Bxd5 Ng4 Kg2 Ne3+ Kf3 Nxd1 Bxc6 Qh3+ Ng3 Nxb2 Bxa8 Nxd3 Rbd1,"{30003,30003,29931,29603,29931,29499,29875,29163,29763,29027,29315,27467,29139,27219,29027,25187,28683,23267,27491,16051,26971,14979,26795,14715,26227,12987,26115,11923,25203,10099,24771,8515,24523,8323,23891,7699,21339,7411,20771,7203,16691,7003,16515,3699,12947,3027,12451,2899,12227,1539,12011,560,10755,472,5907,0}"
13058,Qk7xymRl,white,Drac25,mahmoudalmsry2020,win,outoftime,979,1057,-78,standard,blitz,blitz,300,0,5+0,lichess.org,16.0,0.11,40.0,,20/07/25 15:28,2025-07-20 18:37:56.424+00,546.211,C20,King's Pawn Game: Wayward Queen Attack,King's Pawn Game,3,7,7713,6.02,,,,,-7,0,8.11,,,,,75,38,e4 e5 Qh5 d6 Bc4 Qf6 Nc3 c6 d3 Be7 Bg5 Qg6 Qxg6 hxg6 Bxe7 Nxe7 Nf3 f6 d4 b5 Bb3 a5 a3 a4 Ba2 Bg4 dxe5 Bxf3 gxf3 dxe5 O-O-O Nd7 Rd6 O-O-O f4 Kc7 Rd3 Nc5 Rxd8 Rxd8 fxe5 fxe5 b4 Ne6 Bxe6 Rd6 Ba2 Rf6 Rf1 Kb6 f4 exf4 e5 Rf5 e6 g5 Ne4 Re5 Nd6 Kc7 Nf7 Re3 Rd1 Rxa3 Kb2 Re3 Rd7+ Kb6 Rxe7 f3 Nxg5 f2 Rf7 Re2 e7,"{30003,30003,29939,29795,29723,28875,29283,28579,28595,27587,27091,27275,26739,27099,25963,26907,25563,26123,24427,25171,24099,24659,22435,24259,22243,22707,20971,21979,20683,20931,20243,20243,19163,19707,17475,19435,16771,18163,16555,17867,16387,17075,15603,16131,15419,15539,14083,15163,12827,13587,11995,12179,11755,11715,11435,11059,10483,9195,9435,6939,9243,5723,8843,4987,8491,3915,8339,2267,8219,1555,7995,1155,7899,924,7713,0}"
13059,Dqx5yget,white,Drac25,kxlewang,loss,outoftime,985,1005,-20,standard,blitz,blitz,300,0,5+0,lichess.org,24.0,-1.67,47.0,,20/07/25 15:19,2025-07-20 18:28:36.048+00,569.528,C20,King's Pawn Game: Wayward Queen Attack,King's Pawn Game,3,-6,0,7.9,,,,,6,7763,6.01,,,,,76,38,e4 e5 Qh5 Nc6 Bc4 g6 Qf3 f5 exf5 Nd4 Qd3 d5 Bb3 Bxf5 Qc3 Nf6 d3 a5 Ba4+ Bd7 Bxd7+ Qxd7 Bg5 Qe7 f3 h6 Bh4 g5 Bg3 e4 dxe4 dxe4 Qxd4 exf3+ Kf2 Ne4+ Kxf3 Bg7 Qxe4 Qxe4+ Kxe4 O-O-O Na3 Bxb2 Be5 Bxa3 Bxh8 Rxh8 Nh3 Re8+ Kf5 Rf8+ Kg6 Rh8 Rhd1 Bb2 Rab1 Be5 g3 c5 Rd5 Bd4 Rb5 Rd8 Rdxc5+ Bxc5 Rxc5+ Kb8 Rxa5 b6 Rb5 Kb7 Nxg5 hxg5 c4 Rc8,"{30003,30003,29899,29875,29651,29803,29555,29659,29235,29587,28307,28859,27491,28459,23971,28307,22531,27859,21403,25979,20939,25827,20851,23979,20307,22835,19651,22635,19563,21347,18563,21187,17739,19995,17059,18539,14731,17171,14259,16907,13755,16419,12547,16091,8411,14963,8203,14451,7187,14179,6979,13507,6811,13011,5867,12715,5603,12115,5035,11139,4931,10691,4595,9859,4115,9523,3995,9275,3923,9099,2323,8147,705,7971,300,7763,0}"
13060,KkRe4ODI,black,Drac25,Rajkiran,loss,mate,990,978,12,standard,blitz,blitz,300,0,5+0,lichess.org,11.0,-1.37,,,20/07/25 15:10,2025-07-20 18:18:44.456+00,465.877,D00,Queen's Pawn Game,Queen's Pawn Game,2,-5,9143,8.69,,,,,6,7115,9.16,,,,,51,26,d4 d5 h3 Nc6 Nf3 Nf6 g4 e6 a3 Bd6 b4 e5 Bg5 exd4 Nxd4 Be5 Nxc6 Bxa1 Nxd8 Kxd8 Qxd5+ Bd7 Qxb7 Rc8 Bg2 h6 Bh4 Bd4 O-O Bb6 Rd1 g5 Bg3 Re8 e3 h5 Bc6 hxg4 Bxd7 Nxd7 Nc3 Ke7 Nd5+ Kf8 a4 Rb8 Qc6 Ne5 Qh6+ Kg8 Nf6#,"{30003,30003,29827,29283,29571,28867,29427,27771,28051,26043,27579,25603,26315,24875,25075,24115,24443,23787,24227,23371,23395,22939,22299,22619,19675,22147,19443,21291,18035,19907,16923,19315,16451,18915,16219,15843,14419,14931,11915,14651,11699,14275,10363,13547,8507,12235,7835,9835,7531,9143,7115}"
13061,MUqCqs5S,black,Drac25,Suyashkm,loss,resign,996,1017,-21,standard,blitz,blitz,300,0,5+0,lichess.org,,7.74,,,20/07/25 15:09,2025-07-20 18:10:42.855+00,63.168,C46,Three Knights Opening,Three Knights Opening,5,-6,25428,6.54,,,,,6,27842,3.09,,,,,15,8,e4 e5 Nf3 Nc6 Nc3 Bc5 d3 d6 Be3 Bg4 Be2 Bxe3 fxe3 Qg5 Nxg5,"{30003,30003,29907,29939,29843,29635,29731,29147,29659,28955,28515,28499,28227,26563,27842,25428}"
13062,90aDBJAa,white,Drac25,shahin1115,loss,outoftime,1003,888,115,standard,blitz,blitz,300,0,5+0,lichess.org,21.0,-0.77,52.0,,20/07/25 15:00,2025-07-20 18:08:53.941+00,522.287,C00,French Defense: Knight Variation,French Defense,3,-7,0,9.68,,,,,8,10780,6.41,,,,,62,31,e4 e6 Nf3 d6 d4 f6 Bb5+ c6 Bc4 Bd7 Be3 Be7 O-O g5 g4 h5 h3 hxg4 hxg4 e5 Kg2 Bxg4 Rh1 Qd7 Rxh8 exd4 Bxd4 d5 Rxg8+ Kf7 Bxd5+ cxd5 Rh8 dxe4 Rh7+ Kg8 Qh1 Bxf3+ Kf1 Bxh1 Rxh1 Qb5+ Kg2 e3 fxe3 Qd5+ Kf2 Qxh1 b3 g4 Nc3 Qxa1 Nd5 Qh1 Nxe7+ Kg7 Nf5+ Kf7 Nd6+ Ke6 Nxb7 Qxb7,"{30003,30003,29435,29779,29259,29547,28811,29091,28459,28859,27539,27611,25651,27011,24587,26571,24235,26123,23995,25339,23467,24067,22971,22467,22715,19483,21875,18619,21267,18427,16451,17955,13955,17619,13043,16723,10675,16435,8875,15299,8427,14443,6819,13379,3451,12851,2811,12611,1787,12523,1451,12283,1283,11891,1099,11715,993,11435,699,11099,556,10780,0}"
13063,oZSuwxrq,white,Drac25,sepehrbol,draw,draw,1002,1050,-48,standard,blitz,blitz,300,0,5+0,lichess.org,16.0,5.06,36.0,,20/07/25 14:53,2025-07-20 18:00:00.563+00,418.485,C20,King's Pawn Game: Wayward Queen Attack,King's Pawn Game,3,1,6588,4.59,,,,,0,16374,2.73,,,,,103,52,e4 e5 Qh5 Nc6 Bc4 g6 Qf3 Nf6 c3 Bc5 d3 d6 Bg5 Bg4 Qxf6 Qxf6 Bxf6 Rg8 h3 Bh5 g4 Bxg4 hxg4 Na5 Bxf7+ Kxf7 b4 Kxf6 bxc5 dxc5 Na3 Rad8 Nf3 Rxd3 O-O Rxf3 Rad1 Rxc3 Nb5 Rc2 a4 Ra2 Ra1 Rxa1 Rxa1 a6 Nxc7 b5 axb5 Rc8 Nd5+ Ke6 bxa6 Nc4 Nb6 Nxb6 a7 Ra8 Kg2 Nc4 Ra5 Kd6 Ra4 Nd2 Ra2 Nxe4 f3 Ng5 Kg3 c4 f4 exf4+ Kxf4 Ne6+ Ke4 Kc5 Ke5 Nc7 Ra5+ Kb6 Ra4 c3 Rc4 Rxa7 Rxc3 Ra5+ Kd6 Rg5 Rxc7 Rxg4 Rxh7 g5 Rh6 Kb5 Rg6 Rg1 Ke5 g4 Kf4 g3 Rxg3 Rxg3 Kxg3,"{30003,30003,29955,29811,29891,29619,29763,29555,29363,29403,28563,29291,28419,29171,28155,28619,28043,28555,27555,28091,26787,27715,26643,27227,25395,27099,25307,27003,24563,26715,23923,26171,23139,25883,20299,25707,18795,25475,18027,24803,16435,24443,15883,24235,15747,24139,15627,23979,14643,23899,14355,23691,14203,23371,12891,23099,12779,23019,12459,22707,12075,22483,11347,22235,10947,21843,10947,21499,10747,21387,10491,21123,10339,21035,10027,20451,9683,20139,9235,19699,8603,19579,8435,18931,8275,18643,7803,18467,7587,18307,7523,18211,7443,17987,7083,17891,6995,17131,6755,16579,6675,16374,6588}"
13064,xVYzd5hD,black,Drac25,Aluxart,loss,outoftime,1007,1087,-80,standard,blitz,blitz,300,0,5+0,lichess.org,20.0,2.0,48.0,,20/07/25 14:42,2025-07-20 17:52:13.25+00,569.711,C20,King's Pawn Game: Napoleon Attack,King's Pawn Game,3,-5,0,10.35,,,,,4,5495,8.45,,,,,59,30,e4 e5 Qf3 Bc5 Bc4 Nf6 g4 O-O h4 Nc6 c3 d6 g5 Bg4 Qg3 d5 gxf6 dxc4 Qxg4 Qxf6 d4 exd4 Bg5 Qe5 Bh6 g6 Bxf8 dxc3 bxc3 Rxf8 Nf3 Qe6 Ng5 Qxg4 Nd2 Qf4 O-O-O Ba3+ Kc2 Rd8 f3 Ne5 Rhe1 b5 Nb1 Be7 Rxd8+ Bxd8 Nd2 Qh2 f4 Ng4 f5 Bxg5 hxg5 gxf5 exf5 h6 f6,"{30003,30003,29915,29379,29747,29163,29523,26843,28659,26115,28443,25491,28227,24763,27019,22283,26627,22003,26451,21619,25363,21403,24803,19507,24387,16683,24107,16531,22059,14515,21667,13443,21467,13235,20331,10747,19011,8091,18651,6459,16955,5923,11963,4411,9059,3211,8443,3011,7059,2347,6419,1995,5955,1771,5771,1131,5643,292,5495,0}"
13065,560klVR5,black,Drac25,Sennnaaaa,loss,outoftime,1012,1024,-12,standard,blitz,blitz,300,0,5+0,lichess.org,12.0,1.97,52.0,,20/07/25 01:20,2025-07-20 04:30:45.299+00,593.746,D00,Queen's Pawn Game: Accelerated London System,Queen's Pawn Game,3,-5,0,11.54,,,,,6,2295,10.66,,,,,53,27,d4 d5 Bf4 Nf6 e3 a6 Nf3 h6 c4 c5 Nc3 Bg4 Be2 cxd4 exd4 dxc4 Bxc4 Bxf3 Qxf3 Qxd4 Bd3 e5 Qxb7 Qxd3 Qxa8 Bd6 Be3 O-O Rd1 Qc2 O-O Bb4 Qf3 e4 Qg3 Nh5 Qe5 g6 Bd4 Kh7 Rfe1 Nd7 Qd5 Ndf6 Bxf6 Nxf6 Qb7 Bxc3 Qc6 Kg7 Qxa6 Bxe1 Rxe1,"{30003,30003,29707,29811,29555,29675,29387,28859,28195,27363,27515,26699,27291,26123,27075,26051,26739,25931,26619,25811,23627,23139,21299,19859,20291,15643,18307,14611,17795,10747,17403,8427,14003,7251,13379,5603,11659,3771,10763,1635,7699,1475,6299,1115,5619,868,4915,369,3123,241,2427,10,2295,0}"
13066,vxBLiM0E,black,Drac25,maxi747,loss,outoftime,1017,1032,-15,standard,blitz,blitz,300,0,5+0,lichess.org,29.0,-4.8,69.0,,20/07/25 00:06,2025-07-20 03:16:53.045+00,595.574,C20,King's Pawn Game: King's Head Opening,King's Pawn Game,3,-5,0,6.82,3.0,1.0,0.0,95.0,89,3843,5.95,5.0,2.0,1.0,88.0,89,45,e4 e5 f3 Bc5 Nh3 Qh4+ g3 Qf6 c4 Nc6 b3 Nd4 Na3 Nxf3+ Ke2 Nd4+ Kd3 Qd6 b4 Bxb4 Ke3 Qh6+ Kf2 Bc5 Be2 Nb5+ Ke1 Nxa3 Qa4 Qa6 Bd1 Qxa4 Bxa4 Nxc4 d3 Nb6 Rb1 Nxa4 Bg5 f6 Bd2 d6 Nf2 Bd7 h3 Ne7 g4 O-O-O Bc3 d5 Ba5 b6 Bd2 dxe4 dxe4 Bxf2+ Kxf2 Nc6 Be3 Nc3 Rb2 Nxe4+ Ke2 Ng3+ Kf2 Nxh1+ Kg1 Nd4 Kxh1 Nf3 Kg2 Bc6 Kf2 Nh4 g5 fxg5 Bxg5 Rde8 Bxh4 e4 Re2 Re6 Bg5 Rhe8 Ke1 e3 Bf4 Bb5 Rb2,"{30003,30003,29915,29531,29635,28251,29443,27435,28675,27267,28459,26803,26323,26099,25299,25187,24859,22867,24675,21699,23859,19795,23267,18267,23051,17227,22579,16867,21035,12019,19403,11547,19035,11387,18547,8923,18395,8683,18051,8483,17579,7795,17467,6507,17211,6355,16963,6147,16459,5971,16027,5755,15683,5627,15475,4907,15291,4603,14659,4331,14099,3971,13859,3827,13155,3827,12915,3747,12763,3155,11955,3003,11651,2331,11027,2155,10843,91,10115,52,8163,52,6971,52,6339,52,5435,52,3843,0}"
13067,bZ78ef5d,black,Drac25,joaopedroazul,loss,resign,1022,1044,-22,standard,blitz,blitz,300,0,5+0,lichess.org,,-1.18,,,20/07/25 00:04,2025-07-20 03:06:34.681+00,132.9,C20,Center Game,Center Game,3,-5,21872,7.39,,,,,6,24612,4.9,,,,,23,12,e4 e5 d4 Bb4+ c3 Ba5 dxe5 Bb6 Be3 Bxe3 fxe3 Qh4+ g3 Qxe4 Nf3 Qxe3+ Be2 Nf6 Nbd2 b6 Nc4 Ne4 Nxe3,"{30003,30003,29867,29235,29675,29003,28867,28019,28595,27771,28179,27683,27835,27547,27019,27155,26339,24187,25971,23531,25779,23291,24612,21872}"
13068,z3xKIL0Q,white,Drac25,JUANCHO2405,loss,outoftime,1029,986,43,standard,blitz,blitz,300,0,5+0,lichess.org,19.0,0.48,74.0,,19/07/25 23:53,2025-07-20 03:03:44.982+00,587.456,C20,King's Pawn Game: Wayward Queen Attack,King's Pawn Game,3,-7,0,7.69,,,,,6,4191,6.79,,,,,78,39,e4 e5 Qh5 Qe7 Bc4 g6 Qf3 f6 d3 h5 Nc3 c6 Nge2 a5 d4 d6 dxe5 dxe5 Be3 Qd6 Bxg8 Rxg8 Rd1 Qb4 Bd2 Be7 O-O Bg4 Qd3 h4 h3 Be6 a3 Qd6 Qxd6 Bxd6 Bh6 Rh8 Bg7 Rg8 Bxf6 Kf7 Bxh4 g5 Bxg5 Rxg5 Rxd6 Bxh3 Ng3 Na6 gxh3 Rh8 Kg2 Nc5 b4 Ne6 bxa5 Nf4+ Kf3 Nxh3 Rh1 Rgg8 Nf5 Rf8 Rd7+ Ke6 Rd6+ Kf7 Rd7+ Ke6 Rxb7 Ng5+ Kg4 Rxh1 Kxg5 Rg1+ Kh6 Rfg8,"{30003,30003,29923,29723,29763,29531,29587,29059,28947,28843,28291,28563,27315,28403,26363,27963,26147,27835,23291,26491,22563,26139,21819,25363,19203,21491,16643,20683,14699,19883,14283,19339,13875,17843,12547,17003,11315,16291,10499,15019,10227,14627,9691,13419,8899,13147,8803,12779,7907,11635,7467,11371,6843,10923,6219,10363,5627,10075,5203,9779,3667,8203,2603,7347,1955,6915,1035,6131,587,5875,443,5443,241,4843,180,4587,21,4191,0}"
13101,vLWPg4an,white,Drac25,alf1,win,mate,981,905,76,standard,blitz,blitz,300,0,5+0,lichess.org,22.0,,,,18/07/25 01:09,2025-07-18 04:11:39.309+00,150.921,C20,King's Pawn Game: Wayward Queen Attack,King's Pawn Game,3,4,23556,5.37,,,,,-4,22494,6.83,,,,,25,13,e4 e5 Qh5 Nc6 Bc4 g6 Qf3 Nf6 c3 Bc5 h3 d6 d3 O-O Bg5 Ne7 Bxf6 Bxh3 Qxh3 Bxf2+ Kxf2 Qd7 Qh6 Qg4 Qg7#,"{30003,30003,29939,29651,29267,29035,28947,28603,28795,28115,28003,27827,27523,27611,27171,25523,26755,24787,25835,24155,25379,23691,23811,22494,23556}"
13070,HFcYIWyv,white,Drac25,andry_b,win,resign,1018,931,87,standard,blitz,blitz,300,0,5+0,lichess.org,15.0,0.64,,,19/07/25 23:32,2025-07-20 02:39:15.741+00,397.193,C00,French Defense,French Defense,2,4,11286,7.49,1.0,2.0,5.0,69.0,-4,10155,7.94,6.0,1.0,5.0,60.0,51,26,e4 e6 Bc4 Qh4 Nc3 c5 Nf3 Qd8 e5 Nc6 d3 Qc7 Bf4 h6 Qe2 g5 Be3 Nge7 d4 Nf5 dxc5 Qa5 Bb5 a6 Bxc6 bxc6 O-O Qb4 Bc1 g4 Nd2 h5 g3 Qxc5 Nde4 Qb6 Nf6+ Ke7 Nfe4 Nd4 Qd3 Nf5 Bg5+ Ke8 Nf6+ Kd8 Nfd5+ Be7 Nxb6 Bxg5 Nxa8,"{30003,30003,29723,29435,29123,29131,28955,28875,28403,28475,27947,28091,26891,27363,26379,27051,26051,26347,25163,26107,23539,24443,21443,23227,21251,22763,20611,21499,18811,20691,17979,19355,17555,19075,16763,17323,15211,16179,14395,15819,12771,14715,12483,13779,12227,13259,12035,10971,11835,10771,11286,10155}"
13071,oNMQLQOg,white,Drac25,ACCoelho,loss,mate,1023,1036,-13,standard,blitz,blitz,300,0,5+0,lichess.org,18.0,1.79,,,19/07/25 00:11,2025-07-19 03:20:42.81+00,525.326,B00,St. George Defense,St. George Defense,2,-5,3788,10.92,1.0,1.0,2.0,69.0,6,5839,10.07,2.0,2.0,1.0,86.0,50,25,e4 a6 Bc4 h6 Qh5 e6 d4 b5 Bb3 Bb7 d5 Nf6 Qf3 e5 Nc3 Bb4 Qg3 g5 Qxe5+ Kf8 Bd2 d6 Qf5 Bc8 Qf3 Bg4 Qe3 Bc5 Qd3 Nbd7 f3 Ne5 Qe2 Bd7 O-O-O c6 a3 a5 dxc6 Bxc6 Nxb5 a4 Bd5 Rb8 Nc3 Qb6 Be3 Bxe3+ Kb1 Qxb2#,"{30003,30003,29635,29643,29395,28315,28235,28099,27907,27651,27659,26347,25899,25019,25291,23699,24523,22603,23355,21115,20931,20299,19691,19283,18867,17787,18155,16595,16155,15787,14531,15267,14115,13683,12011,12875,9035,12163,8355,11499,7875,10587,6387,9259,4539,7731,4267,6307,3788,5839}"
13072,REhjMmbe,black,Drac25,ACCoelho,loss,mate,1029,1029,0,standard,blitz,blitz,300,0,5+0,lichess.org,12.0,-3.68,,,19/07/25 00:09,2025-07-19 03:11:48.32+00,164.498,C23,Bishop's Opening,Bishop's Opening,3,-6,20434,13.67,,,,,7,24234,7.21,,,,,17,9,e4 e5 Bc4 Nc6 Qf3 Nf6 g4 Nd4 Qe3 Bc5 Qg5 Nxc2+ Kd1 h6 Qxg7 Rg8 Qxf7#,"{30003,30003,29691,29811,29179,29099,28691,27227,27315,26371,25739,23355,25411,21619,24731,20434,24234}"
13073,m4ST92mA,black,Drac25,vnayakhegde61,win,timeout,1023,1041,-18,standard,blitz,blitz,300,0,5+0,lichess.org,,,,,19/07/25 00:04,2025-07-19 03:06:05.745+00,79.55,C64,Ruy Lopez: Classical Variation,Ruy Lopez,6,6,25517,7.48,,,,,-6,19052,15.64,,,,,14,7,e4 e5 Nf3 Nc6 Bb5 Bc5 Nc3 Nge7 d3 a6 Bc4 Nd4 Nxe5 O-O,"{30003,30003,29891,29931,29731,29419,29523,29299,28395,28123,27899,26979,27211,25517,19052}"
13074,2y6zpv2O,white,Drac25,Ari512,loss,resign,1029,1003,26,standard,blitz,blitz,300,0,5+0,lichess.org,21.0,-1.6,44.0,,18/07/25 23:27,2025-07-19 02:35:15.841+00,487.126,C20,King's Pawn Game: Wayward Queen Attack,King's Pawn Game,3,-6,5730,10.55,,,,,6,6861,10.52,,,,,46,23,e4 e5 Qh5 Qf6 Bc4 Bc5 Nc3 Qxf2+ Kd1 Nh6 Nf3 O-O Qxe5 Bd6 Qd4 Qxg2 Rf1 Nc6 Qf2 Qxf2 Rxf2 Ng4 Rg2 Nxh2 Nxh2 Bxh2 Rxh2 d6 d3 Nd4 Be3 Bg4+ Kd2 Nf3+ Kc1 Nxh2 Nd5 c6 Nc7 Rac8 Bxf7+ Rxf7 Bh6 gxh6 Ne8 Rxe8,"{30003,30003,29915,29811,29587,29379,28755,26075,27971,25235,25747,22235,24451,21075,22219,19851,17139,18691,15899,17115,15683,15171,14859,14707,14187,14211,14043,13595,13363,13267,12635,12483,12483,11771,11435,11507,9867,8419,8811,7923,7515,7371,6419,7051,5939,6861,5730}"
13075,TLHEzOOD,black,Drac25,Ari512,win,outoftime,1023,1009,14,standard,blitz,blitz,300,0,5+0,lichess.org,22.0,1.0,69.0,,18/07/25 23:16,2025-07-19 02:26:53.616+00,600.723,C50,Italian Game: Anti-Fried Liver Defense,Italian Game,6,6,2226,7.12,,,,,-6,0,7.5,,,,,80,40,e4 e5 Nf3 Nc6 Bc4 h6 d3 Bc5 O-O d6 h3 f6 a3 Nge7 Be3 Bxe3 fxe3 b6 b4 Bb7 Bb5 Qd7 d4 a6 Ba4 b5 Bb3 Nd8 d5 c6 c4 bxc4 Bxc4 cxd5 exd5 Qc7 Bb3 Nf5 e4 Ne3 Qe2 Nxf1 Qxf1 Nf7 Nh4 g5 Ba4+ Kd8 Qxf6+ Qe7 Qxe7+ Kxe7 Nf5+ Kf6 Nd2 a5 Rf1 Kg6 Ne7+ Kg7 Nf5+ Kf8 Bb3 axb4 axb4 Ba6 Nxd6 Bxf1 Nxf7 Kxf7 d6+ Ke8 Kxf1 Rf8+ Ke2 Kd7 Nc4 Ra3 Nb6+ Kxd6,"{30003,30003,29939,29939,29699,29803,29539,29635,29075,28435,28907,28123,28515,28003,27531,26971,27299,25787,26651,25267,26227,24235,25099,24019,23195,23027,22899,21611,22139,20795,21155,17947,20851,17763,19755,15411,15795,15155,14811,14939,13387,14267,12955,12475,11915,10835,11043,10347,10475,9459,8203,8347,8027,8283,7147,7867,6219,6115,4659,5235,4259,5043,3147,4459,2979,3843,2443,3571,1931,3411,1771,3267,1547,3051,1283,2803,895,2443,297,2226,0}"
13076,aqfFjYas,white,Drac25,PatrickMu,loss,outoftime,1028,1091,-63,standard,blitz,blitz,300,0,5+0,lichess.org,18.0,3.27,,,18/07/25 23:04,2025-07-19 02:10:05.291+00,330.277,C20,King's Pawn Game: Wayward Queen Attack,King's Pawn Game,3,-5,0,16.67,1.0,0.0,1.0,69.0,5,14352,9.21,3.0,0.0,1.0,77.0,36,18,e4 e5 Qh5 Nc6 Bc4 g6 Qf3 Nf6 c3 Na5 Bd5 Nxd5 exd5 d6 d3 Bf5 b4 Nc6 dxc6 b6 h3 Bg7 Ne2 a5 b5 O-O d4 exd4 cxd4 Re8 Nc3 a4 Be3 h5 Nd5 Be4,"{30003,30003,29947,29787,29827,28491,29691,26851,29515,26275,28531,25635,28323,25259,26595,25075,26147,22147,25803,21779,24411,21507,23059,21139,22763,20843,21195,20011,20019,19347,18275,17731,16299,16467,14087,14352,0}"
13077,pmtKcY3c,white,Drac25,Ivan_1a,win,resign,1022,1039,-17,standard,blitz,blitz,300,0,5+0,lichess.org,28.0,-1.58,,,18/07/25 22:55,2025-07-19 02:03:52.854+00,490.164,B02,Alekhine Defense: Normal Variation,Alekhine Defense,4,6,6606,8.36,,,,,-6,5472,8.76,,,,,57,29,e4 Nf6 e5 Nd5 Bc4 Nb6 Qf3 e6 Bb3 a5 a4 c6 d4 Qc7 Nh3 c5 Bg5 cxd4 Bd2 Bc5 Ng5 Qxe5+ Kf1 f6 Ne4 Bb4 g3 Nd5 Bxd5 Qxd5 c3 dxc3 bxc3 Bc5 Kg2 b6 Qh5+ Kd8 Qxd5 exd5 Nxc5 bxc5 Na3 Bb7 f3 g5 Nb5 Ra6 Kf2 Rf8 Rhe1 Nc6 Be3 f5 Bxc5 Rf7 Nd6,"{30003,30003,29715,29899,29139,29643,28227,29131,26051,28651,25219,27811,24835,26075,24339,25811,23715,25115,21851,24147,21523,23267,19787,22403,18051,20747,16595,19275,16099,18803,14563,17379,14427,16915,13939,14427,13723,12579,13035,12427,12731,12283,11091,12099,10507,11827,10283,11187,8803,10587,8627,9563,8339,6779,7843,6643,6606,5472}"
13078,8BUgGpYb,black,Drac25,venky1479,loss,timeout,1027,1049,-22,standard,blitz,blitz,300,0,5+0,lichess.org,31.0,5.48,52.0,,18/07/25 22:02,2025-07-19 01:10:12.902+00,456.692,A04,Zukertort Opening: Black Mustang Defense,Zukertort Opening,2,-5,470,8.69,,,,,5,10309,5.79,,,,,69,35,Nf3 Nc6 Nc3 d5 e4 dxe4 Nxe4 Bf5 Nc5 e6 Nb3 Nb4 Nfd4 c5 Bb5+ Ke7 Nxf5+ exf5 Qh5 g6 Qe2+ Kf6 Kd1 b6 c3 Nd5 Re1 Nge7 Qe5+ Kg5 Qxh8 Bg7 Qxh7 Bh6 d3+ f4 g3 a6 Bxf4+ Nxf4 gxf4+ Kf6 Qxh6 axb5 d4 cxd4 Nxd4 Nf5 Qg5+ Kg7 Re4 Qxg5 fxg5 Nxd4 cxd4 Rh8 d5 Rxh2 Ke2 f6 d6 fxg5 d7 Rh8 Rd1 Rd8 Re8 Rxe8+ dxe8=Q,"{30003,30003,29899,29723,29723,29379,29539,29235,29267,28707,28595,28531,27691,28043,26923,25859,25915,25619,25619,24411,24379,23939,23099,23787,22371,22595,21827,20227,21531,19891,21307,17171,21171,16747,20091,16491,19355,15643,19059,15523,18691,15155,18251,14939,17075,14067,16859,13227,15811,12875,14459,12259,14195,11115,13851,10955,13235,10747,13067,10411,12771,9971,12651,9907,11539,9723,10475,9211,10309,470}"
13079,ibNBNOdM,white,Drac25,adbajpai,loss,outoftime,1032,1086,-54,standard,blitz,blitz,300,0,5+0,lichess.org,20.0,-1.33,48.0,,18/07/25 21:53,2025-07-19 01:02:16.652+00,503.203,C20,"King's Pawn Game: Wayward Queen Attack, Kiddie Countergambit",King's Pawn Game,4,-5,0,6.82,,,,,5,16696,3.09,,,,,88,44,e4 e5 Qh5 Nf6 Qxe5+ Be7 Qg3 Nc6 Qxg7 Rg8 Qh6 d5 e5 Nxe5 d4 Nc6 Bg5 Qd6 Bb5 Bd7 Nc3 O-O-O Bxf6 Bxf6 Nf3 Nxd4 Bxd7+ Qxd7 Qxf6 Nxc2+ Kf1 Nxa1 g3 d4 Ne4 Qh3+ Ke2 d3+ Ke3 Nc2+ Kd2 Rg4 Neg5 Qg2 Nh4 Qxf2+ Qxf2 Rxg5 Qxa7 Rgd5 Nf3 Kd7 Qxb7 Ke8 Re1+ Kf8 Re4 c5 Re5 R5d7 Rxc5 Rxb7 Rh5 Rxb2 Rxh7 Kg8 Rh4 Rxa2 Kc3 d2 Nxd2 Ne3 Kb3 Raxd2 Re4 Nf1 Re1 Nxh2 Rh1 R2d6 Rxh2 Rb8+ Kc4 Rc8+ Kb5 Rd1 Rb2 Rb8+,"{30003,30003,29571,29779,29387,29659,28891,29451,28723,29083,28011,28819,27019,28699,26115,28355,25667,27795,23323,27579,22779,27403,22035,27259,20603,27147,19459,26755,19035,26507,18451,26507,18203,26347,16603,26083,16011,25907,15427,25843,14043,24595,13051,23387,10755,23115,10571,22771,7755,21707,5283,21299,4979,21139,4547,20987,3931,20843,3651,20371,3515,20259,3163,20171,2963,20107,2507,19939,2019,19579,1859,18627,1483,18523,1211,18347,980,17883,848,17347,609,17163,509,17067,233,16899,51,16696,0}"
13080,OMmdnMqb,black,Drac25,potatoes79,win,outoftime,1026,1067,-41,standard,blitz,blitz,300,0,5+0,lichess.org,17.0,2.46,49.0,,18/07/25 21:40,2025-07-19 00:50:37.168+00,595.577,D02,Queen's Pawn Game: London System,Queen's Pawn Game,5,6,4608,6.68,,,,,-6,0,7.69,,,,,78,39,d4 d5 Bf4 Nf6 Nf3 Bf5 e3 Nbd7 Bd3 e6 O-O Ne4 Nbd2 Bg4 Nxe4 Bxf3 Qxf3 dxe4 Qxe4 c6 c4 Nf6 Qf3 Bd6 c5 Bxf4 Qxf4 O-O b4 Nh5 Qe4 g6 a4 Nf6 Qf3 Nd5 b5 Nb4 Be2 Nd5 bxc6 bxc6 Rab1 a5 Rb7 Rb8 Rfb1 Rxb7 Rxb7 Qc8 Rb3 Nb4 h4 f5 e4 fxe4 Qxe4 Qd7 Bc4 Re8 Re3 Nd5 Bxd5 cxd5 Qg4 Rf8 Qxe6+ Qxe6 Rxe6 Rf4 Ra6 Rxd4 Rxa5 Rxh4 Rb5 Rxa4 Kh2 Rc4,"{30003,30003,29843,29867,29731,29443,28747,29139,28691,28979,27083,28811,26835,27419,25899,26955,25675,26347,24875,25627,23691,25435,22739,25059,21811,24907,21811,24611,21043,24123,19491,22707,17683,22483,15387,22027,13891,21339,12667,19235,11267,18779,10395,18603,9515,17147,9307,16331,9307,16107,7739,15075,5251,14171,4483,13771,4483,10315,4275,8451,3731,7419,2795,7299,2219,6603,1667,6275,1667,5883,813,5331,813,5155,344,4939,67,4608,0}"
13081,RVxV64EV,black,Drac25,Charliebae,win,mate,1020,1015,5,standard,blitz,blitz,300,0,5+0,lichess.org,21.0,-0.13,39.0,,18/07/25 21:30,2025-07-19 00:39:56.482+00,582.652,C25,Vienna Game: Paulsen Variation,Vienna Game,5,6,1695,7.26,,,,,-6,5178,6.37,,,,,80,40,e4 e5 Nc3 Nc6 g3 Bc5 f4 d6 fxe5 dxe5 Nf3 Bg4 h3 Bxf3 Qxf3 Nd4 Qd3 Nf6 Nb5 Nxb5 Qxb5+ Nd7 Qxb7 O-O d3 Qf6 Bd2 Qf2+ Kd1 Qf3+ Be2 Qxh1+ Bf1 Qxf1+ Be1 Bf2 Kd2 Bxe1+ Rxe1 Qf2+ Re2 Qxg3 Qxc7 Qxh3 Re3 Qe6 c4 Nf6 b4 a6 Kc3 Rac8 Qa5 Nd7 d4 Qxc4+ Kb2 Qc2+ Ka3 Qc1+ Kb3 Qxe3+ Ka4 exd4 Qxa6 Ra8 Qxa8 Rxa8+ Kb5 Qxe4 Kc4 Rc8+ Kb5 Qb7+ Ka4 Nc5+ Ka3 Nd3 Kb3 Qxb4#,"{30003,30003,29779,29875,29355,29443,29187,28475,28739,27923,27691,27515,25643,26787,25371,26787,24723,23467,24595,22211,24483,21731,24331,19371,22875,18723,22035,18403,20875,17659,17731,17451,17067,17163,16859,16683,16467,15491,16299,14371,15803,14043,15579,13011,14715,12371,13891,11835,11931,9851,11731,7899,9619,7075,8803,6387,8267,5867,8003,5091,7475,5003,7211,4411,6723,4075,6467,3915,6395,3643,6235,3403,6123,3075,5899,2811,5467,1899,5178,1695}"
13082,Z7zIJI4G,black,Drac25,tunarice,loss,outoftime,1026,987,39,standard,blitz,blitz,300,0,5+0,lichess.org,23.0,-3.94,40.0,,18/07/25 19:38,2025-07-18 22:48:22.615+00,616.811,C50,Italian Game: Anti-Fried Liver Defense,Italian Game,6,-6,0,6.25,6.0,1.0,4.0,64.0,9,689,6.11,1.0,2.0,2.0,67.0,97,49,e4 e5 Nf3 Nc6 Bc4 h6 d4 Bb4+ Nc3 exd4 Nxd4 Bxc3+ bxc3 Ne5 Nf3 Nxc4 O-O d6 Qd3 Be6 Nd4 d5 Nxe6 fxe6 exd5 Qxd5 Qe2 O-O-O Rb1 Nf6 Rd1 Qc6 Rxd8+ Rxd8 h3 Kb8 Bf4 Nd5 Qf3 Nxf4 Qxf4 g5 Qg4 Ne5 Qh5 Nf7 Qxf7 a6 Qf6 Ka7 Qxd8 Qxc3 Qc8 b5 Qxe6 Qxc2 Re1 c6 Qxh6 Kb6 Qxg5 Qxa2 Qe3+ Ka5 Qe2 Qd5 Ra1+ Kb6 Qe3+ Kb7 Qe7+ Kb6 Qe3+ Kb7 Qa3 Kb6 Qxa6+ Kc5 Qa7+ Kd6 Qa6 Qd4 Re1 Kc7 Re7+ Kd6 Qb7 Kc5 Qd7 Qb4 Re5+ Kc4 Re4+ Kc5 Rxb4 Kxb4 Qg4+,"{30003,30003,29923,29587,29691,29507,29443,28411,29275,27931,28307,27611,28067,27115,27331,26659,26563,25211,26203,23835,25611,20395,24667,20179,23491,19499,22435,19083,21827,18275,21307,16827,18691,16299,17283,15403,16507,14211,15755,10827,15283,10291,14155,9379,13363,8835,12907,8027,11467,7307,11275,6651,10155,5819,9731,4923,8979,4339,8099,4171,7747,4067,7227,3683,6099,3291,5899,3075,5507,2531,5027,2451,4907,2291,4755,2179,4579,2179,4043,1867,3739,1739,3243,1059,2123,974,1171,670,1123,502,1003,348,866,90,809,53,689,0}"
13083,qKXBuJYB,white,Drac25,Benyamin_sba,loss,outoftime,1032,1051,-19,standard,blitz,blitz,300,0,5+0,lichess.org,15.0,-0.2,56.0,,18/07/25 17:09,2025-07-18 20:17:17.875+00,443.405,C20,King's Pawn Game: Wayward Queen Attack,King's Pawn Game,3,-6,0,8.33,,,,,5,8472,6.15,,,,,72,36,e4 e5 Qh5 Qf6 Bc4 Bc5 Qf3 d6 Nc3 c6 d3 Qxf3 Nxf3 Nf6 Bg5 Ng4 O-O h6 Bh4 Nd7 h3 Ngf6 Bxf6 Nxf6 Nh4 O-O Nf3 Nh5 d4 exd4 Ne2 b5 Nexd4 Bxd4 Bxf7+ Rxf7 Nxd4 Bd7 Rad1 Raf8 f3 Ng3 Rfe1 Nh5 g4 Nf4 Kf2 c5 Ne2 Nxh3+ Kg3 Rxf3+ Kg2 Ng5 Rf1 Rxf1 Rxf1 Rxf1 Kxf1 Nxe4 Nf4 Bxg4 Kg2 Nd2 Kg3 h5 Kh4 Nf3+ Kg3 g5 Nxh5 Bxh5,"{30003,30003,29915,29659,29611,29243,29011,28691,28603,27179,28235,23987,28059,23883,27715,23291,26843,22955,25859,22731,25627,21859,25387,21707,24427,21187,23403,20035,22755,19811,22075,18995,21771,18731,20899,18299,20819,15995,20467,15731,19595,15363,18595,13611,18243,13323,17091,12971,16571,12651,16331,12363,14691,11555,14163,11347,13987,11203,13803,10995,13371,10667,12251,9819,11971,9587,11227,9219,10771,8707,9526,8472,0}"
13084,J1ZeWUMZ,black,Drac25,VicWarrior,win,mate,1027,992,35,standard,blitz,blitz,300,0,5+0,lichess.org,20.0,0.95,47.0,,18/07/25 16:59,2025-07-18 20:09:34.401+00,600.074,D00,Queen's Pawn Game: Accelerated London System,Queen's Pawn Game,3,5,399,5.19,,,,,-5,3175,4.71,,,,,116,58,d4 d5 Bf4 Bf5 e3 Nf6 f3 e6 Nc3 Bb4 Qd2 c6 a3 Ba5 b4 Bc7 Bg3 Bxg3+ hxg3 b5 g4 Bg6 Bd3 Bxd3 Qxd3 Nbd7 g5 Ng8 Rxh7 Rxh7 Qxh7 Kf8 O-O-O Qxg5 Nge2 Qxe3+ Kb2 Qf2 Rh1 Qxg2 Rh5 Ndf6 Rh2 Qxf3 Rh4 Nxh7 Rxh7 Ke7 Rxg7 Nf6 Rg3 Qf5 Re3 Ne4 Nxe4 dxe4 Nc3 Rd8 Rxe4 Qf3 Re2 f5 Re5 Rxd4 a4 bxa4 Nxa4 Rxb4+ Ka2 Qd1 Ka3 Qb1 Re3 Re4 Rb3 Qxc2 Rc3 Qe2 Nc5 Re3 Rxe3 Qxe3+ Nb3 f4 Kb4 f3 Nc5 Qxc5+ Kxc5 f2 Kxc6 f1=Q Kb7 Qd1 Kxa7 e5 Kb6 e4 Kc5 e3 Kc4 e2 Kc3 e1=R Kb2 Qd7 Kc3 Rd1 Kb4 Qb7+ Kc4 Qc8+ Kb5 Rb1+ Ka4 Qa8#,"{30003,30003,29939,29619,29827,29203,29539,29051,28515,28891,28211,27099,28067,26371,27859,26171,27411,25787,27251,23875,27051,23611,25971,22539,25795,21635,25187,20555,24995,20163,24899,19499,23907,19043,21699,18371,21155,16355,20787,15571,19299,15371,18307,14555,17491,14115,17171,12459,16907,11771,16307,10531,14923,10035,14339,9891,13803,9195,13371,6739,11539,6323,10715,5979,9691,5587,9555,5467,9283,4115,7363,3411,5859,3171,5635,2939,5027,1995,4915,1851,4699,1635,4627,1451,4291,1451,3955,1331,3819,1299,3795,1211,3707,1115,3707,1059,3691,1043,3667,1035,3427,1035,3427,910,3427,805,3427,688,3427,579,3363,483,3259,441,3175,399}"
13085,nZHDfuJq,white,Drac25,fouadbes02dz,loss,resign,1033,998,35,standard,blitz,blitz,300,0,5+0,lichess.org,17.0,-3.02,41.0,,18/07/25 16:51,2025-07-18 19:59:23.175+00,498.276,B01,Scandinavian Defense: Panov Transfer,Scandinavian Defense,6,-6,1063,7.62,,,,,6,10744,5.21,,,,,76,38,e4 d5 exd5 Nf6 c4 c6 dxc6 Nxc6 Nf3 Bf5 d3 Nb4 Ne5 e6 a3 Na6 Bg5 Be7 Be2 O-O O-O Nd7 Bxe7 Qxe7 Nxd7 Qxd7 b3 Rad8 Nc3 Nc5 d4 Qxd4 Qxd4 Rxd4 Nb5 Rd2 Bf3 Nxb3 Rad1 Rxd1 Rxd1 a6 Nd4 Nxd4 Rxd4 Rc8 Be2 f6 h3 e5 Rh4 Be6 Bf3 Rc7 Bg4 Bxc4 Kh2 Bf7 Bf3 b5 Rb4 Rc3 a4 bxa4 Rb8+ Be8 Rxe8+ Kf7 Rh8 h6 Rc8 Rxc8 Bh5+ Kg8 f3 a3,"{30003,30003,29827,29883,29019,29539,28083,29323,26419,29115,25051,27891,23811,26523,23211,25739,22027,25379,21107,24939,19323,24427,19139,24139,18411,23899,17195,23003,14595,22683,13003,22179,12827,22043,11715,20187,10835,19787,9971,19499,9475,18387,9123,18011,8971,17539,8243,16899,7787,16771,7011,16315,6331,15699,5355,14963,4723,14483,3795,14139,3563,13539,3043,12291,2867,11795,2635,11691,2083,11467,1883,11107,1675,10779,1451,10744,1063}"
13086,Y9i9Xd60,white,Drac25,PavelYeranosian,win,mate,1028,995,33,standard,blitz,blitz,300,0,5+0,lichess.org,,,,,18/07/25 16:49,2025-07-18 19:50:48.019+00,74.312,C20,King's Pawn Game: Wayward Queen Attack,King's Pawn Game,3,5,28793,2.02,,,,,-10,25064,9.88,,,,,13,7,e4 e5 Qh5 g6 Qxe5+ Be7 Qxh8 Nc6 Qxg8+ Bf8 Bc4 b6 Qxf7#,"{30003,30003,29923,29595,29779,27211,29651,26331,29235,25827,29067,25064,28793}"
13087,ZjM5SG6y,black,Drac25,Bhavyax,win,mate,1021,1058,-37,standard,blitz,blitz,300,0,5+0,lichess.org,17.0,0.37,29.0,,18/07/25 16:45,2025-07-18 19:49:19.763+00,201.997,C50,Italian Game: Anti-Fried Liver Defense,Italian Game,6,7,19718,4.47,,,,,-6,22085,3.44,,,,,48,24,e4 e5 Nf3 Nc6 Bc4 h6 Nc3 Bc5 d3 Nge7 Qe2 Nd4 Nxd4 exd4 Nd5 Nxd5 Bxd5 d6 c4 Bb4+ Bd2 Bxd2+ Qxd2 c6 Bxf7+ Kxf7 Qf4+ Qf6 Qxf6+ gxf6 O-O Be6 f4 f5 e5 dxe5 fxe5 c5 g4 Rag8 h3 Ke7 Kh1 fxg4 hxg4 h5 gxh5 Rxh5#,"{30003,30003,29723,29699,29659,29411,29595,28867,29251,28667,29035,28491,28539,28187,28307,27083,28027,26939,27819,26355,27251,26235,27251,25467,26363,25331,26275,25059,25483,24707,25211,23963,25035,23259,24795,22675,24795,22355,24563,20691,23419,20283,23139,20075,23019,19867,22085,19718}"
13088,EEN1AfAd,white,Drac25,Dr_Worst,loss,outoftime,1027,1023,4,standard,blitz,blitz,300,0,5+0,lichess.org,19.0,-1.58,47.0,,18/07/25 02:29,2025-07-18 05:38:15.123+00,512.227,C20,King's Pawn Game: Wayward Queen Attack,King's Pawn Game,3,-6,0,7.32,,,,,6,10597,4.85,,,,,82,41,e4 e5 Qh5 Nc6 Bc4 g6 Qf3 Nf6 c3 Bc5 d3 Na5 Bg5 Be7 Bxf6 Bxf6 Nh3 Nxc4 dxc4 d6 Na3 a6 O-O-O c5 b3 Qa5 Nc2 Be7 Qe3 Qxa2 b4 Qxc4 bxc5 dxc5 Rd5 Be6 Rxe5 a5 Nf4 a4 Nxe6 fxe6 Na3 Qb3 c4 Qxe3+ fxe3 O-O Rxe6 Bg5 Kd2 Rfe8 Rb6 Rab8 Nb5 Rxe4 Nd6 Bxe3+ Kd1 Rd4+ Ke2 Bf4 Rxb7 Rxb7 Nxb7 a3 Nxc5 a2 Ra1 Be5 Rxa2 Rxc4 Nd3 Bxh2 Ra8+ Kg7 Nf2 Rc2+ Kd3 Rxf2 Ra7+ Kh6,"{30003,30003,29891,29603,29811,29075,29715,28923,29563,28539,29179,27771,28243,27315,27347,27171,25787,26995,25659,26739,24707,26555,24059,26435,20675,24955,20123,23443,16739,22651,15507,22163,14811,21547,12867,20803,12571,19475,11619,18995,11379,18867,10019,17979,7523,17315,7363,16883,7187,16323,6787,15195,6083,14795,5787,14211,5347,13635,4691,13219,4139,12579,2859,12355,2723,12307,2483,12251,1827,11931,1507,11819,1251,11379,1075,11203,756,10923,593,10827,180,10597,0}"
13089,Iz5qNW6V,black,Drac25,Yhlas1,win,resign,1023,955,68,standard,blitz,blitz,300,0,5+0,lichess.org,,,,,18/07/25 02:29,2025-07-18 05:29:28.001+00,17.997,D02,Queen's Pawn Game: Chigorin Variation,Queen's Pawn Game,4,4,29469,1.78,,,,,-5,28560,3.61,,,,,8,4,Nf3 Nc6 d4 d5 h3 Bf5 a3 Be4,"{30003,30003,29731,29859,29555,29603,29307,29469,28560}"
13090,r3whq3Hk,black,Drac25,whymylifeislikethat,win,timeout,1016,1055,-39,standard,blitz,blitz,300,0,5+0,lichess.org,15.0,0.45,,,18/07/25 02:26,2025-07-18 05:28:07.654+00,108.565,D00,Queen's Pawn Game: Accelerated London System,Queen's Pawn Game,3,7,23121,5.74,,,,,-8,21912,6.22,,,,,26,13,d4 d5 Bf4 Bf5 Nf3 f6 e3 e6 Bd3 Bd6 Bxd6 Qxd6 O-O Bxd3 Qxd3 f5 Nbd2 Nf6 Ne5 Ne4 Ndf3 Nc6 c4 Nxe5 Nxe5 dxc4,"{30003,30003,29931,29779,29867,29491,29739,29251,29491,28827,29371,28563,29371,27203,29371,26811,29123,26627,29043,26043,28603,24395,27995,23787,27539,23121,21912}"
13091,zizZNSlW,white,Drac25,RJPpal,win,mate,1011,1001,10,standard,blitz,blitz,300,0,5+0,lichess.org,14.0,0.45,31.0,,18/07/25 02:16,2025-07-18 05:26:02.812+00,546.167,C20,King's Pawn Game: Wayward Queen Attack,King's Pawn Game,3,5,2258,4.2,,,,,-5,7568,3.45,,,,,133,67,e4 e5 Qh5 Qf6 Nf3 d6 Bc4 Be6 Bxe6 Qxe6 Nc3 Qg6 Qxg6 fxg6 Nd5 Na6 b4 O-O-O b5 Nc5 Ba3 Ne7 Bxc5 dxc5 Nxe5 Nxd5 Nf7 Re8 O-O Rg8 exd5 Bd6 Nxd6+ cxd6 a4 Re5 c4 Re4 d3 Rd4 Rfd1 Kc7 a5 b6 axb6+ Kxb6 Ra6+ Kb7 Rxd6 Kc7 Rc6+ Kd7 Rxc5 Ra8 h3 a5 b6 a4 Rc7+ Kd8 Ra7 Rb8 b7 Kc7 Rb1 Rxd3 Ra8 Rxb7 Rxb7+ Kxb7 Rxa4 Kc7 Ra7+ Kd6 Rxg7 Kc5 Rc7+ Kd4 Rxh7 Kxc4 Rc7+ Kxd5 Rd7+ Ke4 Rxd3 Kxd3 Kh2 Ke2 Kg3 g5 f3 Ke3 Kg4 Kf2 g3 Kg2 f4 gxf4 gxf4 Kf2 f5 Ke3 f6 Kd4 Kf5 Kd5 h4 Kd6 h5 Kd7 h6 Ke8 Kg6 Kf8 h7 Ke8 Kg7 Kd7 f7 Ke6 f8=Q Ke5 h8=R Kd5 Rh5+ Kc4 Qf4+ Kb3 Rh3+ Kc2 Qf2+ Kd1 Rh1#,"{30003,30003,29771,29811,28899,29571,28547,29323,28251,29107,27987,28555,26675,28395,26675,28123,26019,27867,25291,27555,24627,27179,23339,26987,22555,26611,22419,25907,21219,25363,20979,24795,19939,24595,18675,24435,18459,24187,18179,23843,17227,23539,16811,23227,16515,22963,15955,22243,15475,21643,14419,21371,14259,21147,13883,20995,13059,20771,12899,19899,10627,18939,10299,18571,9035,18155,8555,17243,8219,17083,8067,16747,7691,16563,7627,16451,7099,16211,6379,15891,6059,15739,5859,15619,5755,15531,5579,15363,4907,15059,4475,14875,4275,14635,4187,14251,4059,13691,3963,12907,3891,12675,3659,12515,3595,12379,3595,12259,3539,12091,3491,12003,3435,11883,3219,10619,3155,9963,3091,9811,2883,9651,2723,9051,2635,8355,2499,8051,2379,7803,2307,7568,2258}"
13092,qM2cffD2,white,Drac25,manavprakashdhangar,win,timeout,1006,966,40,standard,blitz,blitz,300,0,5+0,lichess.org,18.0,-0.83,,,18/07/25 02:12,2025-07-18 05:16:14.509+00,198.802,C20,King's Pawn Game: Wayward Queen Attack,King's Pawn Game,3,5,19380,6.64,,,,,-47,18814,6.99,,,,,33,17,e4 e5 Qh5 Qf6 Bc4 Bc5 Nc3 Qxf2+ Kd1 Nf6 Qxf7+ Kd8 Nd5 Ng4 Qxf2 Nxf2+ Ke2 Nxh1 Nf3 Rf8 b4 d6 bxc5 dxc5 Ba3 Bg4 Bxc5 Nc6 Bxf8 Nd4+ Kd3 Nxc2 Kxc2,"{30003,30003,29947,29795,29699,29587,29515,29347,28507,28891,28251,28339,26491,27451,25323,27211,25275,27051,24699,26267,24459,25763,24139,25507,23267,25243,21483,22691,20811,22451,20059,22147,19380,18814}"
13207,onndveOG,black,Drac25,Ze0wkiii,loss,mate,963,876,87,standard,blitz,blitz,180,2,3+2,lichess.org,17.0,0.05,,,13/07/25 00:44,2025-07-13 03:46:45.15+00,113.262,D00,Queen's Pawn Game: Accelerated London System,Queen's Pawn Game,3,-7,14056,3.95,,,,,9,15483,2.29,,,,,23,12,d4 d5 Bf4 Nf6 e3 Bf5 Bd3 Ne4 Nd2 e6 f3 Nxd2 Qxd2 Bd6 Bg3 Bxg3+ hxg3 O-O O-O-O Bxd3 Qxd3 Qd6 Qxh7#,"{18003,18003,18075,17763,18075,17579,18059,17459,17091,17019,16699,16187,16387,15731,15603,15379,15803,15211,15811,14035,15651,14056,15483}"
13093,t82W0sRX,black,Drac25,certifiednoob001,win,outoftime,1000,1003,-3,standard,blitz,blitz,300,0,5+0,lichess.org,18.0,0.41,27.0,,18/07/25 02:02,2025-07-18 05:12:33.45+00,587.099,C44,Scotch Game,Scotch Game,5,6,4828,5.59,,,,,-6,0,6.52,,,,,92,46,e4 e5 Nf3 Nc6 d4 Bb4+ Bd2 Bxd2+ Qxd2 exd4 Nxd4 Ne5 Qf4 d6 Bb5+ Bd7 Bxd7+ Qxd7 O-O Nf6 Nc3 Qg4 Qxg4 Nexg4 Nd5 Nxd5 exd5 O-O Nb5 c6 dxc6 bxc6 Nxd6 Rab8 Rfe1 Rxb2 f3 Nf6 c4 Rc2 a4 h6 Rab1 Ra2 Rb4 c5 Rb5 Nd7 Re8 Rxa4 Rxf8+ Kxf8 Rb7 Ke7 Nf5+ Kd8 Nxg7 Rxc4 Rxa7 Rc1+ Kf2 c4 Nf5 c3 Nxh6 Nc5 Nxf7+ Ke8 Ne5 c2 Rc7 Nb3 Nd3 Rd1 Rxc2 Rxd3 Rc8+ Kd7 Rc1 Nxc1 Ke1 Ra3 Kd1 Nb3 Kc2 Nc5 Kb2 Ra8 Kc3 Ne6 Kb4 Ng5,"{30003,30003,29923,29819,29739,29011,29179,28779,28859,28259,25851,28107,25339,27227,24595,26507,22235,26331,21763,25611,12259,25275,11651,24779,11371,22595,11115,22251,10859,21371,10635,21227,10395,20251,9907,19771,9771,18539,9323,17187,8643,16635,8363,15883,7403,15435,5963,14419,5003,13235,4547,12899,3931,11827,3459,10979,3219,10603,2979,9331,2819,9323,2739,8883,2435,7987,1803,7675,1531,7235,1339,6651,958,5923,831,5731,789,5547,641,5379,489,5243,420,5187,342,5139,266,5035,196,4931,23,4828,0}"
13094,WQMw04eH,black,Drac25,doaima,loss,resign,1005,1095,-90,standard,blitz,blitz,300,0,5+0,lichess.org,17.0,0.54,,,18/07/25 01:58,2025-07-18 05:02:19.754+00,218.972,D06,Queen's Gambit Declined: Marshall Defense,Queen's Gambit Declined,4,-5,14326,13.06,,,,,4,23248,5.63,,,,,25,13,d4 d5 c4 Nf6 c5 c6 Nf3 Bg4 e3 Qd7 h3 Bh5 g4 Bg6 Ne5 Qe6 Qb3 Nfd7 Qxb7 Nxc5 Qxa8 Nd3+ Bxd3 Bxd3 Qxb8+,"{30003,30003,29827,29083,29507,28075,28755,26987,28363,24323,28059,23771,27779,23643,26859,22411,26619,21235,25859,17099,23947,16611,23651,16363,23248,14326}"
13095,yTFxHpiE,black,Drac25,Memo01063053446,win,timeout,998,1078,-80,standard,blitz,blitz,300,0,5+0,lichess.org,,,,,18/07/25 01:57,2025-07-18 04:57:48.777+00,41.466,D00,Queen's Pawn Game,Queen's Pawn Game,3,7,26730,10.91,,,,,-7,24961,12.61,,,,,8,4,d4 d5 e3 Bf5 Ne2 Nf6 g3 e6,"{30003,30003,30003,29363,29851,28251,29683,26730,24961}"
13096,cievnW71,white,Drac25,azaanpathan78,win,outoftime,993,950,43,standard,blitz,blitz,300,0,5+0,lichess.org,18.0,5.12,62.0,,18/07/25 01:47,2025-07-18 04:56:33.775+00,568.148,B01,Scandinavian Defense: Mieses-Kotroc Variation,Scandinavian Defense,4,5,5232,7.99,,,,,-9,0,9.68,,,,,63,32,e4 d5 exd5 Qxd5 Nc3 Qc6 Bb5 Bd7 Bxc6 Nxc6 Nd5 O-O-O d3 Nd4 Be3 c5 Bxd4 cxd4 Qf3 e6 Qf4 exd5 Qxd4 a5 Qc3+ Bc6 Qxa5 Re8+ Ne2 Nf6 f3 Nd7 g4 d4 h4 Bxf3 Rh2 Bxg4 Qg5 Be6 O-O-O Kb8 Qf4+ Ka7 Qxd4+ Kb8 Kb1 Bc5 Qf4+ Ka8 Rhh1 Ka7 Nc3 Kb6 Na4+ Kc6 Nxc5 Nxc5 Qf3+ Bd5 Qh5 Bxh1 Rxh1,"{30003,30003,29819,29811,29771,28835,29619,27099,29283,27099,27851,26635,26739,26067,26355,25859,25675,25859,25027,25187,24859,22019,24403,20515,22891,19427,22227,18459,21955,17011,21595,15771,19995,15299,19283,15123,18739,14363,16139,12803,15475,11331,14227,10307,13987,9371,13619,8547,12795,6979,11811,3611,11243,3379,9891,2723,8491,2435,7683,2171,5419,1384,5232,0}"
13097,4oCJUYns,white,Drac25,Hardcore_Hobbit,draw,draw,992,998,-6,standard,blitz,blitz,300,0,5+0,lichess.org,23.0,5.26,46.0,,18/07/25 01:36,2025-07-18 04:46:47.688+00,613.163,C20,King's Pawn Game: Wayward Queen Attack,King's Pawn Game,3,1,1631,4.65,,,,,0,1166,4.73,,,,,124,62,e4 e5 Qh5 Nc6 Bc4 g6 Qf3 f6 Bxg8 Rxg8 c3 d6 h3 h5 d3 Bd7 Na3 Qe7 Nb5 a6 Nxc7+ Kd8 Nxa8 g5 Nb6 g4 hxg4 hxg4 Qe3 Ke8 Nd5 Qd8 Qb6 Qxb6 Nxb6 f5 Nd5 fxe4 Nf6+ Kf7 Nxg8 Kxg8 g3 exd3 Rh8+ Kxh8 Kd2 Bh6+ Kxd3 Bf5+ Kc4 Na5+ Kd5 Bxc1 Rxc1 Bh7 Kxd6 Nc4+ Kd5 Nxb2 Kxe5 Nd3+ Kd6 Nxc1 Kc7 Nxa2 Kxb7 a5 Ka6 a4 f3 gxf3 Nxf3 Nxc3 Ka5 Be4 Nd4 Bd5 Kb4 Ne4 Kxa4 Nxg3 Kb4 Ba8 Ka5 Ne4 Kb4 Kg7 Kc4 Nd2+ Kd3 Nf1 Ke2 Ng3+ Ke3 Nh5 Kd3 Kg6 Ke3 Kg5 Ne6+ Kf5 Nd4+ Kg4 Ne2 Bf3 Ng1 Ba8 Ne2 Nf6 Nd4 Nd5+ Kd3 Kf4 Ne6+ Ke5 Nd4 Kd6 Nf5+ Ke5 Ne3 Kf4 Nxd5+ Bxd5,"{30003,30003,29947,29307,29883,29083,29795,28667,28835,28411,27939,27939,27459,27699,27091,26091,26003,25587,25403,25147,25155,24803,24867,22635,24355,22259,22563,21683,22379,20667,21931,20515,19603,20171,19491,19747,19075,19531,18859,19091,18355,18995,18219,16707,17075,16251,15923,15947,15707,15483,15387,15339,14915,15051,14603,14771,14171,14587,13939,14227,13499,13859,12507,12571,12099,12371,11979,12235,11875,11979,10531,11707,10379,11611,9251,9923,8787,9235,8483,7747,8203,7635,8107,7323,7771,7147,7419,6963,6779,6131,6459,4027,6011,3843,5747,3627,5483,3539,5203,3539,4523,3371,4355,3219,3835,2931,3315,2539,3067,2339,2955,1835,2763,1587,2451,1475,2139,1371,1987,1307,1867,1243,1631,1166}"
13098,Cpo0OSO4,black,Drac25,Zekai121,win,mate,986,1026,-40,standard,blitz,blitz,300,0,5+0,lichess.org,17.0,0.33,55.0,,18/07/25 01:28,2025-07-18 04:36:14.094+00,485.271,D00,Queen's Pawn Game: Accelerated London System,Queen's Pawn Game,3,6,2661,8.29,,,,,-6,11491,5.61,,,,,68,34,d4 d5 Bf4 Bf5 e3 e6 Nd2 Nf6 c3 Ne4 Ngf3 Bg4 h3 Bxf3 Qxf3 Nxd2 Kxd2 Bd6 Re1 Bxf4 exf4 O-O Bd3 Nd7 g4 Qh4 f5 f6 fxe6 Qg5+ Kc2 Nb6 b3 Rfe8 c4 dxc4 bxc4 a5 c5 Nc8 Bc4 Kf8 Qxb7 Ne7 d5 Qh4 d6 Qxf2+ Kb3 a4+ Ka3 Qxc5+ Kb2 Qxc4 dxe7+ Kg8 Rc1 Qxe6 Rxc7 Rab8 Qxb8 Rxb8+ Ka3 Qd6+ Kxa4 Qxc7 Re1 Qa7#,"{30003,30003,29867,29515,29707,28179,29339,27683,29131,27243,28331,25675,27843,25507,27643,25243,27483,24155,27091,23067,26947,22539,26419,22275,25203,20667,24147,19875,23371,18179,22963,17411,22035,14683,21539,14219,21315,13387,20651,11491,20163,11147,18747,10003,15659,9131,15115,8483,14827,8139,14635,7619,14203,6723,13963,5091,12971,4211,12747,3339,11947,3211,11835,3035,11707,2939,11491,2661}"
13099,2lHU0n6K,white,Drac25,Pequique,win,timeout,980,1020,-40,standard,blitz,blitz,300,0,5+0,lichess.org,16.0,4.11,26.0,,18/07/25 01:22,2025-07-18 04:26:52.484+00,237.903,C20,King's Pawn Game: Wayward Queen Attack,King's Pawn Game,3,6,21872,4.78,,,,,-6,9708,11.94,,,,,35,18,e4 e5 Qh5 Qf6 Bc4 g6 Qf3 Bc5 d3 Qxf3 Nxf3 d6 Nc3 Bg4 Nd5 Na6 Bxa6 Bxf3 Nxc7+ Kd7 Nxa8 bxa6 gxf3 Nf6 Be3 Bxe3 fxe3 Rxa8 O-O-O a5 Kb1 a4 a3 Rb8 d4,"{30003,30003,29939,28363,29603,27755,29467,26611,27747,22131,27571,20979,27163,20859,26651,20267,26211,19003,25675,18403,25491,18291,24371,18107,24091,17515,23923,17459,22779,16971,22515,16755,22235,16307,21872,9708}"
13100,cW3yGFhb,black,Drac25,placidissimo,loss,outoftime,985,995,-10,standard,blitz,blitz,300,0,5+0,lichess.org,21.0,-0.5,44.0,,18/07/25 01:12,2025-07-18 04:21:55.202+00,592.564,C44,King's Pawn Game: Dresden Opening,King's Pawn Game,5,-5,0,9.09,,,,,6,3427,8.05,,,,,67,34,e4 e5 c4 Nc6 Nf3 Bc5 h3 d6 d3 h6 g4 Nd4 Be2 Nxf3+ Bxf3 Qh4 Qe2 Ne7 Be3 Bb4+ Nc3 Bxc3+ bxc3 Ng6 O-O-O Qe7 d4 Qd7 Kd2 f6 Ke1 Qa4 g5 Nf4 Bxf4 exf4 Bh5+ Ke7 gxf6+ gxf6 Bg4 Bd7 Bxd7 Qxd7 e5 Qd8 exf6+ Kf7 Kf1 Rg8 d5 Qxf6 Qh5+ Rg6 Qf3 Rag8 Re1 Rg1+ Rxg1 Rxg1+ Kxg1 Qg5+ Kf1 Qf6 Re6 Qxc3 Qh5+,"{30003,30003,29771,29123,29435,28907,29187,27819,27339,26251,23235,25795,22451,24267,22227,24163,21851,22555,21483,21507,21099,20827,20995,20371,20547,17051,20003,16395,18275,15771,18107,14395,17883,12435,16955,11771,16859,8563,16475,8067,12755,7539,11067,7371,10235,5059,9899,4995,8547,3763,8083,3435,7035,3035,5291,2891,4515,2747,4371,2595,4267,2235,3963,717,3619,241,3427,0}"
13102,h0cVKJdc,black,Drac25,alf1,loss,outoftime,988,898,90,standard,blitz,blitz,300,0,5+0,lichess.org,20.0,2.4,35.0,,18/07/25 00:59,2025-07-18 04:08:48.637+00,531.75,D10,Slav Defense,Slav Defense,5,-7,0,5.66,,,,,7,9571,3.86,,,,,107,54,d4 d5 c4 c6 Nc3 Nf6 Bg5 Nbd7 c5 h6 Bxf6 Nxf6 e3 Bf5 Bd3 Ne4 Nf3 f6 O-O Nxc3 bxc3 e6 Bxf5 exf5 Qc2 Qd7 Rfe1 Be7 Nh4 g5 Nxf5 Bf8 Nd6+ Bxd6 cxd6 Qxd6 Qg6+ Kd8 Qg7 Qf8 Qxb7 Rc8 Qxa7 Qe7 Qxe7+ Kxe7 Rab1 Kf7 a4 Ra8 Ra1 Ra5 Reb1 Kg6 Rb6 c5 dxc5 Rxc5 Rc1 Rc4 a5 Ra8 a6 Ra4 c4 dxc4 Rc6 R8xa6 R6xc4 Ra1 g3 Rxc1+ Rxc1 Ra2 Kg2 f5 Rc6+ Kf7 Rxh6 Kg7 Re6 Kf7 Re5 Kf6 Rc5 g4 h3 Kg5 hxg4 Kxg4 Rc4+ Kg5 Rf4 Kf6 g4 Ra5 g5+ Kxg5 Rf3 Ra4 Rg3+ Kh4 Rh3+ Kg5 f4+ Kf6 Rh6+,"{30003,30003,29811,28931,29603,27987,29283,27475,28947,27339,28739,27243,28243,26019,27891,25787,27099,25259,26899,24539,26171,23467,25835,23315,25195,22411,24883,21731,24491,19107,24267,18595,23691,18395,23515,18283,23283,16411,22307,15707,21787,14419,21211,12891,20867,12723,20723,12219,20315,11971,19867,11147,19427,10939,18995,10747,18763,10619,18211,9995,18019,8835,17731,8499,16923,7827,16251,7643,15907,7067,15539,6443,15283,6331,15051,5651,14747,5067,14523,4611,14075,4147,13675,3987,13427,3531,12987,3371,12819,2995,12475,2379,12171,1531,11683,990,11459,736,10675,499,10307,311,9995,116,9763,39,9571,0}"
13103,nMjpFa2z,black,Drac25,mestreandre,loss,outoftime,992,1060,-68,standard,blitz,blitz,300,0,5+0,lichess.org,29.0,1.13,49.0,,17/07/25 23:00,2025-07-18 02:09:53.791+00,564.995,C22,Center Game: Normal Variation,Center Game,6,-4,0,8.11,,,,,4,5834,6.53,,,,,75,38,e4 e5 d4 exd4 Qxd4 Nc6 Qd1 Qh4 Nc3 Bb4 Bd2 Bxc3 Bxc3 Qxe4+ Be2 Qxg2 Bf3 Qg6 Ne2 Qf5 Ng3 Qe6+ Be4 d5 f3 dxe4 fxe4 Qg4 Qxg4 Bxg4 O-O f6 Rae1 Bh3 Rf4 O-O-O Rh4 Be6 a4 Kb8 Rh5 Nh6 e5 g6 Rxh6 fxe5 Bxe5 Nxe5 Rxe5 Rhe8 Rxh7 Bg8 Rxe8 Rxe8 Rh8 Bf7 Rxe8+ Bxe8 c4 Bxa4 b4 b5 c5 c6 Ne4 Kc7 Kf2 Kd7 h4 Ke6 Kg3 Ke5 Nd6 Kd5 Kf4,"{30003,30003,29731,29699,29731,29427,29475,27403,29099,27275,28363,26939,26659,26779,26603,25995,24955,21467,23235,20099,21491,18803,20379,17867,19003,17419,18747,16283,17659,16091,17395,14291,16891,13563,15451,12235,14923,11235,13107,10067,12531,9347,11747,7971,11123,7171,10795,6995,10619,6859,10331,4715,9891,4587,9819,4355,9651,4251,9435,4123,8827,3499,8259,2739,8163,2547,7619,2299,7539,1971,7419,813,7019,384,5834,0}"
13104,fcIJCjQ1,white,Drac25,JordanChel,win,resign,987,966,21,standard,blitz,blitz,300,0,5+0,lichess.org,20.0,-1.19,45.0,,17/07/25 22:55,2025-07-18 02:00:10.864+00,262.174,B00,Nimzowitsch Defense,Nimzowitsch Defense,2,5,13795,7.37,,,,,-6,22158,3.57,,,,,45,23,e4 Nc6 Qh5 Nf6 Qf3 e5 Bc4 Bc5 d3 a6 c3 b5 Bd5 Nxd5 exd5 Ne7 Bg5 h6 Bh4 g5 Bg3 d6 c4 Nf5 Qh5 Nd4 Na3 Bxa3 bxa3 Nc2+ Kd2 Nxa1 Nf3 Bf5 Rxa1 Qe7 cxb5 e4 dxe4 Qxe4 Re1 Bg4 Rxe4+ Kd7 Qxg4+,"{30003,30003,29947,29827,29795,29587,29635,29347,29099,29259,28891,29163,28699,28987,28427,28707,25891,28243,25483,28035,25379,27931,24403,27203,23515,26843,20915,26147,20731,26035,20435,25915,20091,25483,19387,25211,16851,24715,15907,23987,14363,22475,14171,22363,13795,22158}"
13105,WoMxqqUX,white,Drac25,yummiergravy,loss,resign,992,1049,-57,standard,blitz,blitz,180,2,3+2,lichess.org,19.0,-2.33,,,17/07/25 22:14,2025-07-18 01:17:27.912+00,195.072,B00,Pirc Defense,Pirc Defense,2,-5,9706,4.61,,,,,5,14269,2.2,,,,,36,18,e4 d6 Qh5 Nf6 Qf3 g6 b3 Bg7 Bb2 e6 Bb5+ c6 Bc4 O-O d4 d5 exd5 cxd5 Bb5 Qa5+ Nc3 a6 Bd3 Nc6 Qf4 Ne4 Bxe4 dxe4 Qxe4 Nxd4 Qxd4 Bxd4 Nf3 Bxc3+ Bxc3 Qxc3+,"{18003,18003,18131,18123,17323,17723,17155,17731,17219,16483,16763,16323,16779,16299,15787,16419,15427,16523,14379,16611,13867,15851,13283,15163,11867,13995,11691,14043,11515,14051,11307,14099,10643,14147,10675,14269,9706}"
13106,Ggofmqc0,black,Drac25,IgorSReis,loss,outoftime,997,1011,-14,standard,blitz,blitz,300,0,5+0,lichess.org,21.0,0.98,47.0,,17/07/25 22:03,2025-07-18 01:11:59.893+00,520.645,D00,Queen's Pawn Game: Accelerated London System,Queen's Pawn Game,3,-5,0,8.82,4.0,5.0,3.0,70.0,8,9639,5.99,1.0,0.0,3.0,74.0,69,35,d4 d5 Bf4 Bf5 Nf3 f6 e3 a6 Bd3 e6 h4 Bb4+ c3 Ba5 Bxf5 exf5 O-O Nd7 Qd3 Ne7 Nbd2 h6 g3 g5 hxg5 hxg5 Nxg5 fxg5 Bxg5 c6 Kg2 Qc7 f4 Ng6 Rh1 Rxh1 Rxh1 Ndf8 Qxf5 Qf7 Qd3 Ne6 Rh5 Nxg5 Rxg5 O-O-O Qxg6 Qxg6 Rxg6 Kc7 f5 Rf8 g4 Kb6 e4 Kb5 e5 Bd8 e6 Bh4 g5 Be1 Nf3 Rxf5 e7 Kc4 e8=Q Bh4 Nxh4,"{30003,30003,29939,29283,29763,29067,29659,28795,29379,28299,29011,27587,28851,26955,28075,26579,27307,22163,26771,20819,26035,20555,25619,20379,22339,20171,21947,19819,21803,15003,21347,14523,20227,13923,19715,13363,19563,9715,18819,9411,16107,8963,13923,8555,13763,8019,13555,7859,13475,7195,13371,6603,13299,6459,13179,6371,12923,5531,12475,4923,11843,4691,10851,4539,10443,2131,9915,667,9639,0}"
13107,D9PXnBgP,black,Drac25,ARchaitanya,loss,outoftime,1003,1020,-17,standard,blitz,blitz,300,0,5+0,lichess.org,17.0,-4.53,,,17/07/25 21:44,2025-07-18 00:54:22.44+00,577.096,C20,King's Pawn Game: Napoleon Attack,King's Pawn Game,3,-6,0,13.64,,,,,5,3791,11.91,,,,,45,23,e4 e5 Qf3 Nc6 Bc4 Nf6 g4 Nd4 Qd3 Nxg4 c3 Qf6 Nh3 Nf3+ Kf1 Bc5 b4 Bb6 Ng1 Bxf2 Nxf3 d6 h3 Ne3+ dxe3 Qxf3 Qe2 Bxh3+ Rxh3 Qxh3+ Kxf2 Qh2+ Ke1 Qg1+ Kd2 O-O-O Na3 Qg5 Nb5 a6 Na7+ Kb8 Nc6+ bxc6 Bxa6,"{30003,30003,29899,29187,29771,28507,29331,28115,28691,26771,28235,26251,27579,24699,25827,21459,19883,15859,18387,15147,17547,13875,15987,7643,13891,7467,10547,4683,8611,4491,8331,3611,7987,2955,7651,1539,7043,871,6795,637,6619,637,4243,460,3791,0}"
13108,7J8LY4IS,white,Drac25,GabrielRomero,win,resign,997,984,13,standard,blitz,blitz,300,0,5+0,lichess.org,16.0,-0.4,,,17/07/25 21:38,2025-07-18 00:44:32.168+00,388.604,C20,King's Pawn Game: Wayward Queen Attack,King's Pawn Game,3,6,19083,6.42,,,,,-10,3713,15.46,,,,,35,18,e4 e5 Qh5 Nc6 Bc4 g6 Qf3 Nf6 c3 d6 d3 Bg7 h3 Qe7 Bg5 Be6 Na3 a6 Bd5 Bxd5 exd5 Na7 Nc4 Nb5 a4 Na7 Na5 O-O-O Be3 Kb8 Bxa7+ Kxa7 Qe3+ b6 Nc6+,"{30003,30003,29915,28155,29803,26611,29635,24875,29427,24251,29171,21635,29019,18899,28227,18179,26891,15635,24731,11019,24363,9659,23147,8979,21955,7347,21203,6187,19891,5211,19467,4963,19403,4267,19083,3713}"
13109,nengHQsC,white,Drac25,SamuelGajardo,win,timeout,991,1019,-28,standard,blitz,blitz,300,0,5+0,lichess.org,23.0,7.55,,,17/07/25 21:00,2025-07-18 00:05:34.596+00,296.787,C20,King's Pawn Game: Wayward Queen Attack,King's Pawn Game,3,6,14230,5.63,,,,,-32,14681,5.47,,,,,57,29,e4 e5 Qh5 g6 Qxe5+ Be7 Qxh8 Bf6 Qxh7 Ke7 Bc4 Qf8 d3 Qg7 Qxg7 Bxg7 Nf3 b6 Ng5 f6 Nf3 c6 Bxg8 d6 Bf4 Na6 Bc4 b5 Bb3 Bd7 c4 d5 cxd5 cxd5 Nc3 Rc8 Nxd5+ Ke6 Nc3+ Ke7 Nxb5 Be6 Bxe6 Kxe6 O-O Rc5 Nbd4+ Kd7 Nb3 Rc2 Rab1 Nb4 Rfc1 Rc7 Bxc7 Nxa2 Rc4,"{30003,30003,29939,29835,29787,29619,29635,29331,29515,29003,29347,28355,28243,28083,27547,27907,27235,27795,26851,26907,24763,26779,24619,26115,23275,25347,22627,24363,22171,23859,21755,23603,21099,22971,20731,22739,20499,21923,19627,21779,18803,21235,18491,21059,18147,20627,17491,20259,16931,19499,15723,19131,15123,18059,14923,17787,14230,14681}"
13110,llpkFCP7,black,Drac25,Diamond_blade,loss,outoftime,997,1003,-6,standard,blitz,blitz,300,0,5+0,lichess.org,24.0,2.63,57.0,,17/07/25 20:52,2025-07-17 23:59:29.235+00,423.733,A20,English Opening: King's English Variation,English Opening,2,-6,0,10.72,,,,,5,15510,5.18,,,,,57,29,c4 e5 Qb3 Bc5 Nc3 Nc6 g3 d6 Bg2 Nd4 Qa4+ c6 e3 Ne6 Bxc6+ bxc6 Qxc6+ Ke7 Qxa8 Nc7 Nd5+ Kd7 Nxc7 Qxc7 Qd5 Bb7 Qxf7+ Ne7 Qxg7 Rg8 Qxh7 Bxh1 f3 Bg2 Kf2 Qc6 Kxg2 e4 f4 Qa6 b3 Qa5 Qxe4 d5 cxd5 Kd6 Nf3 Nxd5 Qe5+ Kc6 Qe6+ Kb5 a4+ Kb4 Qxg8 Kxb3 Qxd5+,"{30003,30003,29771,29483,29195,28955,28627,28323,28435,27875,27979,27003,27507,24691,27003,24091,26827,22683,26443,20603,26131,19739,25483,19507,24339,18971,24131,18267,23875,17731,23659,17507,22475,16051,22251,15147,21051,15035,20747,12091,20331,10979,19659,9963,18691,7939,17707,7515,17339,7107,17011,6483,16411,5995,16187,4366,15510,0}"
13111,htztjBvS,black,Drac25,Popurri2000,loss,outoftime,1004,911,93,standard,blitz,blitz,300,0,5+0,lichess.org,15.0,1.92,,,17/07/25 20:43,2025-07-17 23:51:37.365+00,477.016,A34,"English Opening: Symmetrical Variation, Normal Variation",English Opening,3,-7,0,15.79,,,,,8,14205,8.31,,,,,39,20,c4 c5 Nc3 a6 Nf3 f6 e4 e5 Be2 g6 O-O d6 d3 g5 Nd5 Bh6 Qb3 Nd7 Bd2 b6 Rfc1 Ne7 Nxe7 Kxe7 Rc3 Kf7 h3 Kg6 g4 Rb8 Be3 b5 cxb5 axb5 Rcc1 c4 Qb4 Qe7 Ba7,"{30003,30003,29827,29235,29475,28819,29155,28147,28499,27435,28339,26339,28155,26075,27755,22883,27523,22131,25715,10027,23075,8491,22531,6947,20515,5659,19003,4483,17931,2371,16787,2219,16611,2043,15883,1539,15323,348,14205,0}"
13112,RS4mdyfn,white,Drac25,luis_michea,loss,outoftime,1009,1093,-84,standard,blitz,blitz,300,0,5+0,lichess.org,27.0,-0.68,60.0,,17/07/25 20:25,2025-07-17 23:35:46.143+00,624.523,C20,King's Pawn Game: Wayward Queen Attack,King's Pawn Game,3,-5,0,7.14,,,,,5,1069,7.06,,,,,84,42,e4 e5 Qh5 d6 Bc4 Qe7 Qf3 Nf6 d3 h6 Nc3 Nc6 Nd5 Nxd5 Bxd5 Bd7 c3 f6 Ne2 O-O-O h3 g6 Qe3 Kb8 b4 Qg7 Bb2 f5 d4 f4 Qd3 Ne7 O-O-O c6 Bc4 b5 Bb3 Rc8 Kb1 a6 dxe5 d5 e6 Bxe6 Nxf4 Qf7 exd5 Nxd5 Nxd5 cxd5 c4 bxc4 Qg3+ Kb7 Bxh8 Bxb4 Bc3 Bxc3 Qxc3 cxb3 Qb4+ Ka8 axb3 Qf5+ Ka2 Qc2+ Ka3 Rb8 Rc1 Qf5 Qd6 Qf8 Qxf8 Rxf8 Rc6 Bd7 Rd6 Bb5 Rc1 Rb8 Rxd5 Be2 Rdc5 Bd3,"{30003,30003,29915,29667,29819,29283,29363,29075,28891,28747,28395,28411,28043,27915,27035,27587,26715,27475,25579,27299,25419,26019,24339,25771,23683,24515,21891,24355,21619,23875,20891,22579,19563,22427,18851,21883,18563,20363,17323,19883,16827,17643,15843,17123,14499,16003,14091,15595,13579,14979,13051,14523,12875,13171,12755,12715,8995,11699,8811,11371,8315,10459,6291,9731,4083,9331,3923,8595,2779,5211,926,3883,623,3667,425,2979,273,2523,211,2283,81,1491,24,1069,0}"
13113,osxnUEc7,black,Drac25,imro25,loss,outoftime,1013,1078,-65,standard,blitz,blitz,300,0,5+0,lichess.org,20.0,-0.23,51.0,,17/07/25 00:23,2025-07-17 03:33:09.629+00,554.416,C50,Italian Game: Anti-Fried Liver Defense,Italian Game,6,-4,0,10.35,,,,,5,5404,8.48,,,,,59,30,e4 e5 Nf3 Nc6 Bc4 h6 Nc3 Nge7 d3 d6 h3 g6 Nd5 Nxd5 Bxd5 f6 Nh2 Qe7 Bxc6+ bxc6 Be3 d5 O-O Ba6 a3 dxe4 Re1 Rd8 d4 exd4 Bxd4 c5 Qg4 Qf7 Rxe4+ Be7 Bxc5 f5 Rxe7+ Qxe7 Qxg6+ Qf7 Re1+ Kd7 Qxf7+ Kc6 b4 Rhe8 Qf6+ Kb7 Rxe8 Rd1+ Nf1 Rxf1+ Kh2 Rc1 Qxf5 Rxc2 Qxc2,"{30003,30003,29859,29827,29739,29651,29555,28323,29099,28211,28827,27131,28595,26795,28467,25955,27731,23339,27219,23059,26699,20155,24651,19267,22675,18411,21611,16667,20395,14347,18003,13339,13779,11931,12707,11131,11851,9523,11507,8459,10707,7587,10483,5563,10347,5555,8859,5339,8011,4963,6483,4723,6331,4315,6203,1723,5659,934,5404,0}"
13114,HdzUwYFz,white,Drac25,MarcianoEnciso,loss,timeout,1019,1035,-16,standard,blitz,blitz,300,0,5+0,lichess.org,14.0,0.32,33.0,,16/07/25 22:06,2025-07-17 01:15:10.937+00,519.28,B01,Scandinavian Defense: Mieses-Kotroc Variation,Scandinavian Defense,4,-6,768,9.14,,,,,6,4978,8.07,,,,,64,32,e4 d5 exd5 Qxd5 Nc3 Qe6+ Qe2 Nc6 Qxe6 Bxe6 Bb5 a6 Bxc6+ bxc6 Nf3 g6 Na4 Nf6 Nc5 Bg4 Ne5 Rd8 d3 Rd5 Nxg4 Nxg4 Nxa6 Re5+ Be3 Bh6 O-O Bxe3 fxe3 Rxe3 Nxc7+ Kd7 Na6 Re2 Rac1 Ra8 h3 Ne3 Rf2 Rxf2 Kxf2 Nd5 Nc5+ Kd6 Ne4+ Ke6 Re1 Kf5 Ng3+ Kf6 c4 Nf4 Re4 g5 Ne2 Nxd3+ Ke3 Nxb2 Nd4 Rxa2,"{30003,30003,29811,28931,29723,27963,29411,27315,29107,27115,28811,26859,28667,26707,28411,26139,25747,23691,23547,22883,22883,20635,22611,19667,22379,19491,21643,17267,20523,16539,19587,15867,19387,15507,19019,13619,18587,12843,16499,12155,15571,10923,14755,10235,14611,9403,14123,8947,13779,8491,13219,7939,12131,7635,11115,7195,10275,6843,9739,6203,9227,5611,8483,4978,768}"
13115,cFxiMTrU,white,Drac25,victorhcc,loss,outoftime,1024,1023,1,standard,blitz,blitz,300,0,5+0,lichess.org,23.0,-1.93,45.0,,16/07/25 21:54,2025-07-17 01:03:18.612+00,527.01,B01,Scandinavian Defense,Scandinavian Defense,2,-5,0,11.11,,,,,5,5537,9.41,,,,,54,27,e4 d5 Qh5 Nf6 Qh4 dxe4 Nc3 e5 Nxe4 Nxe4 Qxe4 Bd6 Bb5+ c6 Bc4 O-O Bd3 g6 Nf3 Bf5 Qa4 Bxd3 cxd3 Re8 O-O b5 Qe4 f5 Qh4 Qa5 b3 Qb4 Qh6 e4 Ng5 Re7 Bb2 Nd7 Ne6 Ne5 Bxe5 Bxe5 Ng5 Bxa1 Rxa1 exd3 h3 Qxd2 Kh2 Qf4+ g3 Qxf2+ Kh1 Rae8,"{30003,30003,29931,29067,28467,28651,28387,27939,28059,26891,27907,26771,27419,26187,27363,25891,27051,25563,26867,24987,24251,23963,23955,23435,23731,22355,22819,22011,21635,20875,19803,19995,17595,18939,17395,16035,17203,13579,16267,11083,13275,10811,11971,9979,11115,9107,9867,8243,5739,7211,5443,6331,5308,5537,0}"
13116,C0qswTmn,black,Drac25,MohanKalaiselvan,loss,resign,1029,1104,-75,standard,blitz,blitz,300,0,5+0,lichess.org,23.0,0.3,,,16/07/25 21:48,2025-07-17 00:53:54.136+00,309.776,A00,Hungarian Opening,Hungarian Opening,1,-5,12066,11.96,,,,,9,18167,7.89,,,,,31,16,g3 e5 Bg2 d5 d4 Bd6 c4 Nd7 Nc3 Bb4 Nf3 exd4 Nxd4 dxc4 O-O Bxc3 bxc3 Nb6 e4 Ne7 e5 c6 Bg5 h6 Bxe7 Qxe7 Nf5 Qg5 Nd6+ Kd7 Nxf7+,"{30003,30003,29779,29699,29635,29075,29363,28011,28387,27563,27339,26403,27083,25475,26747,24883,26459,24251,24403,23011,24179,19339,23019,18707,19739,18443,19515,16931,18651,13275,18167,12066}"
13117,ZlRXHaE5,white,Drac25,A1ChessBot,loss,outoftime,1034,1074,-40,standard,blitz,blitz,300,0,5+0,lichess.org,19.0,2.12,35.0,,16/07/25 21:39,2025-07-17 00:48:29.62+00,542.592,B01,Scandinavian Defense: Valencian Variation,Scandinavian Defense,6,-5,0,6.82,,,,,9,11162,4.38,,,,,88,44,e4 d5 exd5 Qxd5 Nc3 Qd8 Nf3 Nc6 Bc4 Be6 Bxe6 fxe6 d3 e5 Bg5 h6 Bh4 Nf6 Qe2 e6 Nxe5 Nxe5 Qxe5 Bd6 Qb5+ Qd7 Qxb7 O-O O-O Ng4 Bg3 Bxg3 fxg3 Rxf1+ Rxf1 Qd8 Qe4 Nf6 Qxe6+ Kh7 Rd1 Qd7 Qxd7 Nxd7 d4 c5 Ne2 cxd4 Rxd4 Ne5 Re4 Ng4 Rxg4 Re8 Nd4 Re1+ Kf2 Ra1 a3 Ra2 b4 Rxa3 Ke2 a5 bxa5 Rxa5 c3 Rc5 Kd3 h5 Rf4 Kg6 Ne6 Rd5+ Ke4 Rd6 Ke5 Rc6 Rf3 Ra6 Nc5 Ra5 c4 Rxc5+ Kd4 Rc8 c5 Rd8+,"{30003,30003,29803,29867,29739,29611,28915,29227,28643,28603,27395,28435,26899,28315,25323,27867,24883,27291,23059,26299,22147,26083,22003,25595,19843,24795,18963,24595,18547,24179,17387,23507,17211,23203,16923,22939,14587,21723,13827,21491,11283,19795,9683,19611,9243,19211,7947,18955,7059,18771,6139,18059,5963,17803,5803,17619,5651,17275,5331,17083,3411,16939,2579,15707,2411,15587,2315,15275,2171,14419,1763,13835,1499,13515,1259,13027,1027,12651,264,12003,172,11699,54,11563,54,11283,54,11162,0}"
13118,wPisXFQo,black,Drac25,chess_manster,win,resign,1029,992,37,standard,blitz,blitz,300,0,5+0,lichess.org,26.0,-1.67,38.0,,16/07/25 20:59,2025-07-17 00:05:48.094+00,388.42,D02,Queen's Pawn Game: Chigorin Variation,Queen's Pawn Game,4,5,9326,7.13,,,,,-5,14838,5.05,,,,,60,30,d4 d5 Nf3 Nc6 Nc3 f6 e4 Bg4 Be2 e6 exd5 exd5 Nh4 Bb4 O-O f5 Qe1 Qxh4 Bxg4+ Qe7 Bh5+ g6 Be2 Nxd4 Qd2 Nxe2+ Kh1 Bxc3 bxc3 O-O-O Re1 Ng3+ fxg3 Qd7 Qf4 Re8 Rxe8+ Qxe8 Be3 Nf6 Bxa7 Ng4 Qd2 Qe3 Qxd5 Qxa7 Rb1 Nf2+ Kg1 Ne4+ Kf1 Nxc3 Qe6+ Kb8 Re1 Ne4 Ke2 Qa6+ Kf3 Qxe6,"{30003,30003,29787,29579,29715,28939,29651,28539,29451,27987,29339,27843,28971,27635,28683,26579,28451,26259,27859,25163,27451,24859,27267,24347,25259,23779,25131,22267,24867,20787,24083,20291,23891,18691,23683,17835,22931,17683,22875,17075,22595,16427,22059,15523,21187,14763,19331,13019,18867,11587,18315,11339,17547,10779,16947,10011,15675,9483,15595,9326,14838}"
13119,j2UvQZ60,black,Drac25,Hisham200,loss,outoftime,1035,999,36,standard,blitz,blitz,300,0,5+0,lichess.org,20.0,-0.36,35.0,,16/07/25 20:50,2025-07-16 23:55:21.41+00,262.987,D04,"Queen's Pawn Game: Colle System, Anti-Colle",Queen's Pawn Game,6,-6,0,14.29,,,,,6,21309,4.14,,,,,43,22,d4 d5 Nf3 Nf6 e3 Bf5 Bb5+ c6 Be2 e6 O-O Bd6 c4 Ne4 cxd5 cxd5 Qa4+ Nc6 Bb5 Qc7 Nc3 a6 Bxc6+ bxc6 Nxe4 Bxe4 Ne5 Bxe5 dxe5 O-O f3 Bd3 b3 Bxf1 Kxf1 Qxe5 Rb1 Qh5 Qxc6 Qxh2 Ba3 Qg1+ Kxg1,"{30003,30003,29907,29731,29779,29275,29363,28635,29211,27979,29043,27323,28875,24435,28579,23635,27819,23483,27619,21747,26251,20971,26043,20723,25339,20291,25187,19731,24907,19315,23971,18531,23619,18219,23307,17923,22635,16435,21987,16019,21611,14487,21309,0}"
13120,vxifvAyi,white,Drac25,TNK_2500,win,outoftime,1030,993,37,standard,blitz,blitz,300,0,5+0,lichess.org,29.0,5.81,,,16/07/25 20:40,2025-07-16 23:50:02.092+00,557.168,B00,Nimzowitsch Defense,Nimzowitsch Defense,2,5,6943,7.44,,,,,-5,0,9.68,,,,,63,32,e4 Nc6 Qh5 Nf6 Qf3 Nd4 Qd3 e5 Nf3 a5 Nxe5 c5 Qc4 Qe7 Nd3 b6 c3 Ba6 Qa4 Bb5 Qd1 Nd5 cxd4 cxd4 Be2 Nf4 Nxf4 Bxe2 Qxe2 Qe5 Nd3 Qe6 b3 Bd6 O-O O-O Bb2 Be5 f4 Bf6 g3 d5 e5 Be7 Bxd4 b5 Nc3 b4 Na4 Qg6 Kg2 Bh4 Rf3 Rfe8 Kh1 Be7 Rff1 Qf5 Ndc5 Bxc5 Bxc5 Qc2 Rac1,"{30003,30003,29243,29651,28859,28659,27971,28291,27411,26691,26987,25171,24587,22771,22795,22435,22387,22059,21387,21283,20803,18803,19315,18051,18859,16355,18403,15619,17939,15355,17627,14483,16939,13899,16011,13731,15171,12779,14443,11939,13795,10779,13579,9659,13315,9211,12995,8971,12051,7707,11299,7459,10955,4867,10011,4091,8835,3211,8371,1131,7859,424,6943,0}"
13121,Uz4l6Ub4,black,Drac25,dancell,win,resign,1024,1029,-5,standard,blitz,blitz,300,0,5+0,lichess.org,17.0,3.44,50.0,,16/07/25 20:32,2025-07-16 23:39:28.014+00,394.512,C50,Italian Game: Anti-Fried Liver Defense,Italian Game,6,6,12855,3.73,,,,,-6,12338,3.84,,,,,93,47,e4 e5 Nf3 Nc6 Bc4 h6 O-O Bc5 Nc3 Nf6 d3 Nd4 Nxe5 d6 Nxf7 Qe7 Nxh8 Be6 Ng6 Bg4 f3 Nxf3+ Kh1 Ne5 Nxe7 Bxd1 Nf5 Bxc2 Nxg7+ Ke7 Nd5+ Kf7 Nxf6+ Kxg7 Nh5+ Kg6 g4 Bxd3 Rg1 Bxc4 Nf4+ Kg7 Ne6+ Kf6 Bxh6 Kxe6 b3 Bd3 b4 Bxg1 Rb1 Bxb1 Kxg1 Bxa2 Kf2 Rh8 g5 Ng4+ Kg3 Nxh6 gxh6 Rxh6 Kg4 Rxh2 Kg3 Re2 Kf3 Re1 Kf2 Rxe4 Kf3 Rxb4 Ke3 Rb5 Kd3 Rc5 Kd4 b5 Kd3 b4 Ke4 b3 Kd3 Ke5 Ke3 d5 Kf3 Rc4 Kg3 b2 Kf3 b1=R Kg3,"{30003,30003,29899,29907,29707,29819,29603,29563,28931,29115,28691,28979,28059,28547,27939,27987,27835,27691,26955,26683,26483,26395,24947,24843,24707,24667,22907,24083,22715,23251,22379,22739,22043,22523,21827,21707,19443,20651,19267,20099,18707,18939,18419,18595,18267,18075,18043,17699,17579,17531,17483,17355,16811,17203,16363,16699,16203,15939,16027,15883,15883,15811,15883,15523,15763,15371,15523,15099,15435,14963,15339,14859,15323,14715,15323,14283,15115,13963,14891,13899,14691,13771,14627,13595,14467,13475,14371,13363,14195,13251,14027,13091,12338,12855}"
13122,J1imVQZ3,white,Drac25,Willo73,loss,outoftime,1030,1033,-3,standard,blitz,blitz,300,0,5+0,lichess.org,28.0,-2.54,75.0,,16/07/25 20:19,2025-07-16 23:30:31.066+00,632.761,C20,King's Pawn Game: Wayward Queen Attack,King's Pawn Game,3,-6,0,7.14,,,,,5,288,7.25,,,,,84,42,e4 e5 Qh5 Nc6 Bc4 g6 Qf3 Nf6 c3 Bg7 d3 d6 Bb5 Bg4 Bxc6+ bxc6 Qe3 d5 f3 Be6 d4 exd4 cxd4 O-O e5 Nd7 Qc3 Qh4+ g3 Qe7 f4 c5 dxc5 Nxc5 Be3 Ne4 Qd4 Rad8 Nc3 Nxc3 bxc3 Bf5 Ne2 Qa3 O-O Rd6 Rac1 Qxa2 Rfe1 Bg4 Ra1 Qb3 Rxa7 Rb6 Raa1 Bxe2 Rxe2 Re8 Ree1 Qb2 Rab1 Qa3 Rxb6 c5 Qxd5 Bh6 Rbb1 Qxc3 Bf2 Qa5 Rbc1 Rd8 Qxc5 Qa7 Qxa7 Bxf4 Re4 Rd1+ Rxd1 Kg7 gxf4 Kh6 Qc5 g5,"{30003,30003,29939,29667,29883,29387,29699,29235,29427,28987,28467,28803,27667,27979,26123,27651,25211,26147,24371,24667,24083,24275,23195,23787,23059,23179,21923,22019,21451,21043,20323,19019,19771,18651,19603,18243,18243,16787,17947,16091,17475,15179,15091,12931,13915,12619,10443,11019,8723,8691,7635,6987,6043,4355,3531,3899,3315,3763,3099,3619,2947,3355,2795,3003,2347,2147,2115,1723,1379,1283,1003,731,810,437,667,288,363,288,210,288,123,288,15,288,0}"
13123,UCvNhVyc,black,Drac25,Willo73,loss,resign,1036,1027,9,standard,blitz,blitz,300,0,5+0,lichess.org,22.0,5.1,,,16/07/25 20:16,2025-07-16 23:19:39.27+00,172.036,C50,Italian Game: Anti-Fried Liver Defense,Italian Game,6,-6,19389,8.16,,,,,6,24060,4.57,,,,,27,14,e4 e5 Nf3 Nc6 Bc4 h6 c3 Nf6 d3 Bc5 b4 Bb6 Qb3 a6 Bxf7+ Ke7 O-O d5 Bxd5 Nxd5 exd5 Na7 Nxe5 Bf5 Re1 Kd6 Nf7+,"{30003,30003,29883,29883,29715,29739,29507,29099,29307,28683,29067,28331,28683,27667,28483,26659,27859,24859,26995,24731,26971,24299,26427,22643,25923,20163,24060,19389}"
13124,v3dXj8hX,white,Drac25,karcza98,loss,outoftime,1041,1045,-4,standard,blitz,blitz,300,0,5+0,lichess.org,37.0,0.76,69.0,,16/07/25 16:04,2025-07-16 19:14:22.31+00,596.362,B02,Alekhine Defense: Mokele Mbembe,Alekhine Defense,4,-5,0,5.77,,,,,6,2814,5.33,,,,,104,52,e4 Nf6 e5 Ne4 d3 Nc5 Be3 e6 d4 Ne4 f3 Ng5 f4 Ne4 Bd3 f5 exf6 Nxf6 Nf3 Ng4 Bd2 b6 Be4 c6 Ne5 Nxe5 dxe5 d5 Bf3 Qh4+ g3 Qh3 a3 h6 Qe2 g5 Bg2 Qf5 Qh5+ Qf7 Qxf7+ Kxf7 Bb4 Bxb4+ axb4 a5 b5 cxb5 Nc3 Bd7 O-O-O b4 Ne2 Bb5 Bf1 a4 c3 bxc3 Nxc3 a3 Nxb5 a2 Na3 a1=Q+ Kc2 Rc8+ Bc4 Qxd1+ Rxd1 dxc4 Kc3 gxf4 gxf4 Nc6 Nxc4 Na5 b3 Kg6 Rd6 Kf5 Rxb6 Kxf4 Rxe6 Kf5 Rxh6 Nxc4 bxc4 Kxe5 Rh5+ Ke4 Rh4+ Kf5 Rd4 Ra3+ Kb4 Ra1 Rd5+ Ke4 h4 Rb1+ Kc3 Rc1+ Kb4 Rb8+,"{30003,30003,29315,29683,28987,29427,28723,29147,28395,28827,27667,27971,26755,27419,26539,27123,26403,26803,25315,24027,23195,23659,22771,23379,22499,23115,21187,23003,20899,22011,20275,20027,19339,19067,18467,18883,18227,17339,16251,16651,15651,16467,14699,16267,14587,15747,14115,15579,14035,15267,12603,14987,11499,14563,10659,13747,9667,13099,9491,12899,9115,12323,8195,11955,8123,10683,7467,8011,6971,7955,6539,7611,5531,7091,4787,6819,4451,6075,3339,5587,3139,5299,2771,5171,2659,4803,2435,4723,2267,4547,2043,4219,1419,3971,1107,3507,952,3299,550,3179,285,3027,121,2814,0}"
13125,iRM62m7E,white,Drac25,ukenia,loss,outoftime,1045,1171,-126,standard,blitz,blitz,300,0,5+0,lichess.org,19.0,3.23,56.0,,16/07/25 15:56,2025-07-16 19:03:34.563+00,424.524,B01,Scandinavian Defense: Valencian Variation,Scandinavian Defense,6,-4,0,9.38,,,,,4,18911,3.58,,,,,64,32,e4 d5 exd5 Qxd5 Nc3 Qd8 Bc4 Bf5 Qh5 g6 Qf3 e6 d3 Bd6 Nb5 Bc5 Bf4 Na6 Qxb7 Rb8 Qxa6 Qd4 Nxd4 Bxd4 Bb5+ Kf8 Qa3+ Kg7 Bc4 Bxb2 Qxa7 Ne7 Rd1 Bc3+ Bd2 Bd4 Nf3 Bxa7 O-O Nc6 Be3 Bxe3 fxe3 Nb4 c3 Nc2 Rb1 Ra8 e4 Bg4 Ne5 Ne3 Rxf7+ Kh6 Nxg4+ Nxg4 Rxc7 Raf8 d4 Ne3 Bxe6 Rf6 d5 Rhf8,"{30003,30003,29779,29875,29739,29787,28371,29571,28179,29299,27419,29115,26675,28843,24323,28347,23539,27067,21883,26851,21387,26363,20251,26171,19163,25811,18699,25579,17371,25203,14379,24659,13219,24299,12819,23939,12595,23787,11603,23347,10987,23027,10859,22811,10267,22547,7051,21419,6603,21107,5843,20763,5211,20531,4643,20275,4475,19899,2795,19595,2083,19067,923,18911,0}"
13126,VMpJmP64,white,Drac25,Deniz2025,loss,resign,1050,1099,-49,standard,blitz,blitz,300,0,5+0,lichess.org,,-1.4,,,16/07/25 15:54,2025-07-16 18:56:13.723+00,105.701,C20,King's Pawn Game: Wayward Queen Attack,King's Pawn Game,3,-5,21986,8.91,,,,,5,27142,3.58,,,,,18,9,e4 e5 Qh5 Nc6 Bc4 Qe7 Nc3 Nf6 Qf3 d6 Nd5 Nxd5 exd5 Nd4 Qc3 Bf5 Bb5+ Nxb5,"{30003,30003,29907,29267,29779,29091,28563,28923,27539,28691,26955,28243,25571,28027,24115,27531,23211,27142,21986}"
13127,eY0EIlNE,black,Drac25,tonosudarsono,loss,outoftime,1055,1101,-46,standard,blitz,blitz,300,0,5+0,lichess.org,22.0,5.03,29.0,,16/07/25 15:45,2025-07-16 18:54:15.88+00,505.602,C45,Scotch Game: Classical Variation,Scotch Game,8,-5,0,6.67,,,,,5,12745,3.84,,,,,91,46,e4 e5 Nf3 Nc6 d4 exd4 Nxd4 Bc5 Nf3 Nf6 Nc3 d6 a3 Bg4 Be2 Nd4 Nxd4 Bxe2 Ncxe2 Nxe4 O-O Qf6 f3 Bxd4+ Qxd4 Ng5 Qxf6 gxf6 Bxg5 fxg5 Nd4 O-O-O Nb5 Kb8 Rae1 a6 Nd4 c5 Nb3 f5 c4 h5 Nd2 d5 cxd5 Rxd5 Nb3 b6 h3 c4 Na1 Rd2 Rb1 h4 b3 c3 b4 Rc8 Rbc1 Kb7 Rf2 Rb2 Nc2 Kc6 Nd4+ Kd5 Nxf5 Kc4 Nd6+ Kb3 Nxc8 c2 Nxb6 Rb1 Rxc2 Rxc1+ Rxc1 Kb2 Rc8 Kxa3 Nd5 a5 bxa5 Ka4 Ra8 Kb5 Ne3 Kc6 Nf5 Kb7 Rh8,"{30003,30003,29627,29883,29499,29043,29371,28611,28939,28083,28691,27123,28491,26715,28083,25299,27691,24763,26923,23859,26499,23051,26179,21483,25427,15971,24971,15763,24419,15611,24251,15091,23947,14603,23347,14363,23091,13867,22723,12899,22563,12675,22267,12283,21835,12163,21603,11683,20939,11539,20507,11051,19827,9115,19675,8803,19347,7635,18235,5291,17563,4683,16739,3859,16491,3699,16331,3443,15659,3155,15499,2747,14907,2219,14339,1499,14227,1451,14027,1187,13843,938,13451,938,13307,715,13179,92,13067,10,12745,0}"
13128,YGFu6lnW,black,Drac25,w2nam,win,outoftime,1047,1151,-104,standard,blitz,blitz,300,0,5+0,lichess.org,27.0,-0.22,60.0,,16/07/25 15:34,2025-07-16 18:45:09.174+00,609.654,C23,Bishop's Opening,Bishop's Opening,3,8,459,9.85,,,,,-8,0,9.68,,,,,62,31,e4 e5 Bc4 Nc6 d3 Bc5 Nc3 Nge7 Nf3 d6 Bg5 h6 Bh4 Nd4 Nd5 f6 Nxf6+ gxf6 Bxf6 Rf8 Bg7 Nxf3+ gxf3 Rg8 Bxh6 Nc6 Bxg8 Qh4 Qe2 Qxh6 Rg1 Bh3 Rg3 O-O-O Bd5 Be6 Bxc6 bxc6 c3 Qxh2 O-O-O Bxa2 Kc2 Be6 Ra1 Bb6 d4 exd4 cxd4 Bxd4 Kd3 c5 Rxa7 Kd7 Kd2 Qh6+ Ke1 c4 b4 Bxa7 Qd1 Rb8,"{30003,30003,29931,29859,29723,29355,29475,28363,28467,27819,27715,26571,27483,24635,26683,23323,25691,23131,25563,22827,24283,21883,23715,21731,22755,21059,22499,19763,19667,18827,17827,17571,14803,16803,14275,15811,13691,15411,12651,15067,10627,14011,9219,11195,7699,10395,6347,7323,5755,6523,4867,5723,4003,2699,2691,1971,2419,814,1483,545,481,459,0}"
13129,ObKi3OZJ,white,Drac25,darkjogi,win,resign,1042,1036,6,standard,blitz,blitz,300,0,5+0,lichess.org,30.0,5.73,47.0,,16/07/25 13:30,2025-07-16 16:36:23.697+00,325.401,B01,Scandinavian Defense: Mieses-Kotroc Variation,Scandinavian Defense,4,5,14270,5.08,,,,,-5,14746,4.92,,,,,63,32,e4 d5 exd5 Qxd5 Nc3 Qc6 Bb5 Kd8 Bxc6 bxc6 d3 Bb7 f3 c5 d4 c4 b3 cxb3 cxb3 e6 Nge2 Nc6 d5 Ne5 dxe6+ Bd6 exf7 Nxf7 Bg5+ Ne7 Nd4 Ke8 Bxe7 Kxe7 Qe2+ Kd8 Ne6+ Kd7 O-O Rhe8 Qc4 Rxe6 Rae1 Bd5 Qxd5 Rxe1 Rxe1 Nd8 Qxa8 Bc5+ Kh1 Nc6 Rd1+ Nd4 Qd5+ Kc8 Qxc5 Nc2 Qf5+ Kb7 Qxc2 c5 Qxh7,"{30003,30003,29811,29907,29763,29491,29179,28083,29043,28003,28339,27843,27499,27667,27059,26363,26691,26203,26435,26035,25515,25283,24771,23723,24035,23235,23699,23115,23043,22771,22491,21235,21843,21091,21283,20443,21091,20171,20355,20003,18939,19499,18643,18299,18339,17811,17563,17035,17323,16675,17059,16363,16155,16219,15251,15955,15043,15539,14611,15259,14531,15075,14270,14746}"
13130,FRVO6W5D,black,Drac25,AngelBJ,loss,resign,1048,1034,14,standard,blitz,blitz,300,0,5+0,lichess.org,16.0,5.17,,,16/07/25 13:26,2025-07-16 16:30:27.807+00,241.683,C20,King's Pawn Game: Wayward Queen Attack,King's Pawn Game,3,-6,17837,5.79,,,,,6,18263,5.59,,,,,43,22,e4 e5 Qh5 Nc6 Bc4 g6 Qf3 Nf6 c3 Bc5 d3 d6 Bg5 Bg4 Qxf6 Qxf6 Bxf6 Rg8 f3 Be6 Bxe6 fxe6 Nh3 h6 Nd2 d5 exd5 exd5 O-O-O Rf8 Bg7 Rg8 Bxh6 d4 cxd4 exd4 Rde1+ Ne7 Bg5 Rg7 Nc4 O-O-O Bxe7,"{30003,30003,29923,29771,29699,29419,29603,29347,29515,28363,29099,28251,28739,25675,28467,25467,28339,24331,28211,23827,27803,23715,26355,23331,25699,23147,25371,23027,24123,22403,22155,22187,21435,21955,20443,21795,20003,21251,19371,19691,18907,19467,18263,17837}"
13131,KgsPx5B1,white,Drac25,kranki47,loss,resign,1052,1151,-99,standard,blitz,blitz,300,0,5+0,lichess.org,23.0,-0.25,38.0,,16/07/25 13:21,2025-07-16 16:26:15.337+00,285.603,C20,King's Pawn Game: Wayward Queen Attack,King's Pawn Game,3,-4,14146,5.47,,,,,7,18497,4.11,,,,,58,29,e4 e5 Qh5 d6 Bc4 Qe7 d3 Nf6 Qh4 a6 Bg5 Nbd7 Nc3 h6 Bxf6 Qxf6 Qh3 Nc5 Qf3 Be7 Nd5 Qxf3 Nxf3 O-O Nxe7+ Kh8 Nd5 b5 Nxc7 Rb8 Nxa6 Bxa6 O-O bxc4 dxc4 Bxc4 b3 Bxf1 Kxf1 Ne6 Rd1 Rfd8 Nh4 g6 c4 Ra8 Rd2 Nd4 f4 Kg7 fxe5 dxe5 Nf3 Nxf3 gxf3 Rxd2 Ke1 Rxh2,"{30003,30003,29939,29563,29827,29355,29379,29083,28651,28483,28435,27915,27547,27659,27235,27507,25787,26883,25675,26491,25307,25747,25179,25419,24643,24835,24539,24379,24331,24155,23963,23755,23203,23435,23067,23339,22907,23163,19339,21139,19091,20947,18659,20555,17803,20387,17035,20139,16427,19491,15891,19347,14731,18779,14731,18619,14515,18497,14146}"
13132,1VsuKFl0,black,Drac25,Konstantin2019,loss,timeout,1057,1107,-50,standard,blitz,blitz,300,0,5+0,lichess.org,21.0,0.12,,,16/07/25 12:59,2025-07-16 16:02:06.951+00,155.917,C23,Bishop's Opening,Bishop's Opening,3,-5,9803,14.43,,,,,6,23889,4.37,,,,,29,15,e4 e5 Bc4 Nc6 Qf3 Nf6 c3 Bc5 d3 d6 h3 a6 a3 b5 Ba2 a5 Bg5 a4 Nd2 Qe7 Ne2 Be6 Bxe6 Qxe6 O-O h6 Be3 Bb4 axb4,"{30003,30003,29779,29651,29563,29235,29355,27043,28891,26379,28675,25723,28435,25603,28059,24755,27691,23635,27403,23067,26963,22763,26683,22523,25475,22275,24379,21803,23889,9803}"
13133,lBkGQ27z,white,Drac25,EndgameMate,loss,resign,1063,1033,30,standard,blitz,blitz,300,0,5+0,lichess.org,24.0,3.26,39.0,,16/07/25 03:33,2025-07-16 06:38:41.074+00,334.984,B00,Duras Gambit,Duras Gambit,2,-6,15183,6.17,,,,,6,12449,7.31,,,,,49,25,e4 f5 Qh5+ g6 Qf3 Nf6 exf5 d5 Bb5+ c6 Bd3 Nbd7 fxg6 h6 Bf5 Ne5 Qh3 Bxf5 Qxf5 Qd6 d4 Neg4 h3 e6 Qe5 Nxe5 Bf4 Qb4+ c3 Qxb2 Bxe5 Qxa1 Bxf6 Rg8 Kd2 Qxb1 g7 Bxg7 Bxg7 Rxg7 g3 O-O-O Ke2 Rf8 f4 Qe4+ Kf2 Qxh1 Nf3,"{30003,30003,29923,29771,29051,29259,28827,27939,27883,27419,27803,24467,27619,22611,26683,22395,25883,21699,25667,19979,25451,17939,23867,17395,23451,17155,22515,16259,22411,15739,22075,15491,20803,15291,19107,15131,17851,14587,17787,14491,17019,14011,16835,13803,15795,13683,15483,13507,15183,12449}"
13134,yIUAkAGE,white,Drac25,Mehrdadi8,loss,outoftime,1069,1054,15,standard,blitz,blitz,300,0,5+0,lichess.org,24.0,4.05,50.0,,16/07/25 03:22,2025-07-16 06:32:51.823+00,600.215,B06,Modern Defense,Modern Defense,4,-6,0,7.69,4.0,2.0,1.0,59.0,7,1796,7.42,2.0,1.0,1.0,86.0,78,39,e4 g6 d4 Bg7 Be3 d6 Bd3 Nf6 Nf3 O-O Nc3 c5 Nd5 Nc6 dxc5 Nxd5 exd5 dxc5 dxc6 bxc6 Bxc5 Bg4 Rb1 Qd5 Be3 Rfd8 O-O Bxf3 Qxf3 Qxf3 gxf3 Rac8 Bxa7 c5 Bc4 Rd2 c3 Bf6 Rbd1 Rxb2 a4 Bxc3 Rd7 Bf6 Rfd1 Kg7 R7d5 Bd4 Rd8 Rxd8 Bxc5 Bxf2+ Bxf2 Rxd1+ Kg2 Rdd2 Kg3 Rxf2 f4 Rxh2 Kf3 Rh3+ Kg4 Ra3 Bd5 Rxa4 Bc6 Rd4 Kf3 Rbb4 Ke3 Rxf4 Kd3 h5 Kc3 h4 Bd5 h3,"{30003,30003,29627,29955,28979,29795,28835,29619,28499,29459,28323,28955,28107,27563,27219,26131,26475,25747,26107,24707,25555,23419,23131,22475,22283,21171,21619,20699,21091,20507,20899,18723,20419,17131,19483,16259,18715,15019,17875,14043,16211,13411,14243,13203,13883,11587,12635,9891,12347,9011,10083,8667,8947,8419,8475,8091,6907,7899,6075,7715,5635,6299,5419,5419,3851,4675,3083,3867,2315,2795,2051,2659,1619,2251,868,2115,328,1796,0}"
13135,OBtGxRtq,black,Drac25,pawned8,win,resign,1062,1136,-74,standard,blitz,blitz,300,0,5+0,lichess.org,9.0,0.49,51.0,,16/07/25 03:15,2025-07-16 06:22:27.468+00,421.575,D11,Slav Defense: Modern Line,Slav Defense,5,7,10255,5.64,,,,,-7,8676,5.92,,,,,72,36,d4 d5 c4 c6 Nf3 Bg4 Nc3 Nf6 Bg5 Nbd7 e3 h6 Bxf6 Nxf6 Bd3 e6 O-O dxc4 Bxc4 Bb4 Qd2 Bxc3 Qxc3 O-O Ne5 Ne4 Qe1 Nd6 Bd3 Bf5 Qb1 b5 b3 Rc8 Bxf5 Nxf5 Qe4 c5 Rac1 c4 bxc4 Nd6 c5 Nxe4 c6 Nd6 c7 Qe7 Nd3 Rxc7 Rxc7 Qxc7 Ne5 Qc2 a3 Qe4 Nd7 Rd8 Ne5 Nc4 Nxc4 bxc4 a4 Rb8 Rc1 Rb1 Rf1 Rxf1+ Kxf1 Qb1+ Ke2 Qa2+,"{30003,30003,30003,29291,29931,28947,29619,28539,29539,28155,29371,27731,29235,27523,29195,26843,28979,26251,28819,25427,28619,25211,28427,25035,26811,24123,25595,22867,24499,22139,23555,19707,23107,18107,22899,17763,21627,17299,21123,16907,20867,15691,20715,15515,19923,14731,19019,14395,18083,14187,17963,14051,17963,13667,17739,12867,15923,12387,15787,12107,10811,11899,10355,11331,10059,11075,9683,10819,9587,10347,9499,10255,8676}"
13136,mdP3EMWG,black,Drac25,DonSthepen,win,resign,1056,1039,17,standard,blitz,blitz,300,0,5+0,lichess.org,21.0,-1.38,38.0,,16/07/25 03:11,2025-07-16 06:15:15.797+00,245.791,A45,Queen's Pawn Game: Chigorin Variation,Queen's Pawn Game,4,6,20624,5.21,,,,,-6,16123,7.31,,,,,38,19,Nc3 Nf6 d4 d5 Nf3 h6 Ne5 Nbd7 e3 Nxe5 dxe5 Ne4 Bb5+ c6 Ba4 b5 Bb3 Bf5 a4 a6 axb5 axb5 Rxa8 Qxa8 O-O Nxc3 bxc3 e6 c4 bxc4 c3 cxb3 Qxb3 Be7 Qb5 O-O Qxc6 Qxc6,"{30003,30003,29011,29907,28491,29715,27843,28779,27419,28555,27219,28467,23867,27515,23675,27011,23419,25779,22635,24875,22363,24171,21851,24027,21355,23363,21059,23067,19147,22643,17963,22123,17963,21635,16771,20795,16611,20624,16123}"
13137,VK9q7RSA,white,Drac25,joo63,win,resign,1052,999,53,standard,blitz,blitz,300,0,5+0,lichess.org,20.0,2.45,28.0,,16/07/25 03:08,2025-07-16 06:10:59.502+00,122.3,B01,Scandinavian Defense: Valencian Variation,Scandinavian Defense,6,4,23780,2.96,,,,,-5,24994,2.39,,,,,43,22,e4 d5 exd5 Qxd5 Nc3 Qd8 d4 f6 Bf4 Be6 Bd3 Nc6 Nf3 Bd5 Be4 Bxe4 Nxe4 e5 dxe5 Qxd1+ Rxd1 fxe5 Bxe5 Nxe5 Nxe5 Bd6 Nxd6+ cxd6 Rxd6 Rd8 Rxd8+ Kxd8 Nf7+ Ke7 Nxh8 Nh6 O-O Nf7 Nxf7 Kxf7 Rd1 b5 Rd7+,"{30003,30003,29779,30003,29723,29955,29339,29907,29091,29651,28795,29387,28627,28971,28235,28819,28107,28451,27811,28395,27595,28251,26283,26747,26043,26691,25843,26507,25027,26291,24763,26171,24539,25995,24539,25779,24275,25219,24083,25171,23907,25059,23780,24994}"
13138,1YVFSAWv,black,Drac25,WeeFlyMan,win,outoftime,1046,1061,-15,standard,blitz,blitz,300,0,5+0,lichess.org,27.0,-4.01,48.0,,16/07/25 02:58,2025-07-16 06:08:43.683+00,611.836,C60,Ruy Lopez,Ruy Lopez,5,6,974,6.31,,,,,-6,0,6.38,,,,,94,47,e4 e5 Nf3 Nc6 Bb5 h6 Bxc6 bxc6 d3 Bb7 Nxe5 d6 Nc4 d5 exd5 cxd5 Ne5 Bd6 Qe2 Qf6 Ng4+ Qe7 Be3 O-O-O O-O d4 Nd2 dxe3 Nxe3 Nf6 Ndc4 Bc5 Rfe1 Ng4 Qxg4+ Kb8 Nf5 Qg5 Qxg5 hxg5 Nxg7 Ba6 Na5 Bd6 Nc6+ Kc8 Nxd8 Kxd8 Re8+ Rxe8 Nxe8 Kxe8 Re1+ Kf8 g3 Bb4 c3 Bc5 d4 Bb6 b4 Bd3 Re3 Bc4 a4 a6 a5 Ba7 Re5 f6 Re6 Kf7 Rc6 Bb8 Rxc4 Ke6 h4 gxh4 gxh4 Kd6 Rc6+ Kxc6 d5+ Kxd5 f4 c6 f5 Bf4 Kf2 Ke5 Kf3 Kxf5 h5 Kg5,"{30003,30003,29875,29939,29723,29883,29539,29547,29387,29483,29219,28155,28635,27363,28443,27275,26763,26315,25955,23915,25203,23531,23683,22379,22915,22027,17179,21275,16707,20027,15555,19491,14795,16259,14467,15603,13227,14507,12067,14347,10787,12171,7507,11091,7211,10187,7067,10043,6843,8211,6051,8091,5923,7875,5323,7195,4835,6571,4491,6147,3675,5883,2931,5563,1731,5219,1403,4883,923,4427,767,4267,638,3811,540,2971,540,2779,441,2363,441,2187,357,2051,231,1923,140,1795,140,1619,100,1475,27,974,0}"
13139,pGJAzimH,black,Drac25,khalid-2002_2,win,mate,1039,1102,-63,standard,blitz,blitz,300,0,5+0,lichess.org,20.0,1.6,36.0,,16/07/25 02:54,2025-07-16 05:58:01.042+00,230.124,C20,King's Pawn Game: Leonardis Variation,King's Pawn Game,3,7,16315,6.22,,,,,-6,22245,3.53,,,,,46,23,e4 e5 d3 d5 exd5 Qxd5 Nc3 Qd8 Be2 Bb4 Nf3 Nf6 Nxe5 O-O Bg5 Bxc3+ bxc3 Nbd7 Nxd7 Bxd7 Bxf6 Qxf6 O-O Qxc3 Bf3 c6 d4 Rad8 d5 Bf5 Re1 Bxc2 Qc1 Rxd5 Bxd5 cxd5 Re7 h6 Rxb7 Rc8 Rxa7 Bg6 Rd7 Qxc1+ Rxc1 Rxc1#,"{30003,30003,29915,29667,29723,29091,29651,27171,29347,27091,29203,26691,28971,25579,28587,24875,28323,23723,28019,23563,27531,23387,27211,23227,27011,22971,26579,22115,26275,21571,24163,20675,23731,20027,23467,19731,23371,18075,23179,17899,22683,16955,22467,16403,22245,16315}"
13159,69RJiHoE,black,Drac25,Cacho6591,loss,outoftime,1008,963,45,standard,blitz,blitz,300,0,5+0,lichess.org,17.0,0.7,36.0,,15/07/25 00:41,2025-07-15 03:51:06.44+00,550.312,C50,Italian Game: Anti-Fried Liver Defense,Italian Game,6,-6,0,8.57,,,,,8,6964,6.58,,,,,71,36,e4 e5 Nf3 Nc6 Bc4 h6 Bb5 Bc5 Bxc6 dxc6 Nxe5 Qf6 Nf3 Bg4 O-O Bxf3 Qxf3 Qxf3 gxf3 Nf6 b3 Bd4 Nc3 Nh5 d3 Bxc3 Rb1 O-O-O Be3 Kb8 a4 g5 b4 Bd4 c4 Bxe3 fxe3 Rxd3 Rfe1 Rhd8 e5 Re8 f4 gxf4 exf4 Nxf4 Rf1 Ne2+ Kf2 Rxe5 Rfe1 Rf3+ Kxf3 Nd4+ Kg2 Rg5+ Kh3 Rh5+ Kg4 Rg5+ Kh3 b6 Re8+ Kb7 Re7 Rh5+ Kg2 Rg5+ Kh1 Nf3 h4,"{30003,30003,29787,29931,29387,29787,29163,29411,28779,29235,28595,27779,27691,27427,26195,27027,25507,26291,25315,24403,24531,23507,24019,22787,23147,22435,22563,21043,21531,20747,21187,20307,20379,19515,18315,18763,18027,18627,16987,17803,16259,15443,15931,14915,15211,14435,15043,14051,14403,13299,13827,6283,13515,5667,12603,5147,12051,4403,11859,3667,11123,2219,10179,1979,9915,1491,9587,911,8771,512,6964,0}"
13140,BiHf4y7B,white,Drac25,Mosavi_fateme,loss,outoftime,1043,1113,-70,standard,blitz,blitz,300,0,5+0,lichess.org,16.0,0.05,52.0,,16/07/25 02:43,2025-07-16 05:54:00.487+00,624.866,C20,King's Pawn Game: Wayward Queen Attack,King's Pawn Game,3,-4,0,4.62,,,,,4,924,4.54,,,,,130,65,e4 e5 Qh5 Qf6 Qf3 Bc5 Nc3 Nc6 Nd5 Qxf3 Nxf3 Bd6 Bb5 a6 Bxc6 bxc6 Nc3 c5 d3 Nf6 h3 h5 Bg5 c6 Bxf6 gxf6 a3 Bc7 Na4 d6 c4 Ba5+ Nd2 f5 Rd1 fxe4 dxe4 f5 O-O f4 f3 Be6 b3 Rd8 Rb1 Bxd2 b4 cxb4 axb4 Bxc4 Nb6 Bxf1 Kxf1 Rb8 Nc4 Be3 Nxd6+ Kd7 Nf5 Bd2 Rd1 Rxb4 Rxd2+ Ke6 Ng7+ Kf6 Nf5 Rb1+ Kf2 a5 g3 fxg3+ Kxg3 c5 Rd6+ Kf7 Kh4 Rb3 Rd7+ Ke6 Re7+ Kf6 Ra7 Rb5 Ra6+ Kf7 Nd6+ Ke7 Nxb5 c4 Nc3 Rc8 Rxa5 Rb8 Rxe5+ Kf6 Rxh5 Rb3 Nd5+ Ke6 Rh6+ Ke5 Rh5+ Kd4 f4 Rf3 f5 Kxe4 Nf6+ Ke3 Nd5+ Ke4 f6 c3 Kg4 Rf1 f7 Rxf7 Rh4 Kxd5 Kg5 c2 Kg6 Rf1 Rg4 c1=Q h4 Rf8 h5 Qc2+,"{30003,30003,29915,29755,28667,29459,28291,29275,28171,29011,27739,28563,27067,28115,26899,27963,25843,27563,25603,27203,25283,26923,25091,26683,24955,26523,23819,26155,23259,25883,22683,25347,21419,25083,21003,24691,20595,24531,19867,24147,19475,22043,18939,21075,15483,20115,15147,19571,15011,19187,14651,18923,14043,17723,13099,16939,12547,16451,12139,15619,11819,14035,11635,13939,10867,13683,10123,13251,9907,12475,9643,12211,9459,11891,8235,10787,7803,9363,7275,9107,6635,8595,5035,7515,4707,7179,4355,6715,4259,6347,4011,5563,3731,5059,3547,4891,3267,4707,3027,4515,2723,4339,2307,4163,2083,3579,1939,3387,1619,3083,1331,2907,978,2507,850,2315,529,2091,462,1907,462,1651,268,1491,149,1299,76,1067,31,924,0}"
13141,WQCnjKud,black,Drac25,Mosavi_fateme,win,resign,1036,1120,-84,standard,blitz,blitz,300,0,5+0,lichess.org,21.0,0.67,42.0,,16/07/25 02:36,2025-07-16 05:43:25.772+00,431.196,C50,Italian Game: Anti-Fried Liver Defense,Italian Game,6,7,8033,4.15,,,,,-7,11137,3.49,,,,,108,54,e4 e5 Nf3 Nc6 Bc4 h6 d3 Bc5 a3 d6 Nc3 Bg4 h3 Bh5 g4 Bg6 h4 f6 h5 Bf7 Bxf7+ Kxf7 Nd5 Nd4 Nxd4 exd4 b4 c6 bxc5 cxd5 exd5 dxc5 a4 Qxd5 f3 Re8+ Kf2 Ne7 Re1 Nc6 Rxe8 Rxe8 Bf4 g5 Bd2 Ne5 c4 Qd6 Qf1 b6 Re1 Nc6 Rxe8 Kxe8 Qe2+ Kf7 Qe4 Qh2+ Kf1 Qxd2 Qxc6 Qxd3+ Kg2 Qc2+ Kf1 Qxc4+ Kf2 d3 Qd7+ Kf8 Qd6+ Ke8 Qc6+ Ke7 Qe4+ Qxe4 fxe4 d2 Ke2 d1=Q+ Kxd1 Kd6 Kd2 Ke5 Kd3 f5 exf5 Kf4 Kc4 Kxg4 Kd5 Kxf5 a5 bxa5 Kxc5 a4 Kb4 a3 Kxa3 g4 Kb3 g3 Kc3 Kf4 Kd2 Kf3 Ke1 g2,"{30003,30003,29787,29939,29523,29763,29339,29675,29131,29227,28899,28987,28579,28547,28395,28427,28083,27699,27859,27531,27259,27403,27067,26579,26835,26099,26627,25227,26219,25099,26051,24875,25731,24707,25075,24051,24627,23051,24379,22435,24019,22347,23331,22075,23035,21795,22147,20155,20971,17331,20731,16867,20435,16675,20219,16571,19491,14067,18779,13747,18203,13347,18003,12875,17731,12763,17563,12251,16795,11971,15955,11795,14723,11027,14459,10259,14235,10259,14099,10259,14003,10011,13915,9971,13819,9859,13491,9195,12859,9019,12491,8907,12387,8747,12155,8691,12051,8691,11971,8539,11859,8355,11787,8355,11683,8259,11587,8033,11137}"
13142,0GF6P5J8,white,Drac25,Mosavi_fateme,loss,mate,1041,1115,-74,standard,blitz,blitz,300,0,5+0,lichess.org,14.0,-0.92,40.0,,16/07/25 02:27,2025-07-16 05:36:04.308+00,521.862,C20,King's Pawn Game: Wayward Queen Attack,King's Pawn Game,3,-5,2909,5.89,,,,,5,7563,4.88,,,,,94,47,e4 e5 Qh5 Qf6 Bc4 g6 Qf3 Nc6 c3 h5 d3 a6 Nh3 Qxf3 gxf3 Nf6 Bg5 Bg7 Bxf6 Bxf6 f4 b5 Bd5 Bb7 fxe5 Bxe5 d4 Bf6 Nd2 Ra7 Bxc6 Bxc6 d5 Bb7 Nf4 Be5 Nd3 d6 Nxe5 dxe5 Nf3 f6 O-O-O O-O Rhg1 g5 h4 g4 Nd2 c6 f3 cxd5 fxg4 hxg4 Rxg4+ Kh8 Rdg1 Bc6 Rg6 dxe4 Rh6+ Rh7 Rxh7+ Kxh7 Rg4 e3 Ne4 f5 Ng5+ Kh6 Rg1 f4 Kd1 f3 Ke1 f2+ Kf1 a5 Rg3 e2+ Kxe2 f1=Q+ Ke3 Qf2+ Kd3 Qf1+ Ke3 Qf4+ Ke2 Qxg3 Ne6 Qf2+ Kd3 Rf3#,"{30003,30003,29899,29739,29467,29427,29259,29107,28643,28619,27923,28315,26827,28003,26555,27755,26331,27491,25859,27195,24459,26603,23955,25995,23547,25411,23451,25019,21915,24795,21531,24579,21507,24379,21147,23539,20667,23187,20475,22939,20347,22723,19987,21851,19563,21483,19195,21323,18411,21011,17883,20739,17435,20363,17235,20083,16555,18603,16323,16227,15899,14931,14931,14771,14563,14563,14003,14115,12443,13347,11715,13075,10939,12803,10123,12507,9131,11659,7395,10667,7155,10411,6867,10107,6603,9675,5283,8923,3819,8723,3283,8211,2909,7563}"
13143,HnaiNbJT,white,Drac25,Mark8900,win,timeout,1035,1040,-5,standard,blitz,blitz,300,0,5+0,lichess.org,16.0,-0.33,,,16/07/25 02:22,2025-07-16 05:26:17.222+00,230.488,B20,Sicilian Defense,Sicilian Defense,2,6,18345,6.14,,,,,-22,14189,8.32,,,,,39,20,e4 c5 Qh5 Nf6 Qh4 Nc6 Bb5 e5 Bxc6 dxc6 d3 Bd6 Bg5 Be6 Bxf6 gxf6 Qh6 c4 Qg7 Ke7 Qh6 cxd3 cxd3 c5 Nf3 c4 O-O cxd3 Nc3 Bb4 Qh4 d2 Rad1 Bxc3 bxc3 Bxa2 Rxd2 Bc4 Rfd1,"{30003,30003,29843,29459,28883,29259,28491,29067,28315,27483,27579,25163,27131,24755,26963,24611,25867,24227,25507,23147,24851,22995,24139,22875,22811,22579,21579,21947,20363,21803,19891,21315,19411,20635,19283,20571,18907,19907,18345,14189}"
13144,3saIxppE,black,Drac25,AtrStr,win,mate,1030,1025,5,standard,blitz,blitz,300,0,5+0,lichess.org,22.0,-7.67,45.0,,15/07/25 23:22,2025-07-16 02:31:39.263+00,562.167,C44,Scotch Game,Scotch Game,6,5,3091,4.72,,,,,-5,3705,4.61,,,,,116,58,e4 e5 Nf3 Nc6 d4 exd4 Ng5 Be7 c3 Bxg5 Bxg5 Qxg5 cxd4 Qg6 Bd3 Qxg2 Kd2 Qxf2+ Kc1 Qe3+ Nd2 Qxd3 Rf1 f6 e5 Qxd4 exf6 Nxf6 Re1+ Ne7 Qe2 Qc5+ Kb1 Qf5+ Kc1 O-O Qxe7 d6 Rg1 g6 Re1 Re8 Qxe8+ Nxe8 Rxe8+ Kf7 Rd8 b6 Kd1 Bb7 Rxa8 Bxa8 Rc1 c5 a3 Bf3+ Nxf3 Qxf3+ Kc2 Qg2+ Kb1 Qxh2 Ka2 h5 Rc3 Ke7 a4 Kd7 Ka3 g5 b3 g4 Rc1 h4 b4 cxb4+ Kxb4 a5+ Kb5 Qe2+ Kxb6 Qe3+ Kxa5 Qxc1 Kb5 g3 a5 h3 a6 Qf1+ Kb6 Qxa6+ Kxa6 g2 Kb5 h2 Kc4 g1=Q Kd5 h1=R Ke4 Qe1+ Kd5 Qd1+ Ke4 Re1+ Kf4 Qd4+ Kf3 Qf6+ Kg2 Re8 Kg3 Rg8+ Kh3 Qh6#,"{30003,30003,29883,29955,29635,29323,29483,28099,26395,26939,26219,26755,25731,25211,25219,24659,24435,23211,23827,22059,23235,21579,21611,21067,19595,20819,19139,20659,18659,19987,17931,19555,17659,18155,17179,18043,16163,15291,15691,14747,13795,12435,11403,12195,11339,12139,10635,11715,10139,11219,9979,11091,9795,10907,9323,10507,9139,10363,8963,10131,8827,10131,8571,9795,8427,9491,7915,9267,7787,8851,7131,8371,6883,7683,6699,7307,6579,7211,6395,6907,6243,6675,6083,6611,5891,6427,5835,6035,5763,5683,5515,5403,5291,5323,5163,5275,5107,5123,5035,4931,4811,4811,4739,4275,4515,4011,4395,3779,4275,3515,3971,3259,3875,3203,3705,3091}"
13145,1XA2JCJO,white,Drac25,marcelino22,loss,outoftime,1035,1075,-40,standard,blitz,blitz,300,0,5+0,lichess.org,24.0,1.82,66.0,,15/07/25 23:13,2025-07-16 02:21:56.639+00,495.326,C20,King's Pawn Game: Wayward Queen Attack,King's Pawn Game,3,-5,0,9.09,,,,,5,13449,5.17,,,,,66,33,e4 e5 Qh5 d6 Bc4 Qe7 Nc3 c6 d3 h6 Be3 Nf6 Qd1 b5 Bb3 g5 d4 Bg7 d5 Bb7 dxc6 Bxc6 f3 Nbd7 Qe2 a6 a4 b4 Nd5 Bxd5 exd5 O-O Qc4 Rfc8 Qd3 a5 Ne2 Rab8 Ba7 Rb7 Be3 Nc5 Qd2 Nxb3 cxb3 Nd7 O-O f5 Bf2 f4 Qd3 Nf6 Qa6 Rc2 Nc1 e4 fxe4 Nxe4 Nd3 Ra7 Qb5 Bxb2 Bxa7 Bxa1 Rxa1 Qxa7+,"{30003,30003,29947,29635,29819,29203,29115,29059,28747,28851,25827,28683,25579,28451,25099,28243,24483,27643,24043,26899,23539,26579,22875,25723,22427,25419,21611,24555,21475,24283,21259,23803,19771,23267,18075,23059,17235,22395,15507,22171,14619,21483,13355,21235,13107,20715,12555,20563,10803,20283,8291,19635,7603,17547,6275,15971,4107,15803,2955,14883,875,14283,216,13763,134,13449,0}"
13146,FCr0sMrj,black,Drac25,Keily10palencia,loss,outoftime,1039,1093,-54,standard,blitz,blitz,300,0,5+0,lichess.org,26.0,-7.43,38.0,,15/07/25 23:03,2025-07-16 02:13:30.006+00,601.275,C20,King's Pawn Game: Leonardis Variation,King's Pawn Game,3,-4,0,6.0,,,,,7,3901,5.22,,,,,101,51,e4 e5 d3 d5 exd5 Qxd5 Nc3 Qd8 Nf3 Nc6 Be2 Bb4 Bd2 Nh6 g3 Bc5 Nd5 Ng4 Bg5 f6 Be3 Bxe3 fxe3 Qxd5 Nd2 Qxh1+ Nf1 Nxe3 Qd2 Nxf1 Bxf1 Bh3 Qf2 Nd4 Rd1 Nxc2+ Qxc2 Qxf1+ Kd2 Qf2+ Kc1 Bg4 Qxf2 Bxd1 Kxd1 O-O-O Qxa7 Rxd3+ Kc2 Rhd8 Qa8+ Kd7 Qa4+ c6 Kxd3 Ke6+ Ke3 b5 Qa7 Rd7 Qa8 g5 Qg8+ Kf5 h3 e4 g4+ Ke5 b4 Rd3+ Ke2 Rxh3 Qe8+ Kf4 Qxc6 Re3+ Kd2 Rd3+ Ke2 Re3+ Kd1 Rg3 Qd6+ Kxg4 Qxf6 h5 Qe6+ Kh4 Qxe4+ Rg4 Qe1+ Rg3 Qh1+ Rh3 Qc6 Rd3+ Ke2 Rg3 Qxb5 g4 a4,"{30003,30003,29891,29459,29547,29195,29395,27955,29171,26707,28571,26403,28339,24491,27723,23651,26819,23219,24211,22595,22579,22067,22075,21667,21219,20723,20851,20443,20467,19915,20067,18387,19451,17827,18819,17323,17443,16027,17251,14963,16963,14491,16115,14315,15995,14027,15683,13795,15571,12531,14763,12427,14515,12235,14019,11787,13723,11283,13331,10595,12075,9699,11827,8899,10771,7723,10515,7179,8779,6987,8355,6659,7747,6411,7443,5235,6963,4603,6635,3907,6435,3387,6227,2459,6075,1907,5643,1347,5395,1211,5099,921,4963,784,4563,369,4307,136,4035,76,3901,0}"
13147,rVv4h7Zi,white,Drac25,ogeday_su,win,mate,1034,1046,-12,standard,blitz,blitz,300,0,5+0,lichess.org,,-3.12,,,15/07/25 23:00,2025-07-16 02:02:51.112+00,137.395,B01,Scandinavian Defense: Mieses-Kotroc Variation,Scandinavian Defense,4,5,21829,6.81,,,,,-6,25484,4.11,,,,,25,13,e4 d5 exd5 Qxd5 Nc3 Qe6+ Qe2 Qf6 Nh3 Nc6 g3 Nd4 Qc4 Nxc2+ Kd1 Nxa1 Nb5 c6 Nc7+ Kd7 Nxa8 b6 Qd3+ Ke8 Nc7#,"{30003,30003,29843,29891,29667,29763,28899,28819,27723,28339,26043,28187,24939,27763,24499,27451,24091,27059,23851,26827,23387,25915,22571,25484,21829}"
13148,BS2vxdUi,black,Drac25,leonioptrov,win,resign,1027,1072,-45,standard,blitz,blitz,300,0,5+0,lichess.org,22.0,-0.01,52.0,,15/07/25 20:27,2025-07-15 23:35:14.097+00,441.496,C46,Three Knights Opening,Three Knights Opening,5,7,5788,7.34,,,,,-6,14243,4.64,,,,,68,34,e4 e5 Nf3 Nc6 Nc3 Bc5 d3 d6 Be3 Nd4 Bxd4 exd4 Nd5 c6 Nf4 Bg4 h3 Bh5 g4 Bg6 Nxg6 hxg6 Bg2 f6 O-O Qd7 c3 O-O-O b4 Bb6 cxd4 d5 e5 fxe5 Nxe5 Qe6 f4 Ne7 Kh2 Rhf8 Qc1 Bc7 f5 Bxe5+ dxe5 Qxe5+ Qf4 Qc3 Qg5 Qxb4 Qxe7 Qxe7 fxg6 Rxf1 Rxf1 Qd6+ Kh1 Qxg6 d4 Qc2 Rf7 g5 Rg7 Qd1+ Kh2 Qxd4 Rxg5 Qf4+,"{30003,30003,29907,29843,29771,29363,29507,28531,29395,28219,29115,27843,28795,26827,28659,25355,28491,25099,28371,24683,28267,24299,28171,23523,28011,22835,27731,21283,27587,20859,27483,20459,26803,18387,26683,18259,25187,17411,24803,16027,23907,15579,22187,15099,22051,14931,21515,11491,19043,9379,18899,9195,18579,9059,18579,8835,18099,8683,17355,7827,16555,7595,15075,6379,14955,6011,14811,5788,14243}"
13149,oqvUH2qn,white,Drac25,leonioptrov,loss,resign,1032,1067,-35,standard,blitz,blitz,300,0,5+0,lichess.org,24.0,-0.94,,,15/07/25 20:22,2025-07-15 23:27:42.988+00,298.786,A00,Van't Kruijs Opening,Van't Kruijs Opening,1,-5,12815,7.47,,,,,5,21435,3.89,,,,,46,23,e3 e5 Qh5 Nc6 Bc4 g6 Qf3 Nf6 d4 e4 Qd1 d5 Bb5 Bg7 Nc3 a6 Bxc6+ bxc6 b3 Be6 Bb2 O-O f3 exf3 Nxf3 Bg4 h3 Bxf3 gxf3 Qd6 Qd3 Qg3+ Ke2 Qg2+ Kd1 Qxh1+ Kd2 Qg2+ Kd1 Qxf3+ Ne2 Bh6 Kd2 Ne4+ Ke1 Qh1+,"{30003,30003,29715,29627,29475,29443,29371,29211,29275,29027,28171,28899,26947,28651,26243,28011,26115,28011,24587,27715,23739,27491,22635,27163,22515,26907,22123,26803,21963,25835,21699,25379,19875,24379,18035,23939,17011,23515,16819,23379,16595,22531,14099,21803,13027,21435,12815}"
13150,R2FzuAeg,white,Drac25,Horymir20210312,loss,outoftime,1037,1070,-33,standard,blitz,blitz,300,0,5+0,lichess.org,29.0,-0.8,46.0,,15/07/25 20:04,2025-07-15 23:09:00.876+00,280.328,B01,Scandinavian Defense,Scandinavian Defense,2,-5,0,12.5,,,,,6,20562,4.1,,,,,48,24,e4 d5 Qh5 Nf6 Qf3 Nxe4 Bb5+ c6 Bd3 Ng5 Qh5 h6 Nf3 g6 Qh4 f5 Nxg5 e5 g3 Bg7 Nf3 g5 Qh5+ Kd7 Qf7+ Qe7 Qxe7+ Kxe7 Nc3 e4 Nxd5+ cxd5 Nxg5 hxg5 Bxe4 fxe4 f3 exf3 d3 Bg4 Bxg5+ Bf6 O-O Bxg5 Rxf3 Bxf3 Re1+ Kd6,"{30003,30003,29939,29699,29043,29579,28539,29411,28387,28731,27891,28323,26491,27475,25219,26931,24891,25819,19731,25411,18963,24419,18715,23867,17851,23283,17347,23187,16515,23091,14891,22859,14387,22515,14387,22355,14099,22027,13883,21883,13771,21667,13627,21507,13467,21347,13469,20562,0}"
13151,KvmVoBzO,black,Drac25,tunarice,win,outoftime,1032,1027,5,standard,blitz,blitz,300,0,5+0,lichess.org,20.0,4.1,47.0,,15/07/25 16:24,2025-07-15 19:34:19.085+00,608.95,C50,Italian Game: Anti-Fried Liver Defense,Italian Game,6,5,1489,6.07,1.0,1.0,3.0,84.0,-10,0,6.25,4.0,4.0,3.0,78.0,96,48,e4 e5 Nf3 Nc6 Bc4 h6 d4 exd4 Nxd4 Bc5 Bxf7+ Kxf7 Qh5+ g6 Qxc5 d6 Qc4+ Kg7 Nxc6 bxc6 Qd4+ Nf6 O-O Re8 Nc3 d5 exd5 cxd5 Nxd5 Qxd5 Qxd5 Nxd5 c4 Nb4 Bf4 Nd3 b3 c6 Be3 a6 Rad1 Nb2 Rd6 Bb7 Rb1 Red8 Rxd8 Rxd8 h3 Nd3 Rd1 Rd7 c5 Bc8 b4 Nxb4 Rxd7+ Bxd7 a4 Nd5 Bf4 Nxf4 a5 Nd3 g4 Nxc5 f4 Nb3 Kf2 Nxa5 Ke3 Nb3 Ke4 a5 Ke5 a4 f5 gxf5 gxf5 a3 f6+ Kf7 h4 a2 h5 a1=Q+ Kd6 Bh3 Kc7 Qxf6 Kb7 c5 Kc7 c4 Kb7 c3,"{30003,30003,29939,29851,29787,29739,29499,28651,29499,28139,28163,26915,27515,26443,26731,25355,25523,22963,25083,22763,23627,22523,22787,21115,22099,19147,20619,18467,20451,17515,18763,17363,18163,16491,17491,14987,16635,14299,15803,13755,14931,13251,13995,12171,13459,9635,12763,9011,11307,8715,10259,7227,6771,6779,6243,6459,4803,6275,4491,5843,3171,5619,3083,4355,2835,4203,2643,3939,2643,3851,2643,3147,2475,3067,2339,3011,2275,2859,2275,2691,1811,2571,580,2451,580,2171,573,1939,573,1747,324,1619,218,1555,114,1489,0}"
13152,6b9YHtQk,white,Drac25,Tondonia-60,win,resign,1025,1102,-77,standard,blitz,blitz,300,0,5+0,lichess.org,,0.25,,,15/07/25 16:20,2025-07-15 19:23:47.213+00,168.785,B01,Scandinavian Defense: Modern Variation,Scandinavian Defense,4,7,20625,10.42,,,,,-7,24192,6.46,,,,,19,10,e4 d5 exd5 Nf6 Nc3 Nxd5 Bc4 Nxc3 Qh5 e6 dxc3 Nd7 Nf3 Nf6 Qb5+ c6 Qg5 Bc5 Qxc5,"{30003,30003,29707,29803,29363,29539,27979,29315,27787,27955,26899,26435,24691,26043,23203,25579,21171,24579,20625,24192}"
13160,cyh07VVO,white,Drac25,JCCS4,win,mate,1003,983,20,standard,blitz,blitz,300,0,5+0,lichess.org,18.0,2.59,36.0,,15/07/25 00:31,2025-07-15 03:38:49.476+00,417.916,C00,French Defense: King's Indian Attack,French Defense,3,5,5620,5.67,,,,,-5,15129,3.54,,,,,87,44,e4 e6 d3 d6 d4 Nc6 Bb5 Bd7 d5 Ne5 Bxd7+ Nxd7 dxe6 fxe6 Nf3 Ne5 Nxe5 dxe5 Qxd8+ Rxd8 O-O Nf6 f3 Nh5 Bg5 Rc8 Nd2 Bc5+ Kh1 O-O Nc4 Rfe8 Nxe5 Be7 Bxe7 Rxe7 g3 Nf6 c4 Nd7 f4 Nxe5 fxe5 Ree8 a4 Rf8 Kg2 Rxf1 Rxf1 Rd8 b4 Rd4 Kf3 Rxc4 Rd1 Rxb4 Rd7 c5 Kg4 Kf8 Rd6 Kf7 Rd7+ Kf8 a5 Rxe4+ Kf3 Rxe5 h4 c4 Rxb7 Rxa5 Rb8+ Kf7 Rb7+ Kf6 g4 c3 g5+ Kf5 Rf7+ Kg6 Rf8 c2 Kg4 c1=Q h5#,"{30003,30003,29539,30003,29339,29907,28891,29659,28387,29475,28115,29027,27635,28875,25571,28667,25251,28563,25099,28339,25035,28163,24747,27579,24179,26819,23099,26715,22755,26059,21819,25603,21195,24355,19531,23347,18603,22835,17667,22755,16819,22467,16675,22195,15987,22107,15467,21859,15291,21339,14987,21195,13931,21003,13603,20627,13283,20243,12099,20051,11555,19299,11339,18875,9915,18627,9587,18371,9523,18051,9363,17547,9203,17291,8987,17003,8267,16571,7763,15851,7531,15571,6187,15363,5779,15129,5620}"
13153,z8zhpH2y,white,Drac25,francoismortier,win,outoftime,1019,1014,5,standard,blitz,blitz,300,0,5+0,lichess.org,15.0,1.15,30.0,,15/07/25 16:11,2025-07-15 19:20:48.104+00,582.912,C20,King's Pawn Game: Wayward Queen Attack,King's Pawn Game,3,6,4351,5.03,,,,,-6,0,5.88,,,,,103,52,e4 e5 Qh5 Nc6 Bc4 Qf6 d3 g6 Qf3 Qxf3 Nxf3 Bc5 Bg5 Be7 Nc3 Bxg5 Nxg5 a6 Nxf7 Nh6 Nxh6 Rf8 O-O b5 Bd5 Rb8 Bxc6 dxc6 Ng4 Bxg4 f3 Be6 Ne2 c5 c3 c4 d4 exd4 Nxd4 Bd7 e5 Ke7 Rae1 Rb6 f4 Be6 Nxe6 Kxe6 f5+ gxf5 Rf3 b4 g4 bxc3 gxf5+ Kd5 bxc3 Rb2 a4 Rg8+ Kf1 Rxh2 e6 Rh1+ Kf2 Rxe1 Kxe1 Ke5 e7 Re8 f6 Ke6 f7 Rxe7 f8=Q Kd7+ Kf2 Re8 Qf7+ Re7 Qxc4 Re6 Rf7+ Kd6 Qxc7+ Kd5 Rd7+ Ke4 Re7 Rxe7 Qxe7+ Kd3 Qg7 a5 Qd4+ Kc2 Ke2 Kb3 c4 Kxa4 c5+ Kb5 Qd5,"{30003,30003,29931,29715,29795,29555,28619,29323,28387,29179,28259,28763,27979,27803,26875,27667,26755,25947,26611,24867,25675,24755,24091,24459,23875,23611,23571,23419,23187,22835,22379,22635,21603,22131,20939,21811,20787,21603,20619,21083,19971,19427,19435,18115,18115,16851,16011,15819,15875,15611,14875,14099,13619,12803,13131,11699,12771,10643,11947,8699,11587,7483,10315,7331,10043,7203,9939,7147,9291,6883,8995,5115,8347,4363,8067,4043,7811,3403,7403,3283,7203,2747,6731,2403,6499,2227,6275,2059,5979,1443,5851,1347,5763,840,5515,689,5123,459,4947,240,4827,110,4351,0}"
13154,FfLs2adB,black,Drac25,JuanPa_1,win,timeout,1013,1030,-17,standard,blitz,blitz,300,0,5+0,lichess.org,19.0,2.13,30.0,,15/07/25 01:28,2025-07-15 04:35:49.669+00,442.382,C64,Ruy Lopez: Classical Variation,Ruy Lopez,6,6,7077,6.74,,,,,-9,4379,7.32,,,,,70,35,e4 e5 Nf3 Nc6 Bb5 Bc5 Bxc6 bxc6 O-O Bb7 d4 exd4 Nxd4 Nf6 Nc3 Bb4 Qf3 Bxc3 Qxc3 Nxe4 Re1 O-O Rxe4 c5 Rg4 Qf6 Nf3 Bxf3 Qxf6 Bxg4 Qh4 Rae8 h3 Bf5 Qg3 h6 Bxh6 Bg6 Bd2 Re2 Qc3 d6 Kf1 Rfe8 Re1 Rxe1+ Bxe1 Re5 f4 Rf5 Qe3 Rd5 Qe8+ Kh7 c4 Rd1 Qa4 Rb1 Qxa7 Bd3+ Kf2 Rxb2+ Ke3 Bxc4 Qxc7 Re2+ Kf3 Rxe1 Qxf7 Rf1+,"{30003,30003,29947,29947,29875,29579,29747,29283,29667,29059,29523,28611,29395,28123,28795,27859,27579,26523,27419,26027,27275,25611,27123,25395,25971,23483,24499,22875,23915,19755,23027,19387,22595,18283,21979,17611,21691,16675,20867,16483,19771,14915,18931,14051,18555,13595,18451,12667,17987,11859,17067,11243,16411,11171,15395,10875,14307,9427,13499,9219,13123,9011,12595,8371,11787,8195,11275,8067,10907,7077,4379}"
13155,R03dxlw8,white,Drac25,Maverick1992,win,resign,1007,1028,-21,standard,blitz,blitz,300,0,5+0,lichess.org,14.0,2.42,51.0,,15/07/25 01:21,2025-07-15 04:27:55.629+00,363.073,C20,King's Pawn Game: Wayward Queen Attack,King's Pawn Game,3,6,12981,5.32,,,,,-6,15000,4.69,,,,,65,33,e4 e5 Qh5 Qf6 d3 g6 Qf3 Qxf3 Nxf3 h6 Nxe5 Nc6 Nxc6 dxc6 Bf4 Bd6 Be3 g5 Nc3 Bb4 Bd4 Rh7 a3 Bxc3+ Bxc3 Bd7 d4 O-O-O e5 f6 Bd2 fxe5 dxe5 Re8 Bc3 Kb8 Bd3 Rhe7 O-O Be6 b3 Rd8 Bb4 Rf7 Rad1 Rd5 Bc4 Rxe5 Bxe6 b6 Bxf7 Nf6 Bc3 Ra5 Bxf6 Rxa3 Bh5 Kb7 Bf3 Ra2 c4 a5 Ra1 Rd2 Bc3,"{30003,30003,29907,29731,29547,29587,28875,29427,28747,28795,28315,28419,28107,28315,27787,27899,26059,27707,25747,27419,25379,27171,25243,27043,25147,26691,24835,26467,24083,26163,23355,25915,23091,25723,21579,25307,21419,24995,21179,24467,20923,22707,20291,22179,19267,21563,18907,20947,18331,19675,16891,19019,16035,18587,15803,18483,14779,18267,14363,17859,13803,16987,13563,15923,12981,15000}"
13156,HTCL2Ohn,black,Drac25,Rognar12,win,mate,1001,1010,-9,standard,blitz,blitz,300,0,5+0,lichess.org,15.0,-0.3,52.0,,15/07/25 01:12,2025-07-15 04:21:39.829+00,561.929,C45,Scotch Game: Schmidt Variation,Scotch Game,8,6,2220,4.41,,,,,-8,5773,3.85,,,,,128,64,e4 e5 Nf3 Nc6 d4 exd4 Nxd4 Nf6 Nc3 Bb4 Bc4 Bxc3+ bxc3 Nxd4 cxd4 Nxe4 O-O d5 Bb3 Be6 Re1 Nc3 Qf3 O-O Qxc3 c6 Bd2 a5 a4 Bd7 Qc5 b6 Qd6 Be6 Qxd8 Raxd8 Bf4 Rfe8 Bc7 Rd7 Bxb6 Rb7 Bxa5 c5 dxc5 Ra7 Bc3 Kf8 Kf1 d4 Bxd4 Bxb3 cxb3 Rd7 Red1 Red8 c6 Rxd4 Rxd4 Rxd4 Rc1 Ke7 c7 Kd7 c8=Q+ Ke7 Qc5+ Rd6 Qd4 Rxd4 Rd1 Rxd1+ Ke2 Rb1 a5 Rxb3 a6 Ra3 a7 Rxa7 f3 Ra6 Ke3 Re6+ Kf4 Rf6+ Kg4 Rg6+ Kf4 h5 g4 hxg4 fxg4 Ke6 h4 Rf6+ Kg5 g6 h5 gxh5 gxh5 Rf5+ Kg4 f6 h6 Rg5+ Kh4 Kf7 h7 Kg7 h8=Q+ Kxh8 Kh3 Kg7 Kh4 Kg6 Kh3 f5 Kh4 f4 Kh3 f3 Kh4 f2 Kh3 f1=R Kh4 Rh1#,"{30003,30003,29899,29907,29843,29355,29843,29035,29331,28251,28395,27779,27915,27667,27739,27323,27467,25435,25115,25091,24803,24539,23267,23891,23059,21819,22179,21403,21019,19923,20803,19315,19163,17003,18955,16763,17643,15763,17419,15483,17283,14187,17091,13451,16779,10859,15875,10675,14267,9675,14051,9547,13883,9275,13683,8867,11651,8659,11507,8507,11395,7675,11299,7619,11203,7155,11011,6915,11011,6755,10939,6595,10771,6507,10523,6427,10459,6371,10411,6275,9947,6227,9715,6155,9611,6011,9419,5955,9323,5675,9099,5499,9027,5155,8643,4835,8467,4451,8179,4259,8131,3739,7819,3563,7635,3491,7411,2987,6859,2859,6707,2803,6571,2739,6459,2723,6371,2643,6307,2595,6203,2595,6099,2555,5963,2379,5773,2220}"
13157,sfqeCikk,white,Drac25,swatantrapandey964,win,outoftime,996,964,32,standard,blitz,blitz,300,0,5+0,lichess.org,24.0,4.69,46.0,,15/07/25 01:01,2025-07-15 04:11:58.112+00,631.692,C20,King's Pawn Game: Wayward Queen Attack,King's Pawn Game,3,5,111,7.12,,,,,-5,0,7.14,,,,,85,43,e4 e5 Qh5 g6 Qxe5+ Be7 Qxh8 Kf8 Bc4 Bf6 Qxh7 Bg7 d3 d6 h3 Nf6 Qh4 Qe8 Bh6 d5 Bxg7+ Kxg7 Bxd5 Nxd5 Qg5 Nb4 Qc5 N8a6 Qc3+ Kg8 a3 Nc6 Ne2 Ne5 Nd2 Be6 O-O-O Qe7 Qxe5 Nc5 b3 Nd7 Nd4 Nxe5 Nxe6 Qxe6 f4 Nc6 Rhe1 Na5 f5 Qe7 fxg6 fxg6 Nf3 Qxa3+ Kd2 Qb4+ Ke2 Rf8 Ne5 Nc6 Nxg6 Kg7 Nxf8 Kxf8 Rf1+ Ke7 h4 Kd6 Rf6+ Ke5 Rf5+ Ke6 Ke3 Kd7 Rf7+ Ne7 Rh7 Qc5+ d4 Qb4 Rd3 Qc3 Rxc3,"{30003,30003,29955,29803,29763,29043,29683,26987,29323,26747,29187,25019,27779,24171,25299,22499,24339,19051,23827,15939,23203,15699,21883,15243,18899,14275,16587,13691,15779,12443,14523,10555,14203,9987,12875,8091,11571,6347,10947,5315,9427,4339,8979,4003,8347,3867,7947,3307,7571,3187,6987,3115,6459,2971,5355,2867,5123,2611,4603,2315,3635,2259,3427,1995,3211,1795,3163,1491,2435,1435,2155,1227,1915,1059,1795,849,1603,787,870,667,699,254,538,215,111,0}"
13158,GtGDswyU,black,Drac25,SrViadana,loss,outoftime,1002,997,5,standard,blitz,blitz,300,0,5+0,lichess.org,21.0,0.95,48.0,,15/07/25 00:51,2025-07-15 04:01:05.969+00,582.706,C50,Italian Game: Anti-Fried Liver Defense,Italian Game,6,-6,0,5.88,,,,,6,5047,4.89,,,,,103,52,e4 e5 Nf3 Nc6 Bc4 h6 c3 Bc5 Qb3 Qf6 O-O d6 d4 exd4 cxd4 Nxd4 Nxd4 Bxd4 Nd2 Be6 Qxb7 Qd8 Bxe6 fxe6 Nf3 Bf6 Bf4 e5 Bg3 Ne7 Rad1 Kf7 Qb3+ Kg6 Nh4+ Bxh4 Bxh4 Qg8 Qg3+ Kf7 Qg4 Ng6 Qd7+ Kf8 Qf5+ Qf7 Qxf7+ Kxf7 Bg3 Rab8 b3 Rb4 f4 Rxe4 f5 Ne7 Rc1 c5 a3 Kg8 f6 gxf6 Rxf6 Kg7 Rxd6 Nf5 Rd7+ Kg6 Rxa7 Nxg3 hxg3 Re3 Rxc5 Rxb3 Kh2 Kf5 a4 Rg8 Rf7+ Ke6 Rh7 Rbxg3 Rxh6+ Kf5 Rh5+ Ke4 Rhxe5+ Kd4 Rcd5+ Kc4 a5 Rxg2+ Kh3 Rg1 Kh2 R1g7 Rc5+ Kb4 Rb5+ Kc4 Rec5+ Kd4 Rd5+,"{30003,30003,29699,29907,28859,29659,28563,29179,28387,27539,27723,27387,27123,26059,27123,25475,26811,25059,25259,24411,24443,22683,23619,22523,23251,22043,22515,21835,22107,21499,21139,20411,20483,18763,19971,18515,19571,17051,19347,16411,17923,15411,17395,14779,16763,14547,16219,14395,16131,13123,15931,12875,15179,12011,14595,11419,14411,10563,13771,9259,13003,8699,12859,7739,12651,7443,12483,6931,12283,6723,11987,6075,11459,4883,10939,4339,10243,3955,9571,3275,9243,2595,8843,2163,8531,2035,7907,1595,7259,1403,7083,1211,6867,940,6027,453,5531,249,5283,157,5155,58,5047,0}"
13162,GLzCulqb,black,Drac25,armic0011,loss,outoftime,1001,1099,-98,standard,blitz,blitz,300,0,5+0,lichess.org,28.0,6.75,65.0,,15/07/25 00:10,2025-07-15 03:19:05.852+00,518.157,C50,Italian Game: Anti-Fried Liver Defense,Italian Game,6,-4,0,8.82,,,,,5,8405,6.35,,,,,69,35,e4 e5 Nf3 Nc6 Bc4 h6 O-O Bc5 Nc3 Nf6 a3 d6 b4 Nd4 bxc5 Nxf3+ Qxf3 d5 exd5 Bg4 Qe3 Nxd5 Qxe5+ Ne7 Qxg7 Rg8 Qxf7+ Kd7 Be6+ Kc6 Qxg8 Nxg8 Bxg4 Nf6 Bf3+ Kxc5 d3 Qh8 Be3+ Kd6 Bf4+ Kc5 Na4+ Kb5 c4+ Kxa4 Bd1+ Ka5 Bxc7+ Ka6 Rb1 b6 Re1 Rc8 Be5 Qf8 c5 Rxc5 d4 Rd5 Be2+ Kb7 Bf3 Qe7 Bxd5+ Nxd5 Bf4 Qxa3 Bc1,"{30003,30003,29731,29883,29363,29491,28955,29203,28195,28643,27939,28307,27611,27787,26499,26707,26211,26587,25515,26243,24355,25547,23955,25227,23179,21595,22899,20051,22027,18907,19595,17187,19387,16491,18819,16331,17667,15139,17467,14115,16651,12683,16267,11843,15683,11675,15075,11115,14923,10187,14139,9707,13627,8387,13443,6691,12795,6347,12339,4707,11707,4435,11547,2483,11275,2179,9787,2181,8405,0}"
13163,xS6GZ4Kh,black,Drac25,Zoya160923,win,resign,994,1115,-121,standard,blitz,blitz,300,0,5+0,lichess.org,,-0.91,,,15/07/25 00:06,2025-07-15 03:09:51.047+00,205.261,A40,Englund Gambit Declined: Reversed French,Englund Gambit Declined,3,7,16805,12.0,,,,,-7,22670,6.11,,,,,24,12,e3 e5 d4 e4 Nc3 d5 Qh5 Nf6 Qe5+ Qe7 Bb5+ Bd7 Bxd7+ Nbxd7 Qg5 h6 Qf5 g6 Qf4 c6 Qc7 Nb6 Qxb7 Qxb7,"{30003,30003,29899,27507,29491,27323,29123,26627,28755,24387,27331,23587,26235,23355,25819,22003,25635,20299,25435,18347,25059,16979,24715,16805,22670}"
13164,VDm7mXOO,white,Drac25,Goated_Y,win,resign,988,991,-3,standard,blitz,blitz,300,0,5+0,lichess.org,26.0,1.85,,,14/07/25 23:00,2025-07-15 02:05:50.244+00,347.132,C20,King's Pawn Game: Wayward Queen Attack,King's Pawn Game,3,6,10779,8.74,,,,,-13,16037,6.35,,,,,45,23,e4 e5 Qh5 Nc6 Bc4 d5 exd5 Nf6 Qf3 Nd4 Qd3 Bc5 Nf3 Nxf3+ Qxf3 O-O Nc3 Bg4 Qg3 Re8 O-O c6 dxc6 bxc6 d3 Qd7 Bg5 Nh5 Qh4 h6 Be3 Nf6 Bxc5 e4 h3 exd3 hxg4 dxc2 Rac1 Re2 Nxe2 Qd2 Be3 Qxe2 Bxe2,"{30003,30003,29939,29211,29851,28771,29619,27563,27987,27323,26587,26627,25211,26043,24947,25715,23067,24803,22483,24379,21387,23371,18795,23371,18107,22435,17835,21595,16387,21379,15803,21219,15355,19875,14883,18691,13267,18563,12723,17091,12347,16947,10955,16275,10779,16037}"
13165,KOFNfPhs,white,Drac25,moradji,loss,resign,994,954,40,standard,blitz,blitz,300,0,5+0,lichess.org,25.0,-6.75,,,14/07/25 22:55,2025-07-15 01:59:36.327+00,251.39,B20,Sicilian Defense,Sicilian Defense,2,-6,11130,10.48,,,,,6,24355,3.32,,,,,36,18,e4 c5 Qh5 Nf6 Qxc5 Nxe4 Qd4 d5 d3 Nc6 Qe3 Nd6 Nc3 d4 Qf3 dxc3 bxc3 e5 Nh3 Be7 Bg5 O-O Qg3 Nf5 Bxe7 Nfxe7 d4 exd4 Bb5 a6 Bxc6 Nxc6 cxd4 Nxd4 O-O Ne2+,"{30003,30003,29883,29851,29339,29587,28203,28939,27363,28867,26363,27987,25155,27843,19931,27555,19859,26683,18939,26603,18603,26267,16835,25851,16243,25379,15419,25179,14731,24923,13011,24731,12243,24547,11843,24355,11130}"
13166,V816lbsl,black,Drac25,Fabianachess,win,outoftime,989,953,36,standard,blitz,blitz,300,0,5+0,lichess.org,22.0,-1.62,32.0,,14/07/25 22:45,2025-07-15 01:55:12.712+00,592.739,C50,Italian Game: Anti-Fried Liver Defense,Italian Game,6,5,4206,5.37,,,,,-5,0,6.12,,,,,98,49,e4 e5 Nf3 Nc6 Bc4 h6 O-O Bc5 Nc3 Nf6 d3 Nd4 Be3 d6 Nd5 Bg4 h3 Nxf3+ gxf3 Bh5 Bxc5 dxc5 Qd2 Nxd5 Bxd5 Qh4 Kh2 Bxf3 Qe3 Qf4+ Qxf4 exf4 Bxb7 Rb8 Bc6+ Ke7 b3 g5 Rae1 g4 hxg4 Bxg4 e5 Bf3 Rg1 Rbg8 Bxf3 Ke6 Rxg8 Rxg8 Rg1 Rg5 Rxg5 hxg5 Bg4+ Kxe5 f3 Kd4 a3 Kc3 a4 Kxc2 Kh3 Kxd3 Bd7 a5 Kg4 f6 Kf5 Kc3 Kxf6 Kxb3 Kxg5 c4 Bf5 Kxa4 Kxf4 c3 Kg3 c5 Bc2+ Kb4 f4 a4 f5 a3 Bb1 c2 Bxc2 a2 f6 a1=Q Kf4 Qxf6+ Bf5 c4 Ke3 c3,"{30003,30003,29875,29931,29499,29379,28923,28491,27635,28075,27411,27907,25675,27747,24139,27219,22243,26907,20907,25963,19115,25715,17859,24635,16971,23619,14963,21803,13435,17947,12451,17787,12371,16619,11683,15507,10091,15051,8179,14619,7971,13707,7347,13523,6307,12963,6075,10851,5787,10723,5787,10227,5635,10107,5363,9979,5147,9723,4683,9491,4283,9363,3899,9019,3475,8371,3315,8075,3219,7643,3099,7395,3099,7043,2523,6523,2443,6403,2339,6131,2123,6019,2083,5891,1771,5827,1427,5355,1307,5315,1139,4635,811,4499,434,4307,217,4206,0}"
13167,gnmaheub,white,Drac25,Athena19,loss,outoftime,994,1074,-80,standard,blitz,blitz,300,0,5+0,lichess.org,24.0,-0.06,54.0,,14/07/25 22:35,2025-07-15 01:44:55.442+00,547.372,C20,King's Pawn Game: Wayward Queen Attack,King's Pawn Game,3,-5,0,6.38,,,,,5,7857,4.81,,,,,94,47,e4 e5 Qh5 Nc6 Bc4 g6 Qf3 f5 exf5 Qe7 f6 Nxf6 d3 e4 dxe4 Qxe4+ Qxe4+ Nxe4 f3 Nc5 Be3 d6 Nc3 Bf5 O-O-O O-O-O Bb5 Nb4 a3 Nxc2 Bxc5 dxc5 Rxd8+ Kxd8 g4 Nd4 gxf5 gxf5 Nge2 Nxf3 Rf1 Nxh2 Rxf5 a6 Ba4 Bh6+ Kb1 Rg8 Ka2 Rg2 Rh5 Bd2 Rxh7 Bxc3 Rd7+ Kc8 Nxc3 b5 Bd1 Kxd7 Nd5 Rd2 Nf6+ Kd6 Ne4+ Kd5 Nxd2 c4 b3 cxb3+ Nxb3 c5 Na5 c4 Be2 Kd4 Kb2 c3+ Kc2 Ke3 Nc6 Kxe2 Kxc3 Nf3 Nd4+ Nxd4 Kxd4 Kd2 Kc5 Kc3 Kb6 Kc4 Kxa6 Kc5,"{30003,30003,29939,29835,29867,29707,29763,29571,28763,29395,25579,29043,25283,28811,24955,28411,24187,28283,22611,27851,21595,27651,20483,27427,20251,27051,19763,26411,19099,25971,18011,22139,17691,21915,16955,20667,16427,20467,13731,20083,13499,19515,13179,18963,12515,17803,11451,17547,9819,17259,8051,16371,7003,16115,6555,15691,5723,14899,5179,14139,3979,13603,3307,13443,3067,12755,3067,12587,2811,11947,2555,11795,2387,11627,2027,10747,1899,10507,1715,9803,1427,9643,1355,9435,1075,9019,962,8859,685,8563,109,8299,3,7857,0}"
13168,srnUj4Us,white,Drac25,Ari-L,win,mate,988,956,32,standard,blitz,blitz,300,0,5+0,lichess.org,20.0,3.94,53.0,,14/07/25 21:58,2025-07-15 01:06:26.626+00,464.164,B00,Carr Defense,Carr Defense,2,6,8742,6.25,,,,,-5,9012,6.36,,,,,69,35,e4 h6 Qh5 g5 Bc4 e6 e5 Nc6 c3 Nxe5 Na3 Qf6 d4 Nxc4 Nxc4 Bb4 a3 Bxc3+ bxc3 d5 Ne5 Bd7 Rb1 O-O-O Nxf7 Qe7 Nxh8 Nf6 Qf7 Rxh8 Qxe7 b6 Qxf6 Rd8 Ne2 Kb7 O-O Re8 Qxh6 Ba4 Bxg5 Bc2 Rb4 a6 Nf4 a5 Rb2 Ba4 Nxe6 b5 Nc5+ Kc8 Nxa4 bxa4 h3 Kd7 f3 c6 Rb7+ Kc8 Rfb1 c5 Rb8+ Kd7 Rxe8 Kxe8 Qh7 cxd4 Rb8#,"{30003,30003,29891,30003,29555,29659,29203,28651,28651,28451,28219,27643,26907,27003,26675,25571,25387,24307,25211,23595,24835,20715,23739,20187,22515,19123,21251,18843,19539,17163,19323,16571,18891,15835,18251,15715,16523,15155,15931,14843,15043,14107,14267,13707,13515,13227,13307,12699,13011,11451,12531,11003,12043,10843,11395,10731,10419,10507,9827,10315,9491,9523,9219,9315,9163,9155,8819,9012,8742}"
13169,DModGsov,black,Drac25,aslanqas0913,loss,resign,993,1042,-49,standard,blitz,blitz,300,0,5+0,lichess.org,17.0,3.45,51.0,,14/07/25 21:50,2025-07-15 00:58:29.099+00,456.883,C50,Italian Game: Anti-Fried Liver Defense,Italian Game,6,-5,4077,7.63,,,,,5,12771,5.07,,,,,69,35,e4 e5 Nf3 Nc6 Bc4 h6 O-O Bc5 Nc3 Nf6 d3 Nd4 Nxe5 d6 Nxf7 Qe7 Nxh8 Be6 Bxe6 Nxe6 Nb5 O-O-O Ng6 Qd7 e5 dxe5 c4 a6 Nc3 Nd4 Nxe5 Qe6 Nf3 Nxf3+ Qxf3 Rf8 Qd1 c6 Qe1 Qf5 Be3 Re8 Na4 Bxe3 fxe3 Qxd3 b3 Kb8 Nc5 Qxe3+ Qxe3 Rxe3 Rfe1 Rxe1+ Rxe1 Kc8 Re7 Kd8 Rxg7 Ng4 Rxg4 h5 Rh4 Kc7 Ne6+ Kb6 Rxh5 a5 g4,"{30003,30003,29931,29907,29867,29803,29715,29315,28755,28387,28539,27899,27891,26435,27683,25955,27379,25891,27139,25379,26691,24915,26043,24659,25315,23427,24267,22795,23827,21339,22595,20851,22139,20003,21659,19579,20355,18819,19963,17843,18603,16155,18011,14963,17635,14675,16307,11723,15731,10979,15571,10891,14179,9027,13971,7731,13587,6467,13427,5427,13219,5243,13075,5243,12931,5243,12859,4371,12771,4077}"
13173,IGnpLsuW,white,Drac25,cassinhavs,loss,outoftime,980,950,30,standard,blitz,blitz,300,0,5+0,lichess.org,22.0,-3.63,54.0,,14/07/25 21:30,2025-07-15 00:41:14.554+00,634.824,C20,King's Pawn Game: Wayward Queen Attack,King's Pawn Game,3,-6,0,8.11,,,,,7,2642,7.6,,,,,74,37,e4 e5 Qh5 Qe7 Bc4 g6 Qf3 b6 Nc3 Bb7 Nh3 Nc6 Ng5 O-O-O Nd5 Qxg5 d3 Qh5 Qxf7 Nd4 O-O Nxc2 Rb1 Nh6 Qf6 Nd4 Ne7+ Bxe7 Qxe7 Ng4 h3 Rde8 Qa3 Nc2 Qxa7 c6 Ba6 Bxa6 Qxa6+ Kc7 Be3 Ngxe3 fxe3 Nxe3 Qa7+ Kd6 Rfe1 Nc2 Rec1 Qe2 Qxb6 Rhf8 Rf1 Rxf1+ Rxf1 Ne3 Qb4+ Ke6 Qb3+ Ke7 Qb4+ Kd8 Qb8+ Ke7 Qxe5+ Kd8 Qf6+ Kc8 Qf2 Qxf2+ Rxf2 h5 Kh2 Nxg2,"{30003,30003,29579,29539,28635,28883,27043,26499,26875,26123,26531,25707,25539,22667,24691,22387,24139,20803,21043,17523,19787,17259,19107,15763,15619,14979,14899,14747,14723,13819,12899,12243,12179,11787,11619,10907,10963,10499,10531,10339,9579,10107,9427,9715,7723,9099,6459,6555,5403,5435,3499,5323,2539,5099,2371,4771,1827,4523,1403,4187,1051,4091,840,3963,560,3715,410,3515,250,3275,122,2827,36,2642,0}"
13174,9EEqUCHf,black,Drac25,Bartez87,win,timeout,973,1051,-78,standard,blitz,blitz,300,0,5+0,lichess.org,19.0,-0.79,38.0,,14/07/25 20:46,2025-07-14 23:50:51.351+00,243.04,C46,Three Knights Opening,Three Knights Opening,5,7,15394,7.69,,,,,-7,20041,4.98,,,,,40,20,e4 e5 Nc3 Nc6 Nf3 d5 Nxd5 Nf6 Nxf6+ Qxf6 d4 exd4 Nxd4 Nxd4 Bc4 Bc5 Be3 Nxc2+ Qxc2 Bxe3 fxe3 Qh4+ g3 Qxe4 b3 Qxc2 O-O Bh3 Rf2 Qe4 Bxf7+ Ke7 Rc1 Rhf8 Rxc7+ Kd6 Rd2+ Kxc7 Bc4 Rad8,"{30003,30003,29939,29851,29883,29307,29475,28915,29107,28723,28571,28243,28459,28115,27915,27739,26651,22859,25811,21235,25635,21115,25507,20755,25243,20611,24643,20043,24515,19251,24107,18251,23827,17243,23539,16819,22075,16571,21947,15394,20041}"
13175,6UmYkr9c,white,Drac25,mstylmzz,win,mate,968,942,26,standard,blitz,blitz,300,0,5+0,lichess.org,,,,,14/07/25 20:45,2025-07-14 23:46:27.548+00,46.431,C20,King's Pawn Game: Wayward Queen Attack,King's Pawn Game,3,5,27293,5.42,,,,,-5,28969,2.58,,,,,11,6,e4 e5 Qh5 d6 Bc4 Nh6 d3 c6 Bxh6 gxh6 Qxf7#,"{30003,30003,29939,29843,29779,29643,27627,29195,27427,28969,27293}"
13176,AzWeXLms,black,Drac25,mstylmzz,loss,outoftime,974,936,38,standard,blitz,blitz,300,0,5+0,lichess.org,16.0,0.23,44.0,,14/07/25 20:37,2025-07-14 23:45:19.957+00,464.791,C20,English Opening: The Whale,English Opening,3,-6,0,11.11,,,,,6,15525,5.36,,,,,55,28,e4 e5 c4 Nc6 d3 Bc5 Be3 Bxe3 fxe3 d6 Be2 Nh6 Kd2 Be6 Qe1 Qg5 Nc3 Nd4 Nb5 Nxb5 cxb5 Qxg2 Nf3 O-O Qc1 Rac8 a4 Bg4 Rg1 Qh3 Ng5 Qh5 Bxg4 Nxg4 Qd1 Qxh2+ Kc3 Nxe3 Qc1 d5 Qxe3 d4+ Kb4 dxe3 Nf3 Qxb2+ Kc4 Qc2+ Kd5 Qxd3+ Kxe5 f6+ Kf5 g6+ Kg4,"{30003,30003,29851,29875,29771,29403,29627,29035,29379,28123,29219,26883,29123,24155,28859,23179,28619,22251,27899,20947,27755,20147,27419,14907,27171,13787,26851,11939,26523,11539,25899,9931,24771,9507,23379,8587,22675,7635,20219,6627,19659,4835,19235,4699,16611,4131,16219,2267,16083,1227,15955,811,15827,226,15525,0}"
13177,WLIsKbAO,white,Drac25,mstylmzz,win,mate,969,941,28,standard,blitz,blitz,300,0,5+0,lichess.org,23.0,0.66,51.0,,14/07/25 20:29,2025-07-14 23:37:27.774+00,498.823,C20,King's Pawn Game: Wayward Queen Attack,King's Pawn Game,3,5,5736,8.37,,,,,-5,7687,7.97,,,,,59,30,e4 e5 Qh5 d6 Bc4 Nh6 d3 Bg4 Qg5 Be7 Qd2 O-O f3 Bg5 Qe2 Bxc1 fxg4 Bg5 Nh3 Bh4+ g3 Bf6 Nd2 c5 Nf3 Qb6 g5 Qxb2 O-O Nc6 Bd5 Nd4 Nxd4 Qxd4+ Kh1 Ng4 Qxg4 Be7 Bxb7 Rab8 Bd5 Kh8 Bxf7 Rb2 g6 Rxf7 gxf7 Qd5 f8=Q+ Bxf8 Rxf8+ Qg8 Rxg8+ Kxg8 Qe6+ Kf8 Ng5 Rxc2 Qf7#,"{30003,30003,29931,29643,29787,29371,29267,28235,26035,27691,24323,27507,23403,26795,21947,26523,21739,26331,20739,25835,19907,25451,18291,25283,17515,24883,16499,24283,16259,21707,14587,20595,14275,20171,13083,16243,12627,15475,11451,15259,11179,14531,9555,13987,8187,11699,7731,8931,7219,8667,7107,8235,6955,8155,6003,7971,5915,7687,5736}"
13178,km9C1FWe,black,Drac25,mstylmzz,loss,mate,976,934,42,standard,blitz,blitz,300,0,5+0,lichess.org,20.0,0.56,,,14/07/25 20:22,2025-07-14 23:28:55.749+00,358.524,C20,King's Pawn Game: Leonardis Variation,King's Pawn Game,3,-7,5978,11.44,,,,,7,20189,4.46,,,,,45,23,e4 e5 d3 Nc6 c4 Nd4 Be3 c5 Be2 d6 Nf3 Be7 O-O h6 Nxd4 exd4 Bf4 Bg5 Bxg5 Qxg5 Qa4+ Bd7 Qb3 b6 Nd2 Qxd2 Bf3 Nf6 e5 Bg4 Bxa8 O-O exf6 gxf6 Bd5 Qg5 h3 Bxh3 Qb5 Kg7 Rae1 Rg8 Re7 Kf8 Rxf7#,"{30003,30003,29459,29835,29347,29467,29027,29331,28891,27611,28747,26675,28491,26579,27907,26115,27787,25587,27595,25307,26491,24611,26379,24315,25755,23915,24771,22211,24635,15547,24395,14707,24251,14115,23235,13315,22323,12731,21635,10715,21427,8091,20899,5978,20189}"
13179,dCQ4UsnJ,white,Drac25,Murat_10,win,mate,970,961,9,standard,blitz,blitz,300,0,5+0,lichess.org,16.0,5.7,48.0,,14/07/25 19:43,2025-07-14 22:53:29.056+00,573.811,C20,King's Pawn Game: Wayward Queen Attack,King's Pawn Game,3,6,114,4.74,,,,,-6,7205,3.68,,,,,127,64,e4 e5 Qh5 Qe7 Bc4 d6 Nc3 Be6 Nd5 c6 Nxe7 Bxe7 Bxe6 g6 Qf3 fxe6 d3 d5 Qg4 Kd7 exd5 cxd5 Bg5 Bxg5 Qxg5 Ne7 Qxe5 Nbc6 Qc3 Rhf8 f3 Rf7 O-O-O Raf8 d4 h5 Qb3 b6 Nh3 Nf5 Ng5 Nfxd4 Qa4 Ne2+ Kd2 Rf5 Kxe2 Rxg5 Kf2 Rgf5 Rd3 Kd6 Ke3 Ne5 Qa3+ Kd7 Qxa7+ Kd6 Rc3 Nxf3 Qxb6+ Ke5 gxf3 Rxf3+ Ke2 Rf2+ Ke1 R8f3 Rxf3 Rxf3 Rf1 Rxf1+ Kxf1 g5 Qc7+ Kf6 Qh7 h4 Qh8+ Kf5 a4 e5 a5 e4 a6 g4 Qf8+ Kg5 a7 g3 hxg3 hxg3 Kg2 Kg4 Qg8+ Kf4 Qxg3+ Kf5 a8=R d4 Rf8+ Ke6 Qg4+ Ke5 Qf5+ Kd6 Qxe4 Kc5 Rd8 Kc4 Qxd4+ Kb5 Qc3 Kb6 Rb8+ Ka7 Rb3 Ka6 Ra3+ Kb5 Ra8 Kb6 Rb8+ Ka7 Rb4 Ka6 Qa3#,"{30003,30003,29803,29771,28947,28803,28443,28595,27635,26811,27459,26379,27123,25707,26627,25403,25675,24907,25227,24067,25011,23771,24331,23507,24187,23315,24035,23019,21723,22603,21011,22171,20755,21955,20355,21491,19171,21051,17587,20243,16979,19819,15715,19107,14659,17883,13619,17715,12939,16995,12715,16707,10667,16371,8331,15891,7803,15611,7155,15115,6795,14899,6019,14627,5483,14411,5243,13467,5003,13331,4891,12531,4779,12387,4595,12243,4227,11963,3931,11803,3779,11667,3571,11555,3427,11371,3251,11211,3003,11051,2859,10923,2771,10699,2675,10555,2595,10347,2235,10211,2091,10043,1675,9899,1451,9739,1283,9555,1099,9387,991,9211,914,9019,803,8827,670,8547,500,8339,341,7979,261,7731,114,7205,114}"
13180,gURxkwzf,white,Drac25,CJ132,win,mate,966,853,113,standard,blitz,blitz,300,0,5+0,lichess.org,,,,,14/07/25 19:43,2025-07-14 22:43:35.454+00,32.536,C20,King's Pawn Game: Wayward Queen Attack,King's Pawn Game,3,4,29375,1.57,,,,,-14,28165,6.13,,,,,9,5,e4 e5 Qh5 Nc6 Bc4 g6 Qf3 Bc5 Qxf7#,"{30003,30003,29939,29707,29771,28707,29643,28165,29375}"
13229,d8X5co2W,black,Drac25,RafaelPombo,loss,resign,973,966,7,standard,blitz,blitz,300,0,5+0,lichess.org,24.0,-3.94,39.0,,11/07/25 02:35,2025-07-11 05:43:23.111+00,463.241,C30,King's Gambit Declined: Queen's Knight Defense,King's Gambit Declined,4,-6,7520,11.83,,,,,6,7342,11.93,,,,,39,20,e4 e5 f4 Nc6 Nf3 Bc5 Bc4 d6 Nc3 Bg4 fxe5 Nxe5 Rf1 Nf6 h3 Bxf3 gxf3 Nxc4 d4 Bb4 Kf2 Nh5 Nd5 Qh4+ Kg2 Qg3+ Kh1 Qxh3+ Kg1 Ng3 Nxc7+ Kd7 Nxa8 Rxa8 Bf4 Nxf1 Qxf1 Nxb2 Qxh3+,"{30003,30003,29875,29555,29715,28563,28763,28339,26635,27371,24827,26755,23923,24971,23003,24619,22379,24307,21139,23883,19931,22331,18499,21491,17043,17467,16579,16107,16179,15171,9899,14075,9475,11851,8083,10611,7507,7819,7342,7520}"
13181,RD2CLpIc,black,Drac25,CJ132,loss,outoftime,974,823,151,standard,blitz,blitz,300,0,5+0,lichess.org,20.0,-0.4,41.0,,14/07/25 19:33,2025-07-14 22:42:53.882+00,584.102,C50,Italian Game: Anti-Fried Liver Defense,Italian Game,6,-8,0,6.52,,,,,30,4625,5.52,,,,,93,47,e4 e5 Nf3 Nc6 Bc4 h6 O-O Bc5 c3 Nf6 d4 exd4 cxd4 Bb6 Bf4 d6 Nc3 Bg4 h3 Bxf3 Qxf3 Nxd4 Qd3 O-O e5 dxe5 Bxe5 Nd7 Bxd4 Bxd4 Qxd4 c5 Qg4 Nf6 Qd1 Qb6 Nd5 Rad8 Nxb6 Rxd1 Raxd1 axb6 g4 Ne4 Bd5 Nf6 Bxb7 h5 f3 hxg4 hxg4 Nh7 a3 Ng5 b4 Nh3+ Kg2 Nf4+ Kg3 Ne2+ Kf2 Nc3 bxc5 Nxd1+ Rxd1 bxc5 Rc1 Rb8 Bd5 Rb2+ Ke3 Rg2 Rxc5 Kh7 f4 Rxg4 Ke4 g5 Rc3 Rxf4+ Ke5 f6+ Ke6 g4 Bc6 f5 a4 Kg6 a5 g3 a6 g2 Bxg2,"{30003,30003,29859,29899,29675,29659,29347,28875,29107,28651,28923,28227,28611,26459,26435,25179,25795,24771,25475,24187,24971,24067,23715,20755,23251,20355,22955,19123,22499,18427,22315,18091,21347,16827,20427,16251,19739,15579,19547,14667,19371,14547,17275,12523,16035,12003,15691,11059,15411,10707,14811,9531,12963,8923,12611,8115,12411,7819,12115,7651,11891,6923,11163,6571,10979,6443,10691,6235,9683,5843,9323,4283,8835,3939,8187,3643,7987,2291,6355,2003,5667,1619,5523,843,4883,420,4811,239,4811,116,4755,2,4625,0}"
13182,ZppmaRSw,white,Drac25,filipecfarelov,loss,resign,980,953,27,standard,blitz,blitz,300,0,5+0,lichess.org,19.0,-1.83,45.0,,14/07/25 19:23,2025-07-14 22:30:47.482+00,427.295,B01,Scandinavian Defense,Scandinavian Defense,2,-6,2215,5.67,,,,,6,18430,2.41,,,,,98,49,e4 d5 Qh5 dxe4 Nc3 Nf6 Qe2 Bg4 f3 exf3 gxf3 Bc8 Bh3 Bxh3 Nxh3 e6 Ne4 Nxe4 fxe4 Qh4+ Nf2 Bc5 Rf1 Bxf2+ Rxf2 Qd8 d3 O-O Bf4 g6 Be5 Nd7 Bd4 c5 Bc3 Re8 O-O-O f5 Qf3 fxe4 Qh3 Rf8 Rdf1 Rxf2 Rxf2 Qe7 dxe4 Rf8 Rxf8+ Qxf8 Qxe6+ Qf7 Qxf7+ Kxf7 b4 c4 Kd2 b5 Ke3 Ke6 Kd4 h5 h4 Nf6 Kc5 Nxe4+ Kd4 Nxc3 Kxc3 Kf5 Kd4 g5 hxg5 Kxg5 Kc5 h4 Kxb5 h3 Kxc4 h2 a4 h1=Q c3 Qc6+ Kd4 Qxa4 c4 Qxb4 Kd5 Qb7+ Kd4 a5 c5 a4 Ke5 Qc6 Kd4 a3,"{30003,30003,29939,29771,29659,29467,27963,28995,27603,28867,27475,28291,27163,28019,27059,27755,26323,27595,26131,27187,25811,26699,23851,26371,23531,26083,23395,25963,21923,25731,21019,25115,19147,24771,18403,24363,17371,24227,14539,23603,14171,22923,13251,22747,13131,22339,12251,22259,10355,22147,9859,21691,8259,21571,7555,21355,7051,21299,6867,21107,6715,20875,5803,20499,5371,20347,5027,20283,4915,20083,4547,20019,4371,19947,4371,19883,4331,19811,4299,19747,3907,19571,3843,19451,3531,19363,3347,19275,3187,18931,2923,18819,2883,18739,2499,18515,2331,18430,2215}"
13183,ySjpzsXo,white,Drac25,IAnthonyI,win,resign,975,941,34,standard,blitz,blitz,300,0,5+0,lichess.org,,,,,14/07/25 19:22,2025-07-14 22:23:27.341+00,68.261,B01,Scandinavian Defense: Mieses-Kotroc Variation,Scandinavian Defense,4,5,27259,4.57,,,,,-5,26555,5.75,,,,,13,7,e4 d5 exd5 Qxd5 Nc3 Qe5+ Qe2 b5 Qxe5 Nc6 Qxb5 Rb8 Qxc6+,"{30003,30003,29779,29499,29667,28371,29139,28059,28931,27627,27515,26747,27259,26555}"
13184,ot7bJIj6,white,Drac25,DilanMartinezMadrid,loss,resign,980,988,-8,standard,blitz,blitz,300,0,5+0,lichess.org,14.0,0.62,42.0,,14/07/25 19:15,2025-07-14 22:22:10.325+00,424.603,C20,King's Pawn Game: Wayward Queen Attack,King's Pawn Game,3,-5,5876,7.54,,,,,6,13381,5.36,,,,,64,32,e4 e5 Qh5 d6 Bc4 Qf6 d3 Be6 Bg5 Qg6 Qxg6 hxg6 Bxe6 fxe6 Nc3 Be7 Nf3 Nc6 Nb5 O-O-O c3 a6 Bxe7 Ngxe7 Na3 Rh5 d4 d5 exd5 exd5 O-O e4 Nd2 Re8 c4 Nxd4 cxd5 Nxd5 Nxe4 Rxe4 Rae1 Rxe1 Rxe1 Nb4 Re8+ Kd7 Re4 Nbc2 Nxc2 Nxc2 Re2 Rd5 h3 Nb4 a3 Nc6 Re4 b5 Rg4 g5 g3 Ne5 Kg2 Nxg4,"{30003,30003,29939,29547,29843,29059,28867,28451,28659,27371,28107,27267,28027,27195,26739,27083,26347,26795,26155,26611,23083,25203,22163,24971,21651,24107,20227,23403,19083,22883,18627,22795,16619,22163,15667,21723,15171,21427,14011,21203,13723,18851,13411,18531,12843,18179,12355,17723,12171,17619,10403,16043,9203,15443,8795,14899,8403,14547,8211,14075,7515,13595,6403,13381,5876}"
13185,e1HByeAC,white,Drac25,Demetts,win,resign,974,1011,-37,standard,blitz,blitz,300,0,5+0,lichess.org,20.0,5.79,,,14/07/25 19:08,2025-07-14 22:13:05.912+00,248.559,C20,King's Pawn Game: Wayward Queen Attack,King's Pawn Game,3,6,14857,7.97,,,,,-6,21459,4.75,,,,,38,19,e4 e5 Qh5 d5 Qxe5+ Be6 exd5 Qxd5 Qxc7 Qe4+ Ne2 Bc5 Qxc5 b6 Qe3 Qxe3 dxe3 Nf6 Nbc3 Nc6 Nf4 Bf5 Bb5 Rc8 O-O O-O Bxc6 Rxc6 Ncd5 Bxc2 Ne7+ Kh8 Nxc6 a6 b3 a5 Nd4 Bd3,"{30003,30003,29899,29819,29579,29451,28515,28715,27595,28571,26403,27315,25779,27147,23427,26027,23291,25883,22659,25659,21699,25075,20795,24755,19651,24555,18219,24219,17787,23819,17523,22995,17347,22307,15395,22107,15123,21459,14857}"
13186,14HUjw6R,black,Drac25,ClaudioVale,loss,resign,980,952,28,standard,blitz,blitz,300,0,5+0,lichess.org,15.0,-0.84,,,14/07/25 19:05,2025-07-14 22:08:26.826+00,192.286,C50,Italian Game: Anti-Fried Liver Defense,Italian Game,6,-6,19729,6.42,,,,,6,22113,4.93,,,,,33,17,e4 e5 Nf3 Nc6 Bc4 h6 O-O Nf6 h3 Nxe4 d3 Ng5 Bxg5 hxg5 Nc3 Nd4 Nxe5 d6 Nxf7 Qf6 Nxh8 Be6 Ne4 Qe5 Bxe6 Qxe6 Nxg5 Qg8 Ng6 O-O-O Qg4+ Kb8 Qxd4,"{30003,30003,29859,29939,29675,29771,29475,29339,29251,29211,28835,28403,28443,28275,28131,27915,27379,26491,26779,24491,25771,23739,25579,22987,24531,22475,24427,21459,23091,21179,22267,20771,22113,19729}"
13187,4fOGmhmR,white,Drac25,jjj222333,loss,mate,986,1001,-15,standard,blitz,blitz,300,0,5+0,lichess.org,18.0,0.36,39.0,,14/07/25 18:54,2025-07-14 22:04:52.543+00,597.33,C20,King's Pawn Game: Wayward Queen Attack,King's Pawn Game,3,-6,1497,7.5,,,,,6,2030,7.36,,,,,78,39,e4 e5 Qh5 Nc6 Bc4 g6 Qf3 Nf6 c3 Bc5 d3 O-O Bg5 Kg7 Ne2 d6 h3 Be6 Bxf6+ Qxf6 Bxe6 Qxf3 gxf3 fxe6 Nd2 Rf6 O-O-O a5 Nb3 Bxf2 Rhf1 Rxf3 d4 Raf8 Ng1 Be3+ Nd2 Bxd2+ Kxd2 Rxf1 Rxf1 Rxf1 Ne2 Rf2 Ke3 Rh2 d5 exd5 exd5 Rxh3+ Ke4 Rh4+ Kf3 Ne7 Kg3 Nf5+ Kg2 Rg4+ Kf3 h5 Kf2 h4 Ng1 Rxg1 Kxg1 Kh6 Kg2 Kg5 Kh3 e4 a4 e3 b4 e2 bxa5 e1=Q a6 Qg3#,"{30003,30003,29907,29619,29843,29531,29691,29475,29395,27611,27995,26755,27283,22699,24435,19899,23251,18643,21995,18235,21635,17091,20523,17011,19851,14707,19243,13819,17107,12923,16395,12715,14467,11011,12619,10299,11827,9811,11675,9619,10971,9467,10587,8531,10163,7995,9435,7491,9299,6531,8651,5579,7835,5147,7355,4603,6867,3707,5987,3339,3907,2899,3123,2587,2979,2587,2851,2531,2635,2275,2155,2211,2019,2147,1875,2083,1497,2030}"
13188,PeGXb90q,black,Drac25,djahid18,loss,resign,992,941,51,standard,blitz,blitz,300,0,5+0,lichess.org,19.0,0.39,36.0,,14/07/25 18:46,2025-07-14 21:54:23.646+00,461.023,D01,Rapport-Jobava System,Rapport-Jobava System,5,-6,10808,5.82,,,,,7,4980,7.58,,,,,67,34,d4 d5 Nc3 Nf6 Bf4 a6 Nf3 Bf5 e3 e6 Bd3 Ne4 O-O Nxc3 bxc3 Bd6 Ne5 Bxe5 Bxe5 f6 e4 fxe5 exf5 O-O fxe6 exd4 cxd4 Nc6 c3 Qd6 Qh5 g6 Qg4 Qf4 Qxf4 Rxf4 g3 Rf6 Rfe1 Re8 Rab1 b5 c4 Rexe6 cxd5 Rxe1+ Rxe1 Nxd4 Re7 Nf3+ Kg2 Ne1+ Rxe1 c5 dxc6 Rxc6 Re8+ Kf7 Ra8 Rd6 Be2 Rd2 Bf3 Rxa2 Bd5+ Ke7 Bxa2,"{30003,30003,29931,29923,28331,29483,27891,28635,26779,28443,26443,27275,23699,26187,23499,25739,22275,25595,22155,24427,21939,23691,21739,22499,21339,22179,20875,21571,20547,21155,20323,20035,19555,19563,18667,19299,18067,18835,17883,17707,17147,17355,12227,17091,12003,16875,11939,16803,10947,14955,10699,14403,10331,13787,9523,13539,8467,13155,7131,12691,6155,12379,5283,12035,4979,11579,4980,10808}"
13189,YyZu2096,black,Drac25,AnimeWaifuONICHAN,win,outoftime,987,983,4,standard,blitz,blitz,180,2,3+2,lichess.org,21.0,-0.43,42.0,,14/07/25 13:16,2025-07-14 16:24:11.281+00,452.925,C25,"Vienna Gambit, with Max Lange Defense","Vienna Gambit, with Max Lange Defense",5,5,3645,4.35,,,,,-6,0,5.29,,,,,68,34,e4 e5 Nc3 Nc6 f4 f5 Nf3 fxe4 Nxe5 Nxe5 fxe5 Qh4+ g3 Qg5 Nxe4 Qxe5 Qe2 d5 Nc3 Qxe2+ Bxe2 d4 Nd1 Nf6 Nf2 Bc5 d3 Bb4+ Bd2 Bxd2+ Kxd2 Bd7 Rae1 O-O-O g4 g5 h4 h6 hxg5 hxg5 Rxh8 Rxh8 Bf3 c6 c4 dxc3+ Kxc3 Nd5+ Kc2 Nb4+ Kb3 a5 a3 Nd5 Ne4 Kc7 Nxg5 Nf4 Nf7 Be6+ Kc2 Bxf7 b4 Bg6 bxa5 Nxd3 Be4 Nxe1+,"{18003,18003,18091,18075,18251,17883,18395,17723,18275,16963,18475,14971,18163,13651,17139,13283,15859,11155,13363,10675,13563,10803,12379,10467,11531,10307,11499,10211,10883,10283,11083,9243,10787,9243,10075,8827,9339,8555,9387,8483,9411,8603,9227,8499,8939,8491,9083,7731,8747,7387,8819,6979,8859,5019,7747,4763,7195,4403,5707,4427,5571,4451,4579,4331,4299,4099,3351,3645,0}"
13190,NAZLZKEV,black,Drac25,Daneel90,win,resign,982,947,35,standard,blitz,blitz,180,2,3+2,lichess.org,17.0,1.01,34.0,,14/07/25 13:07,2025-07-14 16:16:14.665+00,521.105,C60,Ruy Lopez: Cozio Defense,Ruy Lopez,6,5,4068,2.9,,,,,-120,1182,3.43,,,,,98,49,e4 e5 Nf3 Nc6 Bb5 Nge7 d4 d5 Bxc6+ bxc6 exd5 Nxd5 Nxe5 Bd6 O-O Bxe5 dxe5 Be6 Qf3 O-O Bd2 Rb8 b3 f6 exf6 Qxf6 Qxf6 Nxf6 Nc3 Rbd8 Bf4 Nd5 Nxd5 cxd5 Bxc7 Rc8 Bg3 Rxc2 a3 d4 Rfd1 Rd8 Be5 d3 Kf1 d2 Bf4 Bxb3 Ke2 Bc4+ Ke3 Re8+ Kd4 Rd8+ Ke3 Re8+ Kd4 Be2 Bxd2 Bxd1 Rxd1 Rd8+ Ke3 Ra2 Ke2 Rxa3 Bb4 Rxd1 Bxa3 Rd7 Ke3 a5 f4 a4 g4 Rc7 h4 Rc3+ Kd4 Rxa3 Kc4 Rb3 f5 Rb8 g5 a3 Kd5 a2 Ke6 Rf8 g6 hxg6 fxg6 Rf6+ Ke7 Rxg6 h5 Rh6,"{18003,18003,18067,18043,18195,17899,17683,17459,17331,17131,17227,16763,16803,15563,16603,15387,16651,15523,13779,13563,13771,12427,13043,12283,11955,12347,11939,12027,11611,11499,11019,10827,10867,10435,10835,10547,10659,10555,9379,9923,8715,8683,8595,8147,5347,7987,4251,7323,3371,6419,2563,5851,2635,4955,2379,5019,2491,4963,2451,4931,2379,4971,2355,4571,2147,4627,1811,4515,1587,4275,1651,3963,1723,3803,1827,3571,1891,3651,1915,3795,1923,3763,1707,3851,1771,4051,1723,4251,1843,3699,1715,3755,1803,3883,1843,3971,1963,4068,1182}"
13191,PtpelYex,white,Drac25,Stevemiz,win,resign,979,853,126,standard,blitz,blitz,300,0,5+0,lichess.org,29.0,1.0,41.0,,14/07/25 03:45,2025-07-14 06:55:14.28+00,577.256,B01,Scandinavian Defense: Mieses-Kotroc Variation,Scandinavian Defense,4,3,3481,8.84,,,,,-3,1527,9.49,,,,,61,31,e4 d5 exd5 Qxd5 Nc3 Qe5+ Qe2 Qf6 Nf3 Bf5 Nd5 Qd6 c4 c6 Ne3 Na6 a3 g6 d4 O-O-O Nxf5 gxf5 Ne5 Qf6 Be3 Bh6 b4 Bxe3 Qxe3 Nh6 c5 Ng4 Qf4 Rd5 Bxa6 bxa6 O-O Rhd8 Rad1 Nxe5 dxe5 Qe6 Rxd5 Rxd5 Qc4 Kd7 h3 Qxe5 Qxa6 Rd4 Qxa7+ Ke6 Qb7 Re4 Qxc6+ Qd6 Qxe4+ Qe5 Qxe5+ Kxe5 Rd1,"{30003,30003,29843,29843,29787,29691,29147,29499,28427,29219,27707,28451,26099,28019,25091,27531,24827,27227,24731,25931,23419,25275,23299,21115,21139,20435,17803,18859,17451,18611,16907,18155,16011,15883,15419,15403,14515,15139,13515,13635,12819,12571,11899,10755,9227,9187,8011,8755,7587,3995,6835,3835,5331,3611,4779,2851,4395,2251,3635,2107,3481,1527}"
13192,hQJfMsbS,black,Drac25,venus27,loss,outoftime,984,979,5,standard,blitz,blitz,300,0,5+0,lichess.org,22.0,1.87,,,14/07/25 03:37,2025-07-14 06:45:06.979+00,485.576,D00,Queen's Pawn Game: Chigorin Variation,Queen's Pawn Game,3,-5,0,9.09,,,,,6,13236,5.08,,,,,67,34,d4 d5 Nc3 c6 Na4 b5 Nc5 Na6 Nf3 Bg4 Ne5 Qc8 f3 Bf5 e4 dxe4 fxe4 Bg4 Qd3 Nxc5 dxc5 f6 Nxg4 Qxg4 Be2 Qxg2 Rf1 Qxh2 e5 Qh4+ Rf2 e6 exf6 Nxf6 b3 Bxc5 Be3 Bb4+ c3 Ba5 b4 Bb6 O-O-O Bxe3+ Qxe3 O-O Rf4 Qg5 Qxe6+ Kh8 Rd4 Qg1+ Rd1 Qg5 Rd4 Rae8 Qxc6 Rxe2 Qxb5 Re1+ Kc2 Qg2+ Kb3 Rb1+ Kc4 Qe2+ Rd3,"{30003,30003,29435,29691,29219,27771,29035,27299,27979,25923,27667,24091,26779,23171,25659,22643,25427,21467,24803,20339,24675,17707,23075,17459,22811,17171,22635,16539,22043,16027,21635,14347,21371,13867,20899,13091,20219,12115,19963,10587,19691,10427,18339,9491,18027,8635,17235,6763,16971,5747,16707,3867,15859,2771,15515,2259,15067,2075,14691,1907,14051,1315,13803,635,13635,309,13236,0}"
13193,USU4kwd0,white,Drac25,pikalov_es,win,mate,979,990,-11,standard,blitz,blitz,300,0,5+0,lichess.org,15.0,2.71,,,14/07/25 03:32,2025-07-14 06:36:46.48+00,248.515,C20,King's Pawn Game: Wayward Queen Attack,King's Pawn Game,3,5,17938,7.1,,,,,-6,18129,7.42,,,,,35,18,e4 e5 Qh5 d6 Bc4 Nh6 d4 Qd7 Bxh6 gxh6 dxe5 Qe7 Nf3 Nc6 Nc3 Na5 Nd5 Qe6 Nxc7+ Kd7 Nxe6 Nxc4 Qxf7+ Kc6 Nfd4+ Kb6 Qc7+ Ka6 Qxc4+ Kb6 Qc7+ Ka6 b4 Bxe6 Qa5#,"{30003,30003,29931,28595,29739,28075,29363,26595,28603,26019,28147,24387,27051,23915,26643,23763,26235,21003,25659,20355,25395,20083,23499,19843,23035,19387,22323,19011,21579,18659,20691,18499,18363,18129,17938}"
13194,IIZlEjZf,white,Drac25,kogan1986,win,resign,973,983,-10,standard,blitz,blitz,300,0,5+0,lichess.org,25.0,4.93,,,14/07/25 03:28,2025-07-14 06:32:04.207+00,212.116,B01,Scandinavian Defense,Scandinavian Defense,2,6,17067,10.78,,,,,-6,23370,5.53,,,,,25,13,e4 d5 exd5 e6 Nc3 Bd6 Bb5+ c6 dxc6 Nxc6 d3 Nf6 Bg5 O-O Nf3 a6 Bc4 b5 Bb3 h6 Bh4 Ng4 O-O Bb7 Bxd8,"{30003,30003,29611,29595,29115,28563,28715,28187,28243,28187,26539,27995,25235,27747,23859,27339,23315,27139,22747,25723,22299,25163,19899,24547,17067,23370}"
13195,jwBVmEzP,black,Drac25,hacijebret,loss,outoftime,978,991,-13,standard,blitz,blitz,300,0,5+0,lichess.org,25.0,5.02,44.0,,14/07/25 03:19,2025-07-14 06:28:22.879+00,548.231,C20,King's Pawn Game,King's Pawn Game,2,-5,0,10.0,,,,,5,7717,7.43,,,,,61,31,e4 e5 Nh3 Nc6 Nc3 h6 d3 Bc5 Qf3 Nge7 d4 Nxd4 Qh5 d5 Bd3 Be6 Qxe5 Nxc2+ Bxc2 dxe4 Nxe4 Bxh3 gxh3 Bd6 Nxd6+ cxd6 Qxg7 Rg8 Qxh6 Ng6 Bxg6 fxg6 Qh7 Rf8 Qxg6+ Kd7 Bf4 Qa5+ Kf1 Qb5+ Kg2 Rg8 Qg4+ Rxg4+ hxg4 Qd5+ f3 Rg8 Bxd6 Qd2+ Kg3 Kc8 Bf4 Qd3 Rac1+ Kd7 Rhd1 Qxd1 Rxd1+ Kc6 Rd6+,"{30003,30003,29515,29859,28539,29435,28155,29323,27299,27915,26611,27179,26115,23555,25563,21547,21987,19299,21739,18979,21355,18235,21075,16835,20875,16659,20643,15747,20187,13563,19723,13203,18811,9243,18539,9187,16395,6699,15803,5915,15571,5651,10795,5427,10635,4939,10323,2907,10011,2219,9491,889,9235,471,8419,171,8211,171,7987,40,7717,0}"
13196,mnpc0uKH,black,Drac25,Haroldmanington,win,resign,974,902,72,standard,blitz,blitz,300,0,5+0,lichess.org,,,,,14/07/25 03:17,2025-07-14 06:18:40.467+00,52.421,C24,Bishop's Opening: Vienna Hybrid,Bishop's Opening,7,4,27304,4.5,,,,,-15,26141,5.52,,,,,14,7,e4 e5 Nc3 Nc6 Bc4 Nf6 d3 d5 exd5 Nxd5 Nxd5 Be6 Qf3 Nd4,"{30003,30003,29923,29867,29819,29499,29699,28339,29259,28163,29003,28035,28107,27304,26141}"
13197,fHwIvHAc,white,Drac25,robertfunny,loss,outoftime,980,936,44,standard,blitz,blitz,300,0,5+0,lichess.org,16.0,-2.78,,,14/07/25 03:07,2025-07-14 06:17:33.27+00,597.104,B01,Scandinavian Defense,Scandinavian Defense,2,-6,0,9.68,,,,,7,2608,9.13,,,,,62,31,e4 d5 e5 d4 Bc4 a6 Qh5 e6 d3 b5 Bb3 a5 c3 Bb7 cxd4 Bxg2 Bg5 Be7 Bxe7 Qxe7 d5 Bxd5 Bxd5 exd5 Nc3 c6 O-O-O g6 Qf3 Nd7 e6 Ne5 Qh3 f5 d4 Ng4 Qf3 N8f6 h3 Nh6 Nge2 a4 Nf4 Ne4 Rde1 c5 Ncxd5 Qb7 Nf6+ Ke7 Nxe4 fxe4 Rxe4 cxd4 Rhe1 Qc6+ Kb1 d3 Qxd3 Nf5 Qd7+ Qxd7,"{30003,30003,27899,29763,27267,28795,26939,28491,25779,28211,25035,28011,24331,27603,23443,27347,22723,26691,20963,26067,20827,24283,19355,23955,18827,23491,18419,22427,17819,21771,17179,21211,14851,20579,11875,20163,8507,19339,7443,18331,6451,17067,6171,15723,5491,14083,5147,12171,2859,11043,2043,10435,1731,10115,1275,9779,1139,3035,579,2891,63,2608,0}"
13198,VjcH2kIm,black,Drac25,superhmur,win,mate,974,987,-13,standard,blitz,blitz,180,2,3+2,lichess.org,14.0,0.2,27.0,,13/07/25 22:46,2025-07-14 01:51:43.328+00,312.392,C46,Three Knights Opening,Three Knights Opening,5,6,6874,4.84,,,,,-20,10055,3.46,,,,,48,24,e4 e5 Nf3 Nc6 Nc3 Bc5 d3 d6 Be3 Bg4 Bxc5 Bxf3 Qxf3 dxc5 Nd5 Nge7 d4 Nxd4 Qh5 Nxc2+ Kd2 Nxa1 Bc4 O-O Rxa1 Nxd5 exd5 c6 Ke2 cxd5 Rd1 d4 Bd3 g6 Qxe5 b6 Qd5 Qxd5 b3 Qe5+ Kf1 a5 Bc4 Rae8 Bb5 Qh5 Bxe8 Qxd1#,"{18003,18003,18123,18003,18235,17291,18059,17411,18131,17507,18227,17203,17707,17291,17779,16587,16915,16275,14915,15507,14731,14371,14851,12611,13467,11403,13499,11451,12219,10731,12267,10211,12227,9683,11715,9131,10691,9067,10491,9011,10491,8627,10555,7611,10003,7147,10055,6874}"
13199,gG72hAhF,black,Drac25,Alcontin_KentJasper,win,resign,969,919,50,standard,blitz,blitz,180,2,3+2,lichess.org,,-5.9,,,13/07/25 22:42,2025-07-14 01:45:12.418+00,155.497,C50,Italian Game: Anti-Fried Liver Defense,Italian Game,6,5,11300,5.59,,,,,-9,13185,4.01,,,,,25,13,e4 e5 Nf3 Nc6 Bc4 h6 O-O Bc5 d4 exd4 Bxf7+ Kxf7 Nxd4 Bxd4 Qf3+ Bf6 e5 Nxe5 Qd5+ Ke7 Re1 d6 Bf4 Be6 Qxb7,"{18003,18003,18155,18091,18259,18171,18211,17843,17187,17867,14451,17435,14563,17347,14347,15723,13995,15795,13795,14635,13723,14371,13411,14203,13185,11300}"
13200,E1n13nlH,white,Drac25,tiresomeKnight,loss,resign,977,840,137,standard,blitz,blitz,180,2,3+2,lichess.org,21.0,-5.96,,,13/07/25 22:40,2025-07-14 01:42:01.231+00,111.597,B20,Sicilian Defense,Sicilian Defense,2,-8,11992,5.46,,,,,22,17019,0.98,,,,,22,11,e4 c5 Qh5 e6 Bc4 Nf6 Qf3 d5 exd5 exd5 Bb5+ Bd7 Bxd7+ Nbxd7 d3 Qe7+ Be3 d4 Qxb7 Rb8 Qxb8+ Nxb8,"{18003,18003,18091,17411,17627,17475,16915,17331,16971,17531,16627,17595,15267,17795,14843,17091,13955,17051,12979,16947,12931,17019,11992}"
13201,X5pqkFsP,white,Drac25,GattaSiberiana,win,outoftime,971,1015,-44,standard,blitz,blitz,300,0,5+0,lichess.org,23.0,6.75,,,13/07/25 21:51,2025-07-14 00:57:56.677+00,380.05,C00,French Defense,French Defense,2,6,10422,7.25,,,,,-7,0,11.11,,,,,55,28,e4 e6 Qh5 g6 Qf3 Nc6 Bb5 Ne5 Qc3 Bd6 d4 Ng4 h3 Nxf2 Kxf2 Qf6+ Nf3 Nh6 e5 Bxe5 dxe5 Qf5 Be3 O-O Bxh6 Rd8 Bd3 Qh5 Bf4 b6 Be4 c6 Bg5 Re8 Bf6 d5 Bd3 Bd7 Be2 Qf5 Qb4 c5 Qd2 g5 g4 Qg6 Qxg5 Qxg5 Nxg5 h6 Nf3 Bc6 Nbd2 d4 Bd3,"{30003,30003,29947,29547,29091,28859,28987,28563,27715,27899,27451,26747,26475,26251,25955,26075,25875,25411,25755,25075,25555,24787,23715,24131,23563,23299,21915,22667,20451,21907,19923,21523,18243,20723,18083,19859,17507,19555,17131,19035,16467,18403,14867,16027,14355,14755,13435,14483,13139,13811,11643,13499,11019,13098,10422,0}"
13202,jfLizoH3,black,Drac25,babatahliye,loss,outoftime,976,974,2,standard,blitz,blitz,180,2,3+2,lichess.org,22.0,5.59,35.0,,13/07/25 01:04,2025-07-13 04:11:54.012+00,425.186,C20,King's Pawn Game: Beyer Gambit,King's Pawn Game,4,-5,0,5.63,,,,,6,2544,4.83,,,,,65,33,e4 e5 d4 d5 Nc3 exd4 Qxd4 Bb4 Qxb4 dxe4 Qxe4+ Be6 Qxb7 Nd7 Bb5 Nf6 Bg5 O-O Bxf6 Qe8 Bxd7 Qxd7 Rd1 Qc8 Qxc8 Raxc8 Bd4 Rce8 Bxa7 Bd5+ Nge2 Bxg2 Bc5 Rxe2+ Nxe2 Re8 Rg1 Bf3 Rd2 Bh5 a4 g5 Rxg5+ Kh8 Rxh5 Kg7 Rg5+ Kh6 Rgd5 c6 Rd6+ Re6 Be3+ Kg6 Rxe6+ fxe6 a5 Kf5 Rd6 Ke5 Rxc6 Kd5 Rb6 e5 Kd2,"{18003,18003,18011,17219,17299,16811,17283,16523,16627,16051,16091,15907,12915,15259,11907,14891,11419,14899,11387,14939,11083,13579,8163,11091,6939,11115,6555,11123,6395,10579,6259,10091,5123,8907,4059,8667,3891,8643,3331,7827,2899,7299,2787,7147,2891,6555,2747,6563,2179,6259,2235,6155,2123,5971,2227,6051,2355,5995,2451,5939,2547,5907,2675,5754,2544,0}"
13203,1u1GvIvM,white,Drac25,MakusuV2,win,resign,971,1013,-42,standard,blitz,blitz,180,2,3+2,lichess.org,17.0,-1.05,,,13/07/25 01:00,2025-07-13 04:04:29.607+00,239.61,B01,Scandinavian Defense,Scandinavian Defense,2,5,8634,5.51,,,,,-88,10627,4.34,,,,,35,18,e4 d5 Bb5+ c6 Bd3 Nf6 f3 dxe4 fxe4 e5 Nc3 Bc5 Nf3 Nbd7 h3 b5 a4 b4 Na2 Bb7 Bc4 Qc7 b3 O-O-O Bb2 a5 Qe2 h6 Bxf7 Rhf8 Bc4 Nb6 Be6+ Kb8 Bxe5,"{18003,18003,17403,17971,16939,17827,16379,17875,16419,17851,16171,17675,15347,17067,15363,16891,14179,16891,13723,16443,13723,15659,13715,15667,13099,15307,11211,14411,11059,13363,10467,10923,9315,10827,8634,10627}"
13204,s8zp2lrD,black,Drac25,VentosZoo,win,timeout,967,834,133,standard,blitz,blitz,180,2,3+2,lichess.org,21.0,-2.95,,,13/07/25 00:56,2025-07-13 04:00:00.567+00,234.509,C25,Vienna Game,Vienna Game,3,4,4864,6.26,,,,,-18,15713,1.04,,,,,44,22,e4 e5 Nc3 c6 d3 Bc5 Nf3 f6 g3 Nh6 Bh3 d6 O-O Bxh3 Re1 Nd7 Bxh6 gxh6 Nh4 f5 Qh5+ Kf8 Qxh6+ Kg8 Nxf5 Bxf5 exf5 Qf8 Qg5+ Qg7 Qe3 Bxe3 fxe3 Qg4 e4 Kf7 Ne2 Nf6 Rf1 Rag8 Kg2 Rg5 h3 Qh5,"{18003,18003,18115,17771,18227,17555,18291,17179,18251,16955,18355,16715,17291,16555,17419,15683,17507,15683,17595,13091,17683,10979,17723,9995,17531,9147,17627,8611,17347,8259,17171,8227,17227,7659,17275,6891,17347,5779,17459,5323,17595,5387,17739,4864,15713}"
13205,s9yGI1Zw,black,Drac25,mertkrbyk,win,resign,962,946,16,standard,blitz,blitz,180,2,3+2,lichess.org,,,,,13/07/25 00:53,2025-07-13 03:55:10.447+00,91.617,C20,King's Pawn Game: Wayward Queen Attack,King's Pawn Game,3,5,14829,6.35,,,,,-5,14431,5.95,,,,,12,6,e4 e5 Qh5 Nc6 Bb5 Nf6 Qg5 h6 Qe3 Nd4 a4 Nxc2+,"{18003,18003,17795,18027,17619,18059,17619,17483,17731,16859,14603,14829,14431}"
13206,ko47Xbr0,white,Drac25,Victor_Lustig_1,win,resign,956,964,-8,standard,blitz,blitz,180,2,3+2,lichess.org,24.0,3.08,,,13/07/25 00:47,2025-07-13 03:52:46.489+00,323.087,B20,Sicilian Defense,Sicilian Defense,2,6,4947,6.53,,,,,-6,7791,5.37,,,,,40,20,e4 c5 Qh5 d6 Bc4 e6 Nf3 Nc6 c3 Bd7 d3 Nf6 Qh4 Be7 Qg3 O-O Bh6 Nh5 Qh3 Nf6 Bg5 d5 e5 Na5 Bxf6 Bxf6 Qg3 Nxc4 exf6 Qxf6 dxc4 dxc4 O-O Bc6 Na3 Rfd8 Nxc4 Rd3 Nce5 Rad8,"{18003,18003,18019,17875,17971,17859,17347,17771,17211,17651,16219,17779,15619,17675,15451,17587,14347,16755,11603,15051,10627,14411,9891,13403,9299,13331,8627,12123,8083,11811,8091,11659,7907,11483,7619,10803,7251,9587,5243,7791,4947}"
13208,3O9zS7nv,white,Drac25,Ze0wkiii,loss,mate,970,866,104,standard,blitz,blitz,180,2,3+2,lichess.org,18.0,-3.34,45.0,,13/07/25 00:36,2025-07-13 03:44:39.552+00,499.835,C20,King's Pawn Game: Wayward Queen Attack,King's Pawn Game,3,-7,392,5.5,,,,,10,1453,5.17,,,,,66,33,e4 e5 Qh5 Nc6 Bc4 g6 Qf3 Nf6 c3 Bg7 d3 d5 exd5 Bg4 Qe3 Nxd5 Bxd5 Qxd5 f3 Bf5 d4 O-O-O Ne2 Rhe8 Qf2 exd4 O-O Bd3 Bg5 Rd6 Bf4 Be5 Bxe5 Nxe5 cxd4 Nc4 Nbc3 Rxe2 Nxe2 Nd2 Nc3 Qxd4 Nb5 Qxf2+ Rxf2 Nxf3+ gxf3 Bxb5 Re1 b6 Re8+ Bxe8 Kg2 a5 Kg3 h5 f4 a4 a3 g5 fxg5 Rd3+ Kh4 Bd7 Kxh5 Rh3#,"{18003,18003,18115,17387,18171,17147,18211,17195,18243,17227,18083,16715,17499,15707,14987,15243,14539,14851,12811,13995,12627,13235,10683,12163,9203,11611,8667,10851,8283,9403,7859,9091,7467,9291,6723,8323,6315,7091,5107,6107,4835,4659,2331,3491,2019,2747,1243,2811,948,2747,773,2715,827,2107,828,1859,788,1835,800,1811,493,1875,446,1915,392,1453}"
13209,vRvHmVil,black,Drac25,ALY22MO,loss,outoftime,975,1054,-79,standard,blitz,blitz,180,2,3+2,lichess.org,21.0,1.9,32.0,,12/07/25 23:53,2025-07-13 03:02:22.874+00,548.024,C23,Bishop's Opening: Boi Variation,Bishop's Opening,4,-5,0,3.21,,,,,5,6906,1.98,,,,,113,57,e4 e5 Bc4 Bc5 Nf3 d6 d3 Nd7 h3 Ndf6 Qe2 Ne7 Be3 b6 Bxc5 bxc5 Ng5 d5 exd5 Nexd5 Nc3 Nf4 Qxe5+ Ne6 Nxe6 Bxe6 Bxe6 fxe6 Qxe6+ Qe7 Qxe7+ Kxe7 O-O Kf7 Na4 Nd7 Rfe1 Rab8 b3 Rb4 Re2 Kf6 Rae1 Kf5 Re5+ Nxe5 Nxc5 Nf7 Ne6 Rb6 Nxg7+ Kg6 Ne6 Ng5 Nxc7 Rc8 Nd5 Rbc6 Nb4 Rxc2 Nxc2 Rxc2 a4 Kf6 Rd1 Rb2 d4 Rxb3 d5 Ke5 d6 Nf7 d7 Ke6 d8=Q Nxd8 Rxd8 Rb1+ Kh2 Ra1 Rh8 Rxa4 Rxh7 a6 g4 Ra3 Kg2 Kf6 Ra7 Kg5 f3 Kf4 Rf7+ Ke3 Kg3 a5 h4 Rd3 h5 a4 h6 Rd2 h7 a3 h8=Q Rd1 Re7+ Kd2 Qd4+ Kc2 Rc7+ Kb3 Qxd1+,"{18003,18003,18107,17979,17843,17531,17707,17123,17291,16483,16427,16003,16411,14875,16395,14475,16123,13963,15939,13611,15571,13531,14739,12235,13947,11843,13851,11915,13811,11931,13883,12051,13579,12011,13051,11179,12955,10699,12843,9683,11443,8171,11387,4563,10971,4595,10803,3011,9659,2851,9547,2539,9251,2467,9035,2107,8195,1811,8027,1355,8043,1467,7851,1443,7531,1331,7531,1379,7683,1355,7803,849,7883,734,7867,788,8067,855,8107,1003,8099,663,8299,716,8043,679,7499,794,7251,629,7219,643,7195,639,7267,482,7219,539,7331,688,7395,385,7419,261,7299,401,7011,294,6795,263,6827,219,6906,0}"
13210,NhadDCDE,black,Drac25,MostNoobIndian,loss,outoftime,979,1085,-106,standard,blitz,blitz,180,2,3+2,lichess.org,14.0,0.97,37.0,,12/07/25 23:41,2025-07-13 02:47:29.034+00,344.767,A00,Hungarian Opening,Hungarian Opening,1,-4,0,7.83,,,,,4,5681,5.36,,,,,47,24,g3 d5 Bg2 e5 b3 e4 Bb2 f6 Nc3 Bb4 e3 Nc6 Nge2 Nh6 O-O Bg4 h3 Bxe2 Qxe2 Bxc3 Bxc3 Qd7 d3 Qe6 dxe4 dxe4 Rad1 O-O f3 f5 fxe4 fxe4 Rxf8+ Rxf8 Rf1 Rxf1+ Qxf1 Nf5 Qf4 Nd6 Qg5 Nf5 g4 Qf6 Qxf6 gxf6 gxf5,"{18003,18003,18099,18147,16819,17011,16835,17131,16795,17195,16523,16835,15195,16227,14451,14459,14483,14459,14475,14643,14507,13979,12979,12867,12643,12459,11779,12387,9059,12395,8251,12355,8355,12147,8331,11107,8251,11059,8059,8547,6475,7715,6259,6819,5619,6638,5681,0}"
13211,maPOfW2e,black,Drac25,jreim,loss,timeout,984,990,-6,standard,blitz,blitz,300,0,5+0,lichess.org,24.0,0.73,39.0,,12/07/25 19:55,2025-07-12 22:58:57.706+00,223.407,B00,"Nimzowitsch Defense: Kennedy Variation, Linksspringer Variation",Nimzowitsch Defense,5,-5,7863,9.22,,,,,5,18569,4.76,,,,,49,25,e4 e5 d4 Nc6 d5 Nb4 c3 Na6 Bxa6 bxa6 Nf3 Bb7 Nxe5 d6 Nd3 Nf6 Qe2 Qe7 O-O Nxe4 f3 Nf6 Qxe7+ Bxe7 Re1 Nxd5 c4 Nb6 c5 Nd5 Bg5 O-O Bxe7 Nxe7 Rxe7 Rae8 Rxc7 Re3 Rxb7 Rxd3 h3 Re8 Nc3 h6 Rxa7 dxc5 Rxa6 Re2 Nxe2,"{30003,30003,29931,29947,29723,29459,29203,29163,28715,29035,28243,28947,28067,28539,27675,28147,27115,27507,26923,27299,26611,25851,26443,25715,25595,25243,24651,24235,23939,23819,21867,23683,21435,23491,21435,23243,20651,22915,19707,22723,19499,22475,19099,21931,18875,21395,18763,20811,18569,7863}"
13212,4f5xOIgt,white,Drac25,MansfieldBestPlayer,win,resign,979,957,22,standard,blitz,blitz,300,0,5+0,lichess.org,17.0,-5.58,,,12/07/25 01:56,2025-07-12 04:59:39.958+00,205.25,B10,Caro-Kann Defense: Hillbilly Attack,Caro-Kann Defense,3,5,19363,8.18,,,,,-6,21341,7.22,,,,,26,13,e4 c6 Bc4 d5 exd5 cxd5 Bb5+ Nc6 d4 a6 Bxc6+ bxc6 Nc3 Bf5 Qf3 e6 Bg5 Qxg5 Nh3 Qf6 Qf4 Qxd4 Qxd4 Bxc2 O-O Bd6,"{30003,30003,29051,29227,28099,29035,28011,28883,27115,28739,26819,28587,26747,26467,25523,26227,23963,25795,23715,23779,20979,22299,20723,21467,19731,21341,19363}"
13213,62EkqQP8,black,Drac25,MansfieldBestPlayer,loss,mate,985,949,36,standard,blitz,blitz,300,0,5+0,lichess.org,17.0,0.94,35.0,,12/07/25 01:49,2025-07-12 04:56:02.003+00,398.152,D00,Queen's Pawn Game: Accelerated London System,Queen's Pawn Game,3,-6,9211,10.94,,,,,8,12610,8.7,,,,,41,21,d4 d5 Bf4 Nf6 e3 Bf5 Nf3 e6 Bd3 Bd6 Bxf5 Bxf4 Bxe6 Bxe3 Bxf7+ Kxf7 fxe3 Ne4 Ne5+ Kf8 O-O+ Kg8 Nf7 Qh4 Qf3 Nc6 Nxh8 Nf6 Nc3 Rf8 Nxd5 Qg4 Nxf6+ Rxf6 Qxg4 Rxf1+ Rxf1 Kxh8 Qc8+ Nd8 Qxd8#,"{30003,30003,29939,29675,29819,29411,29547,28715,29435,28603,29139,28331,28139,26915,27627,26227,27331,25131,25955,23411,25315,22811,22531,19579,20435,17211,19539,15611,16051,15227,14835,10219,14027,10011,13003,9747,12867,9699,12715,9211,12610}"
13214,JhppFdhM,white,Drac25,christ1,win,mate,979,999,-20,standard,blitz,blitz,300,0,5+0,lichess.org,33.0,-4.35,64.0,,12/07/25 01:39,2025-07-12 04:48:06.782+00,510.112,C00,French Defense,French Defense,2,6,3337,8.33,,,,,-17,8926,6.8,,,,,65,33,e4 e6 Qh5 g6 Qf3 f6 d4 Nc6 c3 e5 dxe5 Nxe5 Qd1 d6 Bc4 Ne7 Bf4 Nxc4 b3 Ne5 Bxe5 fxe5 h3 Bh6 Nf3 O-O h4 Bg4 Qd3 g5 hxg5 Bg7 Rh4 Bxf3 gxf3 Ng6 Rg4 c5 c4 Qa5+ Nd2 Rf7 O-O-O Raf8 Rg3 Qxa2 Nb1 Qxf2 Rgg1 Rxf3 Qd5+ R8f7 Rgf1 Qe3+ Nd2 Qc3+ Kb1 Rd3 Qxf7+ Kh8 Qe8+ Bf8 Rxf8+ Nxf8 Qxf8#,"{30003,30003,29939,29835,29787,29251,29363,28603,28483,27883,27739,27883,24027,26995,23499,26587,23387,25611,22155,25227,21851,25107,21027,24699,20843,24211,19811,22203,19027,20779,18403,20603,15483,20307,15315,20179,14691,18579,14419,17403,13971,16907,13075,16523,11675,15515,9915,14763,6651,14299,6307,14035,6195,13499,5811,12811,4923,10995,4547,10595,3763,8971,3459,8926,3337}"
13215,mltZfdJn,white,Drac25,Stahlwille72,loss,outoftime,985,993,-8,standard,blitz,blitz,300,0,5+0,lichess.org,24.0,-1.53,91.0,,12/07/25 01:28,2025-07-12 04:38:47.492+00,615.97,C20,King's Pawn Game: Wayward Queen Attack,King's Pawn Game,3,-6,0,6.25,,,,,5,1148,6.14,,,,,96,48,e4 e5 Qh5 Nc6 Bc4 Nf6 Qf3 Bc5 c3 d6 d3 O-O Qg3 Nh5 Qf3 Qf6 Qxf6 Nxf6 Bg5 Ng4 Nh3 h6 Bh4 g5 Bg3 Nf6 b4 Bb6 a4 a6 b5 Ne7 bxa6 bxa6 a5 Bc5 d4 exd4 Nd2 dxc3 Nb3 Bb4 O-O c2 Rac1 Nxe4 Rxc2 Nxg3 hxg3 d5 Bd3 f5 Rxc7 Re8 Nd4 Bd6 Rcc1 Bd7 f4 g4 Nf2 Rac8 Rce1 Ng6 Nxf5 Bb4 Nxh6+ Kg7 Nf5+ Bxf5 Bxf5 Rc7 Rxe8 Rf7 Bxg4 Ne7 Nd3 d4 Be6 Bd6 Re1 Rf6 Bg4 Kf7 Ra8 Ba3 Ne5+ Kg7 Nd7 Rd6 Rxe7+ Kg6 Ne5+ Kf6 Nc4 Rc6,"{30003,30003,29947,29523,29859,29187,29643,28603,29339,28451,28771,28371,28131,27467,25475,26331,24323,26083,23699,25843,23179,23267,22467,22875,22339,22419,20907,22043,19819,21907,19355,21779,19075,21555,18963,21123,18787,20955,16763,20571,16435,20083,16011,19883,15259,19563,14891,18603,14091,16347,13203,14795,12683,14131,12419,13875,10619,13563,8907,13227,8331,12667,7979,12259,7187,10923,5643,10715,4987,9059,4763,8843,3931,7011,3627,6531,3211,6131,2955,5907,2635,5547,2075,4955,1731,3595,1427,2891,800,2483,621,2163,524,1963,32,1148,0}"
13216,ve2gSDa8,white,Drac25,IOmonboyev,win,resign,979,966,13,standard,blitz,blitz,300,0,5+0,lichess.org,22.0,4.87,54.0,,12/07/25 01:20,2025-07-12 04:27:43.148+00,454.179,C20,King's Pawn Game: Wayward Queen Attack,King's Pawn Game,3,6,13076,6.27,,,,,-5,2199,10.3,,,,,55,28,e4 e5 Qh5 Nc6 Bc4 g6 Qf3 Nf6 c3 d6 h3 h5 d3 Na5 Bg5 Bg7 Na3 Nxc4 Nxc4 b5 Ne3 c5 Nd5 O-O Nxf6+ Bxf6 Bxf6 Qa5 Qe3 Kh7 Nf3 b4 Ng5+ Kg8 O-O bxc3 bxc3 Ba6 c4 Rac8 Be7 d5 Qf3 dxe4 Qf6 exd3 Bxf8 Rxf8 Rae1 Bxc4 Rxe5 d2 Re8 Bxf1 Rxf8+,"{30003,30003,29907,28987,29707,28723,29579,28651,29355,27787,28779,27363,28243,27123,28027,26331,27643,24387,27387,24299,26635,24035,26235,22443,25763,22299,25635,21859,24067,19243,22587,17587,22347,17043,18899,16515,18659,15739,18395,14907,18219,13403,17987,11483,17251,7403,16955,7147,15035,6699,13811,4627,13363,3547,13076,2199}"
13217,yfh6VwmK,black,Drac25,Bambino1927,win,resign,974,939,35,standard,blitz,blitz,300,0,5+0,lichess.org,14.0,0.25,30.0,,12/07/25 01:11,2025-07-12 04:19:30.994+00,492.913,C20,King's Pawn Game: Leonardis Variation,King's Pawn Game,3,5,7894,4.25,,,,,-14,5196,4.68,,,,,106,53,e4 e5 d3 Nc6 Nc3 Bc5 f3 Nf6 Bg5 Bxg1 Rxg1 h6 Bxf6 Qxf6 Nd5 Qh4+ g3 Qxh2 Nxc7+ Kd8 Nxa8 Qxg1 Qe2 Qxg3+ Qf2 Qf4 Bh3 d6 Bxc8 Kxc8 b4 Nd4 Kd1 Kb8 Nc7 Kxc7 c3 Qxf3+ Ke1 Qxf2+ Kxf2 Nc2 Rb1 Na3 Rb3 Nb5 a4 Nxc3 Rxc3+ Kd7 b5 b6 Ra3 g5 a5 Kc7 axb6+ Kxb6 Ke2 Kxb5 Rxa7 Kc5 Rxf7 Kd4 Rd7 Kc5 Rc7+ Kb6 Rd7 Kc6 Ra7 g4 Ra1 h5 Rg1 Rg8 Kf2 d5 exd5+ Kxd5 Kg3 Kd4 Rd1 Rf8 Rd2 Rf3+ Kg2 Rxd3 Rxd3+ Kxd3 Kg3 Ke3 Kg2 Kf4 Kg1 e4 Kf2 h4 Kg2 h3+ Kh2 Kf3 Kg1 g3 Kf1 e3,"{30003,30003,29827,29875,29691,29627,27339,27515,26739,26731,26363,26507,26203,26379,26011,25875,25411,25563,24995,25155,24755,25003,24531,24787,24219,23435,22275,22635,21499,22499,20483,21827,19379,21323,18491,21163,17371,20835,14411,19915,14227,19067,13771,18923,13531,18227,12899,16203,12627,16123,12123,15883,11875,15563,11699,14667,11467,14531,10851,14323,10499,14259,10427,13963,10067,12707,9867,12355,9659,12179,9355,11787,9107,11331,9043,11203,8987,10987,8731,10883,8579,10683,8235,10179,8059,9979,7795,9531,7483,9459,7355,8883,6755,8723,6411,8619,6259,8547,5995,8323,5675,8139,5675,8011,5619,7894,5196}"
13218,rmlLOgCV,black,Drac25,Gambit_arg,loss,outoftime,979,1043,-64,standard,blitz,blitz,300,0,5+0,lichess.org,22.0,0.21,,,12/07/25 00:35,2025-07-12 03:43:57.269+00,492.838,C50,Italian Game: Anti-Fried Liver Defense,Italian Game,6,-5,0,10.0,,,,,4,13199,5.6,,,,,61,31,e4 e5 Bc4 Nc6 Nf3 h6 c3 d6 d3 Bg4 Na3 a6 Bd5 Nge7 h3 Bh5 O-O Nxd5 exd5 Ne7 c4 c5 dxc6 bxc6 b3 Nf5 g4 Bxg4 hxg4 Nh4 Nxh4 Qxh4 Qf3 Be7 Qxc6+ Kd8 Qxa8+ Kd7 Qxh8 Qxg4+ Kh1 Qf3+ Kg1 Qg4+ Kh1 Qf3+ Kh2 Qh5+ Kg3 Qg6+ Kf3 Qh5+ Ke3 Bg5+ Ke4 Qg4+ Kd5 Qe6+ Ke4 f5+ Kf3,"{30003,30003,29931,29875,29835,29803,29267,28683,28723,28363,28403,28075,28067,27587,27251,27083,27003,25611,26715,25411,25811,23779,25443,22787,23347,19939,22723,18267,22099,17283,21347,17155,21235,15539,20915,11163,20523,10899,20211,10227,19523,9707,19059,8091,18619,5123,17411,4187,16811,2331,16203,1811,15539,1587,15323,423,14995,191,14163,25,13199,0}"
13219,0KTSgJKS,white,Drac25,Rustum123,win,resign,974,954,20,standard,blitz,blitz,300,0,5+0,lichess.org,19.0,0.86,65.0,,12/07/25 00:05,2025-07-12 03:14:20.595+00,525.44,C20,King's Pawn Game: Wayward Queen Attack,King's Pawn Game,3,5,624,7.53,,,,,-5,10276,5.19,,,,,78,39,e4 e5 Qh5 d6 Bc4 Qe7 Nc3 Nf6 Qf3 Be6 d3 Bxc4 dxc4 Nc6 Be3 a6 Nd5 Nxd5 cxd5 Nd8 Bg5 f6 Be3 c6 Qh5+ g6 Qf3 cxd5 exd5 Rc8 c3 Qf7 Ne2 Bg7 Qe4 O-O O-O b5 Qb4 Nb7 Ng3 Rc4 Qa3 Ra8 b3 Rxc3 Rac1 Rxc1 Rxc1 Bf8 Rd1 Qc7 h3 Qa5 Qb2 Rc8 Ne4 Kf7 g4 Qb4 Ng3 Qa5 Rc1 Rxc1+ Qxc1 Qd8 Kg2 Qa8 f4 Nd8 fxe5 Qxd5+ Kf2 dxe5 Qc7+ Kg8 g5 Qc5,"{30003,30003,29939,29747,29859,29547,29467,29347,28403,29035,27907,28867,27723,28691,27219,28419,27083,28163,26587,27955,24267,27699,23907,27131,23003,26723,22755,26163,22395,25531,21867,25211,20003,24979,19539,24507,19219,23691,18515,22411,17115,21411,15995,21179,15723,20883,14347,20667,14211,19947,13251,19187,12635,18795,11571,17115,11387,16619,10483,15699,9027,13739,8611,13459,8363,12883,7339,12259,6107,11667,4475,11467,2547,11163,1787,10491,1035,10276,624}"
13220,4m1KtSex,black,Drac25,theblues31,loss,outoftime,978,1060,-82,standard,blitz,blitz,300,0,5+0,lichess.org,20.0,1.61,42.0,,11/07/25 23:00,2025-07-12 02:10:35.157+00,609.709,C46,Three Knights Opening,Three Knights Opening,5,-4,0,6.38,,,,,5,1302,6.11,,,,,95,48,e4 e5 Nf3 Nc6 Nc3 Bc5 Bc4 h6 d3 d6 h3 Nd4 Nxd4 exd4 Qf3 Nf6 Nd5 Be6 Nxf6+ gxf6 Bxe6 fxe6 Qh5+ Ke7 O-O Kd7 Qf7+ Qe7 Qh5 Raf8 a3 d5 Bd2 Kc8 Rfe1 e5 Bb4 b6 exd5 a5 Bxc5 Qxc5 Qg4+ Kb7 Qe6 Qxc2 d6 Qc6 Rac1 Qxd6 Qxd6 cxd6 Rc2 h5 Rec1 Rc8 Kh2 Rxc2 Rxc2 f5 Kg3 Rg8+ Kh4 e4 dxe4 fxe4 Kxh5 Rxg2 Rc4 Rxf2 Rxd4 e3 Kg4 Kc6 Kg3 Rf8 Re4 Rg8+ Kh2 d5 Rxe3 Kc5 h4 d4 Rd3 Kc4 Rd1 d3 Rg1 Rh8 Kg2 Rxh4 Kf1 d2 Ke2,"{30003,30003,29939,29955,29819,28915,29683,28667,29355,27995,29251,27099,28931,26811,28835,25203,28643,24019,28363,23715,27819,23419,26683,22491,24411,21635,23683,20603,22723,18771,21659,17851,20259,16803,19483,14475,18011,13523,16483,12779,15483,12483,14707,12251,13875,10723,12779,9067,11763,8691,10619,8539,9243,8043,9107,7675,8475,7403,8363,6467,8259,6099,7947,5539,7531,5091,6219,4931,4667,3939,4435,3643,3659,2411,3323,2195,3083,1755,2931,1211,2835,1211,2443,1075,2251,977,2067,879,1939,489,1531,350,1435,229,1302,0}"
13221,g8lWGN9s,white,Drac25,RAJAKOPALAN,win,mate,972,967,5,standard,blitz,blitz,300,0,5+0,lichess.org,28.0,1.7,63.0,,11/07/25 22:52,2025-07-12 02:00:10.04+00,474.777,C20,King's Pawn Game: Wayward Queen Attack,King's Pawn Game,3,6,3026,8.7,,,,,-6,11921,6.03,,,,,63,32,e4 e5 Qh5 d6 Bc4 g6 Qf3 Nf6 c3 Bg4 Qg3 h5 h4 Be7 f3 Be6 Bxe6 fxe6 d3 d5 Bg5 Rf8 Nd2 dxe4 dxe4 Qd3 Rd1 Qc2 Qxe5 Nbd7 Qxc7 Qxb2 e5 Nxe5 Bxf6 Bxf6 Ne4 Bg7 Ne2 Rf7 Qc5 Qxa2 Nd6+ Ke7 Nxf7+ Kxf7 Qc7+ Kf6 O-O Re8 f4 Nf7 Qxb7 Qxe2 Rd7 Qe3+ Rf2 Qe1+ Rf1 Qe3+ Kh1 Bf8 Rxf7#,"{30003,30003,29947,29683,29755,29267,29531,29107,29091,28779,27883,28483,26627,27843,26363,27435,25851,27299,25795,26923,25603,26067,24835,25739,24435,25267,23355,24643,21507,23371,19659,22283,18619,21803,17587,21155,15611,20739,14827,20259,13803,19451,12843,18539,12299,17723,11267,17411,10595,16747,9091,15787,7779,15459,5915,14043,4867,13611,4483,13395,3243,11921,3026}"
13239,OFgxfurn,black,Drac25,Ram_7,win,mate,967,995,-28,standard,blitz,blitz,300,0,5+0,lichess.org,21.0,-5.15,,,11/07/25 01:22,2025-07-11 04:30:49.467+00,507.362,C20,King's Pawn Game: Mengarini's Opening,King's Pawn Game,3,6,639,11.29,,,,,-6,12057,6.9,,,,,54,27,e4 e5 a3 Nc6 Bc4 Nge7 Ba2 d5 Nc3 d4 Nb5 a6 Nxc7+ Qxc7 d3 Qd6 Qf3 Be6 Nh3 Bxa2 Rxa2 h6 Qe2 Ng6 f4 exf4 O-O Qe5 Qf2 f3 Qxf3 Be7 Qxf7+ Kd7 Qxg6 Raf8 Qg4+ Ke8 Bf4 Qc5 b4 Qc3 Qg6+ Kd7 Bg3 Rxf1+ Kxf1 Rf8+ Bf2 Qd2 Qxg7 Ke8 Qxh6 Qd1#,"{30003,30003,30003,29907,29819,29531,29819,27611,29507,27403,29099,26459,28019,26283,27859,24595,27507,22499,26427,21795,26251,21563,25539,20539,25355,20315,25187,16571,22651,15187,21371,14827,20979,14003,20195,12947,19795,11515,17627,7987,17067,5115,16555,4499,14571,2539,14419,871,14163,308,13603,1035,12057,639}"
13222,41fJ5TZg,black,Drac25,AYavuz2701,win,mate,967,957,10,standard,blitz,blitz,300,0,5+0,lichess.org,24.0,0.97,48.0,,11/07/25 22:07,2025-07-12 01:17:09.792+00,591.138,C20,King's Pawn Game: Napoleon Attack,King's Pawn Game,3,5,4326,3.83,,,,,-5,809,4.36,,,,,136,68,e4 e5 Qf3 Nc6 Bc4 Nf6 d3 Nd4 Qd1 Bc5 c3 Ne6 d4 exd4 cxd4 Bxd4 Bxe6 dxe6 Nf3 Bxf2+ Kxf2 Nxe4+ Ke2 Qxd1+ Rxd1 O-O Nfd2 Nc5 Nb3 Ne4 Bf4 c6 Kf3 Nf6 g3 b6 Nc3 Bb7 Bd6 Rfd8 Be5 Rxd1 Rxd1 c5+ Kf2 Ng4+ Kg1 Nxe5 Nb5 f6 Nc7 Rb8 Nxe6 Nf3+ Kh1 Ng5+ Kg1 Nxe6 Nd2 Bf3 Nxf3 Kf8 Re1 Ke7 Nd2 Rd8 Nc4 b5 Ne3 Rd2 Nd1 Kf7 h3 Nd4 a3 Nf3+ Kf1 Nxe1 Kxe1 Rd4 Nc3 b4 Nb5 Re4+ Kd2 Re5 axb4 cxb4 Nd6+ Ke6 Nc4 Rd5+ Kc2 Rg5 Kb3 Rxg3+ Kxb4 Rxh3 Ne3 Rxe3 b3 Rxb3+ Kc4 f5 Kxb3 f4 Kc3 Ke5 Kd3 a6 Ke2 a5 Kd2 Ke4 Ke2 a4 Kf1 g5 Ke1 h5 Kf1 g4 Kg2 f3+ Kf2 h4 Kg1 a3 Kh1 h3 Kg1 g3 Kh1 a2 Kg1 a1=Q#,"{30003,30003,29819,29947,29619,29715,29387,29451,29163,28243,28795,27499,28403,27123,28203,26723,27987,26267,27347,25035,26747,24707,25971,24219,25307,23675,23643,22291,23067,21043,22243,20291,21531,19715,21067,18891,20771,18219,19707,17627,19107,16875,18771,16723,18187,16187,17203,16003,16211,14395,15515,13051,14723,12651,13819,12235,13323,12171,12491,11907,12051,11523,11819,11371,11355,11203,11027,10867,10507,10475,9771,9867,9155,9643,7955,9539,7411,9539,7251,9259,6691,8931,6371,8435,5939,7995,5723,7723,5011,7547,4643,7275,4331,6739,3355,6579,3227,6339,2827,6043,2499,5731,2499,5531,2499,5459,2459,5435,2435,5227,2435,5163,2083,5083,2011,4979,1811,4931,1675,4907,1555,4867,1443,4723,1355,4635,1259,4603,1195,4427,1067,4323,941,4323,809,4326}"
13223,HoG5CkOk,white,Drac25,GevorgT,loss,resign,972,995,-23,standard,blitz,blitz,300,0,5+0,lichess.org,20.0,-0.83,35.0,,11/07/25 22:00,2025-07-12 01:06:32.8+00,388.076,C20,King's Pawn Game: Wayward Queen Attack,King's Pawn Game,3,-5,9093,6.15,,,,,6,14461,4.71,,,,,68,34,e4 e5 Qh5 Nc6 Bc4 g6 Qf3 Nf6 Nc3 Nd4 Qd1 Bg7 Nf3 c5 Nxe5 O-O Bxf7+ Rxf7 Nxf7 Kxf7 d3 Qe7 Bg5 d5 Bxf6 Bxf6 Nxd5 Qe5 f4 Qh5 Nxf6 Kxf6 e5+ Kf7 Qxh5 gxh5 c3 Nc2+ Kd2 Nxa1 Rxa1 Bf5 Rf1 Rg8 g3 Bh3 Re1 Bg4 c4 Ke6 Ke3 a6 d4 cxd4+ Kxd4 Rd8+ Kc5 Rd2 b4 Rxa2 Kb6 Rb2 Kxb7 Rxb4+ Kxa6 Rxc4 Rd1 Bxd1,"{30003,30003,29923,29643,29643,29563,29539,29467,28811,28867,27771,28587,27419,27987,25011,27027,24267,26787,24131,26675,23323,26475,23179,26043,22795,25875,22715,24147,20203,22587,18483,22275,18099,21147,17275,21003,16995,20795,16531,20659,16387,20235,16163,19683,15779,19075,15131,18555,14715,18339,14291,17611,14035,17059,13827,16811,13691,16187,10675,15723,10475,15139,9979,15011,9803,14859,9379,14461,9093}"
13224,kss5zU4p,black,Drac25,sracenta4,loss,resign,978,980,-2,standard,blitz,blitz,300,0,5+0,lichess.org,31.0,-2.03,63.0,,11/07/25 21:30,2025-07-12 00:38:47.743+00,501.353,C20,King's Pawn Game: Wayward Queen Attack,King's Pawn Game,3,-6,4487,6.71,,,,,5,12447,4.62,,,,,77,39,e4 e5 Qh5 Nc6 Bc4 g6 Qf3 Nf6 c3 d6 h3 Na5 Bd3 Be6 Be2 Nc4 d3 Nb6 Bg5 Bg7 d4 Bc4 Bxc4 Nxc4 dxe5 Nxe5 Qe2 O-O f4 Nc6 Kf1 Qd7 h4 Rae8 Nd2 h6 Bxf6 Bxf6 e5 dxe5 Ne4 Qf5 g3 exf4 g4 Qxe4 Qxe4 Rxe4 g5 hxg5 hxg5 Bg7 b4 f6 gxf6 Rxf6 Rd1 f3 b5 f2 Ne2 Kf7 bxc6 bxc6 Rd7+ Ke6 Rxg7 Rxe2 Kxe2 f1=Q+ Rxf1 Rxf1 Kxf1 Kf6 Rxc7 c5 Rxc5,"{30003,30003,29907,29403,29771,29219,29627,28747,29171,27003,29059,25491,27539,24667,26987,22219,26267,21547,26035,21259,25923,18155,24995,17443,24851,16979,23995,16107,23555,15259,22907,15011,21939,14411,21355,13299,21011,13171,20851,12963,20539,10875,17603,10243,17475,9587,17219,9387,16707,8219,16595,7355,15075,6923,14859,6603,14635,5747,14475,5371,13795,3083,13435,2963,13307,2699,13131,1451,12939,4979,12803,4731,12691,4731,12555,4667,12447,4487}"
13225,Jrfp87nz,white,Drac25,haroldgamboa1414,win,mate,970,1112,-142,standard,blitz,blitz,300,0,5+0,lichess.org,15.0,0.12,25.0,,11/07/25 21:23,2025-07-12 00:26:33.977+00,190.98,C20,King's Pawn Game: Wayward Queen Attack,King's Pawn Game,3,8,18216,5.61,1.0,0.0,1.0,89.0,-11,24919,2.54,3.0,0.0,2.0,72.0,43,22,e4 e5 Qh5 d6 Bc4 Qf6 Qf3 Qxf3 Nxf3 Be7 Nc3 Nf6 d3 O-O Bg5 a6 Nd5 Nxd5 Bxd5 Bxg5 Nxg5 c6 Bxf7+ Rxf7 Nxf7 Kxf7 O-O-O Bg4 f3 Bd7 g4 g6 h4 h6 Rdf1 g5 hxg5 hxg5 Rh7+ Ke6 Rfh1 Kf6 R1h6#,"{30003,30003,29851,30003,29627,30003,29243,29835,29115,29795,28547,29611,28363,29379,27235,29275,27003,27171,25515,26915,25387,26843,24627,26691,24547,26691,23227,26123,22891,25731,22563,25571,22179,25427,19539,25195,19243,25091,18755,25027,18331,24919,18216}"
13226,MpmuFMh4,white,Drac25,Egdelord,win,mate,966,877,89,standard,blitz,blitz,300,0,5+0,lichess.org,14.0,0.97,42.0,,11/07/25 21:06,2025-07-12 00:16:57.196+00,619.244,C50,Italian Game: Paris Defense,Italian Game,6,4,256,5.31,,,,,-7,3069,4.9,,,,,113,57,e4 e5 Nf3 Nc6 Bc4 d6 d3 a6 Nbd2 Bg4 b3 Qg5 Bd5 Bxf3 Nxf3 Qxg2 Bxc6+ bxc6 Rg1 Qh3 Rg3 Qd7 Bb2 Nf6 d4 Nh5 Rg1 g6 dxe5 Bh6 exd6 cxd6 Bxh8 O-O-O Qd3 f6 Qxa6+ Qb7 Qxb7+ Kxb7 Bxf6 Nxf6 Rd1 d5 exd5 cxd5 Nd4 Re8+ Kf1 g5 Nf5 Bf8 Rxg5 Be7 Nxe7 Rxe7 c4 h6 Rg6 dxc4 Rxf6 cxb3 axb3 h5 Rh6 Re5 Re1 Rd5 b4 Rb5 f3 Rxb4 Rxh5 Rc4 Re7+ Kb6 Re6+ Rc6 Rxc6+ Kxc6 f4 Kd6 f5 Ke7 Kf2 Kf6 Kf3 Ke5 Rh8 Kf6 Rh5 Ke5 Kg4 Kf6 Rh6+ Ke5 Kg5 Ke4 f6 Ke5 f7 Kd4 f8=Q Kc3 Rh8 Kb2 Rh3 Kc2 Qf2+ Kc1 Rg3 Kd1 Rg1#,"{30003,30003,29787,29843,29547,29403,29371,29251,29283,28875,29019,27747,27467,26763,26907,26003,25947,25363,24411,24763,23835,23539,22963,23059,16787,22739,15587,22531,15467,21475,14539,21003,14363,20411,13131,19203,11747,18547,10603,18331,9459,17907,8491,16811,7987,16595,7507,15171,7187,13539,6123,12547,5307,10891,4691,10475,3667,9331,3275,8659,3091,8403,2963,8123,2803,7723,2699,6939,2339,6331,1739,6195,1387,5443,1267,5307,1163,5059,1027,4979,951,4875,951,4747,851,4611,851,4395,792,4283,640,4179,579,4067,438,3915,381,3699,381,3571,381,3499,381,3467,365,3419,320,3395,268,3203,256,3069,256}"
13227,fkNI2fD8,white,Drac25,MrsSalamanca,loss,outoftime,972,932,40,standard,blitz,blitz,180,2,3+2,lichess.org,,-4.0,,,11/07/25 20:12,2025-07-11 23:14:25.747+00,100.656,C20,"King's Pawn Game: Wayward Queen Attack, Kiddie Countergambit",King's Pawn Game,4,-6,0,18.0,,,,,7,14100,4.34,,,,,20,10,e4 e5 Qh5 Nf6 Qxe5+ Be7 Qg3 Nxe4 Qxg7 Rf8 Qxh7 Nd6 Bc4 Nxc4 Qe4 Nd6 Qe3 Nc6 d3 b6,"{18003,18003,17843,17843,17931,17867,17955,17843,18051,14723,17907,14547,17579,14459,17563,14483,16723,14371,16171,14100,0}"
13228,5Se65F1o,white,Drac25,kriskamoo,win,resign,967,932,35,standard,blitz,blitz,300,0,5+0,lichess.org,34.0,1.94,50.0,,11/07/25 18:34,2025-07-11 21:40:03.531+00,347.931,C20,"King's Pawn Game: Wayward Queen Attack, Kiddie Countergambit",King's Pawn Game,4,5,11791,7.0,,,,,-6,15181,5.93,,,,,52,26,e4 e5 Qh5 Nf6 Qxe5+ Be7 Qg3 g6 Bc4 Nxe4 Qf4 Nf6 d3 d5 Bb3 Bd7 f3 Nc6 Ba4 O-O Nc3 Re8 Nge2 Bd6 Qh6 Bf8 Qf4 Bd6 Qg5 Nb4 Bxd7 Nxc2+ Kd1 Nxa1 Bxe8 Qxe8 Qxf6 c5 Qxd6 d4 Nd5 Rd8 Qxc5 b6 Qxd4 Rc8 Nf6+ Kf8 Nxe8 Rxe8 b3 b5,"{30003,30003,29939,29627,29779,29403,29651,28979,28731,28571,28211,28315,27027,27971,25755,26835,24363,26579,22307,26147,21867,26059,20931,25891,19459,25571,18339,24587,16723,23723,16275,23323,15843,22995,15547,22675,15403,21283,15107,20587,14723,20363,13643,19059,12491,16795,12211,15955,12083,15859,11987,15181,11791}"
13230,bDZzdg1w,black,Drac25,kai1102hp,win,mate,967,930,37,standard,blitz,blitz,300,0,5+0,lichess.org,17.0,-0.54,58.0,,11/07/25 02:25,2025-07-11 05:35:22.244+00,578.468,A45,Queen's Pawn Game: Chigorin Variation,Queen's Pawn Game,4,6,1400,6.36,,,,,-6,4417,5.69,,,,,92,46,d4 d5 Nc3 Nf6 Nf3 Bf5 Bg5 Nbd7 e3 h6 Bxf6 Nxf6 Bb5+ c6 Ba4 b5 Bb3 a5 a4 e6 axb5 cxb5 Nxb5 Bb4+ c3 Be7 Ba4 O-O Ne5 Ne4 f3 Nd6 Nxd6 Bxd6 Nc6 Qh4+ g3 Qh3 e4 dxe4 fxe4 Bxe4 Rf1 Bxc6 Bxc6 Rab8 Qe2 Rbc8 d5 exd5 Bxd5 Rc5 Be4 f5 Bd3 Re5 Qxe5 Bxe5 Bxf5 Rxf5 Rxf5 Qxf5 Rxa5 Qe4+ Kd2 Bf6 Ra8+ Kh7 Ra2 Qg2+ Kd3 Qxh2 Ke4 Qxg3 Kd5 Qe5+ Kc4 g5 Kd3 g4 Ra7+ Kg6 Ra1 Kg5 Rg1 Qd5+ Ke2 Qb5+ Kf2 Qxb2+ Kg3 Be5#,"{30003,30003,29835,29803,29763,29011,29763,28835,29267,28691,29139,28515,28819,27955,28507,27611,28019,27355,27355,24307,26979,23651,26747,23459,26259,22755,26107,22411,24267,18851,22315,17635,21787,17483,19867,16515,19411,15923,18027,15403,17891,15235,15739,12667,15315,11947,12667,8563,12163,8323,12027,7683,11019,6571,10347,6315,8011,6043,7747,5603,7603,5451,7507,4995,7339,3963,7179,3843,6923,3691,6715,3611,6467,3475,6395,3291,6275,3107,6107,2947,5995,2811,5499,2523,5379,2051,5179,1667,4555,1603,4417,1400}"
13231,Li0jH2WQ,black,Drac25,advurd,win,mate,962,975,-13,standard,blitz,blitz,300,0,5+0,lichess.org,21.0,-2.24,,,11/07/25 02:15,2025-07-11 05:25:14.659+00,571.726,C23,Bishop's Opening,Bishop's Opening,3,5,613,10.13,,,,,-7,4482,8.8,,,,,60,30,e4 e5 Bc4 Nc6 d3 Nf6 a3 Bc5 Be3 Bd4 Bxd4 exd4 Nf3 d6 Ng5 O-O Qf3 Ne5 Qd1 Nxc4 dxc4 Ng4 Nf3 Nf6 Qxd4 Bg4 Nh4 Nd7 e5 Qxh4 exd6 c5 Qf4 f5 h3 Qh6 Qg3 Bh5 Qd3 Bg6 Qd5+ Bf7 Qxb7 Be6 O-O Rab8 Qxa7 Rxb2 Re1 Rxc2 Re3 f4 Rb3 Qg6 g4 fxg3 fxg3 Bxc4 Re3 Rf1#,"{30003,30003,28867,29811,28179,28483,27995,27651,26531,26835,25931,25907,25299,24403,23315,24171,22763,22891,21779,21931,21627,21003,20299,19323,20179,17515,19523,13443,18891,12963,17459,11459,16163,10347,15891,8691,13539,7755,13027,7323,12771,5659,12059,4771,11107,4043,10915,3843,10699,3003,6667,2371,6331,1451,5875,1235,5195,806,4482,613}"
13232,cwZ1m2kK,white,Drac25,advurd,loss,mate,967,968,-1,standard,blitz,blitz,300,0,5+0,lichess.org,17.0,3.59,,,11/07/25 02:08,2025-07-11 05:15:29.252+00,398.241,C20,King's Pawn Game: Wayward Queen Attack,King's Pawn Game,3,-5,10944,10.59,,,,,7,10870,10.63,,,,,38,19,e4 e5 Qh5 Nc6 Bc4 g6 Qf3 Nf6 c3 d6 d3 Be6 Bg5 Bxc4 Bxf6 Qd7 Bxh8 Bb5 Bf6 d5 Na3 dxe4 Qxe4 Bxd3 Qf3 Bc5 O-O-O e4 Qh3 Qd6 Qg3 Qxf6 Qxc7 Qxf2 Qxb7 Be3+ Rd2 Qxd2#,"{30003,30003,29947,29371,29763,26979,29635,26139,29227,25875,28667,24603,28379,23491,27947,20771,27531,19555,25435,17467,24867,16779,24155,16667,23075,15195,22667,14211,18811,12563,17275,12275,16219,11483,13251,11323,10944,10870}"
13233,BPeXQCkZ,black,Drac25,yoyoooooo,loss,mate,973,954,19,standard,blitz,blitz,300,0,5+0,lichess.org,,,,,11/07/25 02:07,2025-07-11 05:08:32.332+00,62.273,C46,Three Knights Opening,Three Knights Opening,5,-6,26864,5.23,,,,,13,27804,3.14,,,,,15,8,e4 e5 Nf3 Nc6 Nc3 Nd4 Nxe5 Bd6 Nf3 Nxf3+ Qxf3 Be5 Bc4 d6 Qxf7#,"{30003,30003,29883,29939,29475,28779,28539,28003,28379,27459,28131,27331,27947,26864,27804}"
13234,2R2L066b,black,Drac25,chrihtopher,win,timeout,968,951,17,standard,blitz,blitz,300,0,5+0,lichess.org,,1.48,,,11/07/25 02:05,2025-07-11 05:06:48.452+00,92.127,C46,Three Knights Opening,Three Knights Opening,5,5,23722,8.97,,,,,-6,24352,7.06,,,,,16,8,e4 e5 Nc3 Nc6 Nf3 h6 d4 Bb4 dxe5 Bxc3+ bxc3 f6 exf6 Qxf6 Bb2 Nge7,"{30003,30003,29891,29851,29803,29027,29715,28443,29195,28187,29195,26443,28931,26259,27979,23722,24352}"
13235,t0Di3w6A,black,Drac25,wantentdisregaurd,loss,resign,974,955,19,standard,blitz,blitz,300,0,5+0,lichess.org,27.0,-2.9,,,11/07/25 02:00,2025-07-11 05:05:04.208+00,287.354,D06,Queen's Gambit Declined: Marshall Defense,Queen's Gambit Declined,4,-6,14702,8.5,,,,,6,17888,6.73,,,,,37,19,d4 d5 c4 Nf6 Nc3 Bf5 Bg5 Nbd7 g3 e6 Bg2 dxc4 e4 Bg6 e5 h6 Bxf6 gxf6 Nf3 fxe5 dxe5 c6 O-O Bg7 Re1 O-O Qa4 Nc5 Qxc4 Nd3 Re3 Nxb2 Qb4 Nd3 Qxb7 Qd4 Nxd4,"{30003,30003,29923,29595,29531,29219,28819,28003,28667,27851,28611,27539,27787,27019,27083,25331,25875,24979,25099,24571,24723,23323,24627,21155,23387,20795,23043,20411,22451,18915,21147,18395,19931,17659,18899,15379,17888,14702}"
13236,9PdpHphh,white,Drac25,piggyfig,draw,outoftime,973,1039,-66,standard,blitz,blitz,300,0,5+0,lichess.org,18.0,2.24,50.0,,11/07/25 01:49,2025-07-11 05:00:00.206+00,623.044,D00,Queen's Pawn Game: Chigorin Variation,Queen's Pawn Game,3,1,0,5.09,,,,,-1,1253,4.96,,,,,118,59,d4 d5 Nc3 c6 Bf4 h6 e3 g5 Be5 f6 Bg3 e6 h3 Bd6 Nge2 Bxg3 Nxg3 b5 Nh5 Qc7 Bd3 f5 e4 dxe4 Be2 Ba6 Qd2 b4 Na4 Bxe2 Qxe2 Qa5 b3 Qd8 Qc4 Nf6 Qxe6+ Qe7 Nxf6+ Kf8 Qxe7+ Kxe7 Nh5 Na6 O-O Rad8 Rad1 c5 Nxc5 Nxc5 dxc5 Rxd1 Rxd1 Rc8 Rd5 Ke6 Rd6+ Ke5 Kf1 Rxc5 Rd8 Rxc2 Re8+ Kd4 Ng3 Rxa2 Nxf5+ Kc3 Rxe4 Kxb3 Nd4+ Ka4 Nc6 Ra1+ Ke2 Ra2+ Kf3 Ra3+ Kg4 Rb3 Nxa7 Ra3 Nc6 Rb3 f3 Kb5 Na7+ Ka4 Nc6 Kb5 Nd4+ Ka4 Nxb3 Kxb3 Kh5 Kc3 Kxh6 b3 Re1 b2 Kxg5 Kc2 f4 Kd2 Rh1 Ke3 f5 Kf2 Rb1 Kxg2 Rxb2+ Kxh3 f6 Kg3 f7 Kf3 f8=Q+ Ke3,"{30003,30003,29923,29923,29595,29363,29067,29195,28043,29083,27891,28499,27227,28379,26099,27747,25939,26915,25483,24443,23787,24035,22907,23787,22363,22771,19635,22355,19227,22099,18011,20115,17571,17835,16915,16267,16251,15923,15859,14955,14875,14691,14011,14515,13179,14019,12779,13035,11643,12715,11555,12595,11507,12003,10523,11651,9739,10939,7955,10763,7275,10387,6867,9995,6003,9491,5763,9163,5275,8443,5155,7395,4579,6843,4451,6699,4331,6371,3827,5171,3331,4123,3195,3971,2747,3443,2227,3219,1963,3019,1715,2715,1659,2643,1531,2363,1379,2283,1115,2147,840,2083,623,1947,488,1755,436,1683,207,1411,162,1411,71,1411,29,1307,29,1253,0}"
13237,5mE4C4ei,white,Drac25,tongkoMatt,win,outoftime,966,998,-32,standard,blitz,blitz,300,0,5+0,lichess.org,20.0,0.9,,,11/07/25 01:39,2025-07-11 04:48:41.605+00,559.76,C20,King's Pawn Game: Wayward Queen Attack,King's Pawn Game,3,7,5709,9.0,,,,,-6,0,11.11,,,,,55,28,e4 e5 Qh5 Nc6 Bc4 g6 Qf3 Nf6 d3 Bg7 Bg5 Nd4 Qd1 c6 c3 Ne6 Bxe6 dxe6 Nf3 b5 Nxe5 O-O Nxc6 Qd6 Nb4 e5 h3 h6 Bh4 g5 Bg3 h5 f3 Rd8 Na3 a6 Qe2 h4 Bh2 Bd7 O-O-O a5 Nbc2 Rdc8 d4 b4 dxe5 Qb6 Nc4 Qc6 exf6 Bxf6 Nd6 Rd8 Nf5,"{30003,30003,29947,29323,29891,28955,29795,28611,29699,28291,29427,28035,29211,26931,28827,25603,27955,24003,27851,23371,27571,19371,26923,17187,24051,14595,22427,14227,20979,13603,20627,12947,19891,11387,17467,10315,16339,9323,15411,8259,14307,7851,13827,7491,13139,5723,11659,3267,10827,2083,7259,1731,6755,245,5709,0}"
13238,vEpHCsAT,black,Drac25,peepspeeps,loss,mate,973,927,46,standard,blitz,blitz,300,0,5+0,lichess.org,30.0,4.03,44.0,,11/07/25 01:31,2025-07-11 04:39:13.338+00,468.198,C60,Ruy Lopez: Cozio Defense,Ruy Lopez,6,-7,13946,7.3,,,,,8,952,12.63,,,,,47,24,e4 e5 Nf3 Nc6 Bb5 Nge7 O-O a6 Ba4 b5 Bb3 Nd4 Bxf7+ Kxf7 Nxe5+ Kg8 Qh5 g6 Qd1 d6 Nf3 Bb7 Nxd4 Bxe4 Ne6 Qe8 Nxc7 Qc8 Nxa8 Qxa8 f3 Bc6 d3 Qa7+ Kh1 Nf5 Nc3 Bg7 Ne4 Bxe4 fxe4 Ne3 Bxe3 Qxe3 Qf3 Qd4 Qf7#,"{30003,30003,29939,29747,29883,29435,29571,29267,29419,29115,29203,28923,12243,27755,11267,26203,8379,25499,6243,23563,5291,23075,5131,22427,4723,21531,4347,20779,3907,19523,3619,18467,3083,17803,2971,17227,2227,16587,1963,15843,1851,15299,1659,15187,1219,13946,952}"
13240,3rUIFR3F,black,Drac25,LeonaldoDeLaCruz,loss,outoftime,972,974,-2,standard,blitz,blitz,300,0,5+0,lichess.org,19.0,-0.99,,,11/07/25 01:13,2025-07-11 04:22:00.248+00,503.132,D06,Queen's Gambit Declined: Baltic Defense,Queen's Gambit Declined,4,-5,0,10.35,,,,,26,11817,6.27,,,,,59,30,d4 d5 c4 Bf5 Nf3 e6 Nc3 c5 dxc5 Bxc5 Ne5 Nc6 Nxc6 bxc6 cxd5 exd5 Qa4 Ne7 e3 O-O Be2 d4 exd4 Bxd4 O-O Bd7 Qxd4 c5 Qxc5 Rc8 Qg5 f6 Qh5 Be8 Qh4 Ng6 Qe4 Bc6 Qc2 Re8 Qb3+ Kh8 Bc4 Rb8 Qc2 Ne5 Bb3 Nf3+ Kh1 Nxh2 Kxh2 Qd6+ Kg1 f5 Be3 Qg6 f3 Rxe3 Rfe1,"{30003,30003,29811,29387,29539,28515,29355,28363,29195,28155,29067,25563,28771,25355,28683,25091,28067,24547,26675,24019,26267,22531,26075,22243,24595,20115,23539,19379,22851,17915,22123,16811,21883,15979,21555,15507,19523,15027,19107,12307,18723,11387,18587,7563,17291,5915,16291,3291,15619,2619,15195,2235,14251,844,13523,618,12539,134,11817,0}"
13241,2vjH0ezf,white,Drac25,johnybgud,win,mate,966,979,-13,standard,blitz,blitz,300,0,5+0,lichess.org,23.0,0.11,51.0,,11/07/25 00:27,2025-07-11 03:36:57.13+00,570.255,B01,Scandinavian Defense,Scandinavian Defense,2,6,4286,7.79,,,,,-7,789,9.13,,,,,67,34,e4 d5 Bb5+ c6 Bd3 dxe4 Bxe4 e5 Nf3 Bd6 d3 Bg4 h3 Bxf3 Bxf3 Nf6 Bg5 Nbd7 Nd2 O-O Nc4 Be7 Qe2 c5 Bxb7 Rb8 Bf3 Nb6 Nxe5 Qd4 Nc6 Qxb2 Nxe7+ Kh8 O-O Rbe8 Bxf6 gxf6 Bc6 Rc8 Nxc8 Rxc8 Be4 Re8 Qh5 f5 Qxf7 Rg8 Bxf5 Qg7 Qxg7+ Rxg7 Rae1 Rg5 Bg4 Kg7 Re7+ Kg6 Rxa7 Nd5 c4 Nf4 Rb1 h5 Rb6+ Ne6 Rxe6#,"{30003,30003,29291,29291,28955,28907,28795,28203,28099,27427,27547,25403,27099,24619,26939,23299,25299,22315,24843,21811,24619,20419,23547,19467,22211,19211,20971,17603,20187,14939,19651,14211,18899,13955,18219,12331,16979,12027,14827,6315,14307,6131,13323,5819,12739,4451,11371,3891,10851,3547,9307,3443,8795,3179,8203,3035,7875,2867,7699,2731,5603,2299,4787,1395,4467,789,4286}"
13242,mCby3WpI,black,Drac25,Seattle_Viking,loss,resign,972,981,-9,standard,blitz,blitz,300,0,5+0,lichess.org,15.0,-0.17,,,11/07/25 00:24,2025-07-11 03:27:06.677+00,177.965,A45,Trompowsky Attack,Trompowsky Attack,3,-6,22542,4.39,,,,,6,22048,4.68,,,,,35,18,d4 Nf6 Bg5 d5 Bxf6 exf6 Nc3 c6 e3 Bf5 Bd3 Bb4 Qd2 Bxd3 Qxd3 Bxc3+ Qxc3 O-O Nf3 f5 Qb4 b5 Qc5 Nd7 Qxc6 Rc8 Qxb5 Rxc2 Qb3 Rc8 Qxd5 Nf6 Qxf5 Qa5+ Qxa5,"{30003,30003,29579,29459,29339,28835,28987,28491,28667,28059,28139,27923,27883,27715,27291,27539,27099,27451,26787,26883,26339,26507,25835,26051,25179,25403,24475,25147,23243,24051,22907,23659,22371,22947,22048,22542}"
13243,WxMSH1TG,white,Drac25,Ngocminh2019,loss,outoftime,978,949,29,standard,blitz,blitz,300,0,5+0,lichess.org,29.0,4.2,72.0,,10/07/25 22:04,2025-07-11 01:12:02.705+00,477.604,C20,"King's Pawn Game: Wayward Queen Attack, Kiddie Countergambit",King's Pawn Game,4,-6,0,8.33,,,,,6,16798,3.77,,,,,72,36,e4 e5 Qh5 Nf6 Qxe5+ Be7 Qg3 Nxe4 Qxg7 Bf6 Qg4 d6 Qxe4+ Be6 Bc4 O-O Bxe6 fxe6 Qg4+ Kh8 Nf3 Rg8 Qxe6 Nc6 O-O Re8 Qf7 Ne5 Nxe5 dxe5 d3 Qd6 Nc3 Rf8 Qb3 Bg5 Bxg5 Rg8 Be3 Qd7 Qxb7 Qh3 g3 Raf8 Bc5 Rf5 Ne4 Rg6 Qxc7 Rh6 Qc8+ Kg7 Qd7+ Kg8 Qe6+ Kg7 Qe7+ Kg8 Nf6+ Kh8 Qe8+ Kg7 Qf8+ Kg6 Qg8+ Kxf6 Qf8+ Ke6 Qe7+ Kd5 Qd6+ Rxd6,"{30003,30003,29931,29779,29667,29555,29491,29331,29235,28931,28531,28739,28283,28451,27403,28131,26995,27859,26059,27611,24787,26747,24427,26475,23715,25979,21891,25395,20771,25179,20243,24379,19299,24043,18571,23675,18155,22947,17539,22723,17139,22435,13019,21299,12339,21003,11531,20475,10987,19971,8267,19643,7819,19371,6987,19019,5483,18827,4523,18451,3739,18227,2547,17939,940,17763,436,17587,212,17219,73,16798,0}"
13244,smdeMiOt,white,Drac25,houmylite,win,resign,972,979,-7,standard,blitz,blitz,300,0,5+0,lichess.org,16.0,-3.89,,,10/07/25 22:02,2025-07-11 01:03:50.81+00,101.418,C20,King's Pawn Game: Wayward Queen Attack,King's Pawn Game,3,6,23780,6.22,,,,,-5,27273,2.73,,,,,21,11,e4 e5 Qh5 d6 Bc4 g6 Qf3 f6 Nc3 c6 b4 b5 a3 bxc4 Nge2 Bh6 Bb2 Ne7 Qxf6 Ng8 Qxh8,"{30003,30003,29939,29771,29763,29667,29587,29203,28699,29067,27979,28851,27307,28659,25715,27931,25307,27731,24091,27411,23780,27273}"
13245,lhH0ShrO,black,Drac25,Nimisha5,win,outoftime,967,910,57,standard,blitz,blitz,300,0,5+0,lichess.org,29.0,-3.12,,,10/07/25 21:47,2025-07-11 00:56:53.41+00,533.854,D02,Queen's Pawn Game: Chigorin Variation,Queen's Pawn Game,4,5,9833,9.6,,,,,-24,0,13.64,,,,,44,22,d4 d5 Nf3 Nc6 Bf4 e6 e3 f6 Bb5 Bd7 O-O a6 Be2 g5 Bg3 Bg7 Nbd2 g4 Nh4 f5 f3 Bf6 fxg4 Bxh4 Bxh4 Qxh4 gxf5 O-O-O Rf4 Qg5 fxe6 Bxe6 Nf3 Qh6 Qd3 Nge7 Rc1 Rhg8 Nd2 Bh3 Bf3 Rg6 Rf1 Rdg8,"{30003,30003,29523,29731,28603,29059,28067,28843,27011,28475,26339,27659,25619,26307,25203,25115,22851,23683,19947,23467,17867,23219,17163,22715,16467,22539,15611,21851,14283,20275,12947,19235,11147,16971,7707,15667,4507,15363,2963,13715,1419,10107,146,9833,0}"
13246,ujD0F680,white,Drac25,Bobby0531,win,resign,961,994,-33,standard,blitz,blitz,300,0,5+0,lichess.org,25.0,-1.44,50.0,,10/07/25 21:38,2025-07-11 00:47:38.982+00,528.559,C20,King's Pawn Game: Wayward Queen Attack,King's Pawn Game,3,6,2417,5.52,,,,,-6,10546,3.89,,,,,101,51,e4 e5 Qh5 Qe7 Bc4 Nf6 Qd1 c6 f3 d5 Be2 dxe4 fxe4 Nxe4 d3 Nf6 Bg5 h6 Bh4 Nbd7 Nc3 Qd8 Nf3 Bb4 Qd2 Bxc3 Qxc3 b5 Nxe5 O-O Nxc6 Bb7 Nxd8 Raxd8 O-O-O Bxg2 Rhg1 Bd5 Bxf6 g6 Bg7 Rfe8 Bg4 Nb6 a3 Rc8 Qb4 Kxg7 Bxc8 Rxc8 Qd4+ Kf8 c4 bxc4 Kb1 cxd3 Rge1 Be6 Qxd3 Ra8 Qd6+ Kg8 Rxe6 fxe6 Qxe6+ Kh7 Qf7+ Kh8 Re1 Nc4 Qxc4 Rg8 Qf7 h5 Re8 Rxe8 Qxe8+ Kh7 Qe7+ Kh6 Qxa7 g5 Qg1 h4 b4 Kh5 Qg2 g4 b5 h3 Qg3 Kg5 b6 Kf6 b7 Ke7 b8=R Ke6 Rb6+ Kf7 Qc7+,"{30003,30003,29915,29795,29723,29683,29491,29355,29371,29179,28763,28947,27987,28819,27283,28499,27059,28283,26835,28011,26339,27435,25243,27211,23859,25819,23715,24867,23563,23955,23019,23459,22763,23075,20931,22747,20563,21883,20379,21547,19371,21339,18187,20131,17835,19227,15907,19003,15091,18787,14507,18499,13203,18347,11003,17235,10595,16139,9723,15651,9011,15307,8827,15139,8331,14955,7203,14779,6395,14283,5171,14091,4243,13515,3979,13131,3851,13019,3659,12803,3587,12499,3531,12243,3531,12131,3371,11947,3211,11819,3131,11611,3067,11483,3027,11443,2859,11443,2603,11187,2417,10546}"
13247,uIk3dgn4,black,Drac25,Bobby0531,loss,outoftime,966,989,-23,standard,blitz,blitz,300,0,5+0,lichess.org,17.0,4.75,44.0,,10/07/25 21:29,2025-07-11 00:38:29.854+00,519.484,C68,Ruy Lopez: Exchange Variation,Ruy Lopez,7,-5,0,7.14,,,,,5,11935,4.3,,,,,85,43,e4 e5 Nf3 Nc6 Bb5 a6 Bxc6 dxc6 Nxe5 Bd6 Nf3 Bg4 d4 Nf6 e5 Bxf3 Qxf3 Bb4+ c3 Bxc3+ bxc3 Nd5 Bg5 f6 exf6 gxf6 Bh4 Qd6 O-O O-O-O Nd2 Rde8 Ne4 f5 Ng5 Rhf8 Nxh7 Rh8 c4 Rxh7 Bg3 f4 cxd5 fxg3 hxg3 Reh8 Qf5+ Kb8 f4 cxd5 Kf2 c6 Qe5 Qxe5 dxe5 Rf8 a4 Kc7 a5 Kd7 Rab1 Ke6 Ke1 d4 Rb4 c5 Rb6+ Kf5 e6 Re7 Kd2 c4 Re1 Kg4 Re4 c3+ Kd3 Kxg3 Rxd4 c2 Rc4 Kxg2 Rxc2+ Kf3 Rb4,"{30003,30003,29907,29915,29715,29379,29523,29275,29467,28651,29267,28059,28739,27851,28547,27459,28395,26379,28235,26091,28083,25427,27619,24467,27379,24243,26483,22371,26179,20763,25587,19627,25083,19179,24203,17827,23635,17715,22939,15051,22683,14275,22227,13987,22115,13507,21347,13091,21219,11035,19915,10187,18971,8291,18827,7859,18387,7699,18195,7315,17995,6611,17091,5707,16771,5507,16427,5275,16059,4539,15307,4011,14731,1451,13659,1107,13403,904,13099,464,12955,253,12667,180,11935,0}"
13248,t4U034g6,white,Drac25,Bobby0531,loss,mate,972,983,-11,standard,blitz,blitz,300,0,5+0,lichess.org,18.0,-5.36,53.0,,10/07/25 21:21,2025-07-11 00:29:36.464+00,502.092,C20,King's Pawn Game: Wayward Queen Attack,King's Pawn Game,3,-6,511,8.67,,,,,6,13298,4.91,,,,,70,35,e4 e5 Qh5 Qe7 Bc4 Nf6 Qf3 c6 Nc3 a5 d3 b5 Bb3 a4 Bxf7+ Qxf7 Bg5 d6 Bxf6 gxf6 Nce2 Be6 b3 Nd7 c3 O-O-O bxa4 bxa4 c4 Nb6 a3 c5 Nc3 Kc7 Nb5+ Kb7 Rb1 Qg6 Ne2 Bg4 Qg3 Rg8 h3 Bxe2 Qxg6 Rxg6 Kxe2 Rxg2 Rhg1 Rh2 Rg8 Rxh3 Rxf8 Rxf8 Nxd6+ Kc6 Nf5 Nd7 d4 cxd4 Rb5 Nc5 Ne7+ Kd7 Nd5 d3+ Kd2 Nb3+ Kd1 Rh1#,"{30003,30003,29923,29795,28651,29043,28067,28187,27667,27691,27147,27515,26963,26995,26435,26835,26011,26155,25187,25971,23891,25659,22939,25219,21931,24595,19691,24363,18763,23547,18427,23107,17299,21803,16403,21611,16155,20395,13755,20067,12667,19771,11659,19595,10331,19451,10107,19275,9355,18787,9179,18419,8467,18203,8379,17267,7483,16083,6451,15899,5139,15491,4547,14475,2739,14307,2251,13899,511,13298}"
13249,fb3ZTdrn,white,Drac25,Kichmet,loss,mate,977,1019,-42,standard,blitz,blitz,300,0,5+0,lichess.org,25.0,-3.76,,,10/07/25 21:13,2025-07-11 00:20:42.955+00,414.388,B06,Modern Defense,Modern Defense,2,-5,7671,12.41,,,,,6,12731,9.6,,,,,38,19,e4 g6 d4 d6 d5 Nf6 Nc3 Bg7 Nf3 O-O Bf4 e5 Bg5 Qd7 Qd2 Na6 O-O-O Nb4 Nb5 Nxa2+ Kb1 a6 Nxc7 Qxc7 Kxa2 Nxe4 Qe2 Nc5 Kb1 Qb6 Qc4 e4 Nd4 Bf5 Be2 Rac8 Nxf5 Qxb2#,"{30003,30003,29435,30003,29243,29827,28843,29595,28003,29251,27659,28539,27099,27331,26835,26163,24707,25507,23507,24427,23355,21739,20707,20787,20347,19563,18795,17371,16811,16675,13891,16155,12411,14523,11507,13131,7671,12731}"
13250,wartycCf,white,Drac25,gokr09,loss,mate,983,976,7,standard,blitz,blitz,300,0,5+0,lichess.org,23.0,1.56,42.0,,10/07/25 20:44,2025-07-10 23:52:16.424+00,471.2,C20,King's Pawn Game: Wayward Queen Attack,King's Pawn Game,3,-6,3793,7.49,,,,,6,11500,5.29,,,,,72,36,e4 e5 Qh5 Nc6 Bc4 g6 Qf3 Nf6 d3 Nd4 Qd1 Bc5 Nf3 c6 Bg5 O-O Nxe5 d6 Nf3 Bg4 c3 Nxf3+ gxf3 Bh5 d4 d5 Bxd5 cxd5 dxc5 b6 Qd4 Qe8 Bxf6 Bxf3 Nd2 Bxh1 O-O-O Bxe4 Bg7 f6 Bxf8 Qxf8 Nxe4 dxe4 Qxe4 bxc5 Qd5+ Kh8 Kc2 a5 Qc4 a4 a3 Qh6 Qxc5 Qxh2 Qe7 Qh4 b3 Qxf2+ Kb1 axb3 Rd8+ Rxd8 Qxd8+ Kg7 Qc7+ Kh6 Qb7 Qc2+ Ka1 Qa2#,"{30003,30003,29947,29795,29611,29563,29355,29363,29211,29027,28243,28563,27779,27555,27499,27099,25883,26019,24995,25139,23939,24755,23715,23907,22475,23659,21187,23403,20907,20499,19155,18403,17499,18163,16707,17971,15995,17467,15739,16875,15283,16651,15179,16467,14251,16283,13707,15987,11339,15435,10699,15171,10515,14763,9579,14283,8643,13507,7667,12691,6323,12555,6035,12331,5883,12243,4995,12131,4091,11931,3793,11500}"
13251,8aizRbLM,black,Drac25,Slyth,win,mate,977,963,14,standard,blitz,blitz,300,0,5+0,lichess.org,21.0,0.55,,,10/07/25 20:39,2025-07-10 23:44:12.47+00,309.815,C23,Bishop's Opening: Boi Variation,Bishop's Opening,4,6,6433,10.25,,,,,-5,24296,2.48,,,,,48,24,e4 e5 Bc4 Bc5 Qh5 g6 Qf3 Nf6 d3 O-O g4 d6 g5 Nh5 h4 Nf4 Ne2 Nc6 Nxf4 exf4 Qxf4 Ne5 h5 Nxc4 dxc4 Be6 hxg6 fxg6 Qh4 Bxf2+ Ke2 Bxh4 Rxh4 Qd7 b3 Bg4+ Kd3 Bh5 Nc3 c6 Bb2 Rf3+ Kd4 c5+ Kd5 Qc6+ Ke6 Re8#,"{30003,30003,29811,29675,29587,28531,29467,28443,29251,23267,29251,22259,29099,21115,28587,19795,28435,17739,28299,17491,28195,16595,27979,15563,27619,14035,27459,13763,26851,12611,26547,12435,26411,11643,26267,11275,26139,10179,25899,9995,25331,9163,24787,8707,24499,7355,24296,6433}"
13252,4PmSQLBp,black,Drac25,ksrnr,win,resign,972,920,52,standard,blitz,blitz,300,0,5+0,lichess.org,17.0,0.65,45.0,,10/07/25 20:31,2025-07-10 23:37:58.275+00,398.964,C50,Italian Game: Anti-Fried Liver Defense,Italian Game,6,5,9169,9.47,,,,,-5,11047,8.24,,,,,46,23,e4 Nc6 Nf3 h6 Bc4 e5 Nc3 d6 d3 Bg4 h3 Bxf3 Qxf3 Nf6 Nd5 Be7 Be3 Nd4 Qd1 c6 Nxf6+ Bxf6 c3 Nb5 a4 Nc7 b4 d5 Bb3 dxe4 dxe4 Qxd1+ Rxd1 O-O O-O Ne6 b5 Nf4 c4 Bg5 c5 Ne2+ Kh1 Bxe3 fxe3 Ng3+,"{30003,30003,29891,29627,29747,29203,29435,28443,29267,27155,29059,26979,28907,26467,28395,25083,27499,24723,25155,23603,24267,22987,24091,20411,22251,19731,21907,18787,19715,17299,18003,16915,17739,16771,16891,15723,15603,15515,13787,11107,13251,10315,12763,9531,12571,9169,11047}"
13253,EU9lg8lt,black,Drac25,manejate27,win,mate,966,993,-27,standard,blitz,blitz,300,0,5+0,lichess.org,14.0,0.11,42.0,,10/07/25 19:29,2025-07-10 22:35:33.771+00,334.992,A04,Zukertort Opening: Black Mustang Defense,Zukertort Opening,2,6,11573,9.21,,,,,-6,17012,6.5,,,,,42,21,Nf3 Nc6 g3 e5 Bg2 Bc5 d4 exd4 Bg5 f6 Bf4 g5 Bc1 d6 O-O Bg4 a3 Nge7 b4 Bb6 Bb2 Nf5 a4 a5 b5 Ne5 Nxe5 dxe5 e3 Bxd1 Rxd1 Qd6 exd4 Bxd4 Bxd4 Nxd4 c3 Ne2+ Kh1 Qxd1+ Bf1 Qxf1#,"{30003,30003,29163,29651,28987,29139,28795,28851,28187,28187,27819,26595,27075,25483,26627,22987,26347,21987,26187,21547,26003,21019,25739,20187,25571,19491,24323,19107,23547,18419,23339,14067,18755,13187,18355,12659,18163,12035,17219,11883,17012,11573}"
13254,D4QcrL3u,white,Drac25,Dionvanhorssen,win,resign,961,955,6,standard,blitz,blitz,300,0,5+0,lichess.org,20.0,-0.06,57.0,,10/07/25 19:20,2025-07-10 22:29:35.584+00,572.647,D00,"Queen's Pawn Game: Chigorin Variation, Irish Gambit",Queen's Pawn Game,4,5,380,9.56,,,,,-6,4625,8.19,,,,,63,32,d4 d5 Nc3 c5 Bf4 e6 Nb5 Qa5+ Nc3 Nf6 f3 Nc6 e3 g6 Bb5 Bd7 Bxc6 Bxc6 Ne2 Bg7 Bd6 O-O-O Bxc5 Nd7 Be7 Rde8 Bd6 Bh6 f4 g5 g3 gxf4 exf4 Bg7 a3 Qd8 Qd3 Nb6 Bc5 Nc4 Bxa7 Nxb2 Qf3 Re7 Bc5 Rc7 Bb6 Bb5 Nxb5 Nd3+ Qxd3 Bxd4 Bxc7 Qd7 Qxd4 Qxb5 Qxh8+ Kxc7 O-O Qc5+ Kh1 Qxc2 Rac1,"{30003,30003,29811,28707,29035,28547,28355,26379,26691,25603,23411,25435,23131,24059,21731,23787,20755,23603,20331,23155,18963,22707,18403,20835,16971,20459,16507,19811,15651,19379,14947,18995,14267,17947,13203,16931,10603,16771,9715,16291,8963,15867,5451,14299,4787,12819,3267,11683,1787,8539,1595,7403,1203,6531,1043,6259,810,6059,662,5803,519,5251,380,4625}"
13255,fzTV7VcW,black,Drac25,Ahmed-Lotfi,win,resign,954,982,-28,standard,blitz,blitz,300,0,5+0,lichess.org,26.0,-7.88,35.0,,10/07/25 19:12,2025-07-10 22:19:45.892+00,406.811,B07,King's Pawn Game: Maróczy Defense,King's Pawn Game,4,7,8673,8.2,,,,,-6,12199,6.59,,,,,54,27,e4 e5 d4 d6 d5 Nf6 Bd3 c6 dxc6 Nxc6 c3 d5 exd5 Qxd5 f3 e4 fxe4 Nxe4 Nf3 Bc5 c4 Qe6 Nc3 Nxc3+ Kd2 Nxd1 Ng5 Be3+ Kxd1 Bxg5 Re1 Qxe1+ Kxe1 Bxc1 Rxc1 O-O Kd2 Nb4 Be4 Rd8+ Ke2 Bg4+ Ke3 Re8 h3 Bf5 a3 Nc6 Kf4 Bxe4 Re1 Bxg2 h4 Rxe1,"{30003,30003,29571,29099,29355,28611,28963,27907,28667,27051,28411,25019,27883,23979,27547,23731,27315,23435,24811,21867,24523,20955,22035,20043,20523,18787,19779,17891,19435,17499,19315,16011,18899,15787,18755,15307,18515,14395,17931,12995,16475,12579,15803,12123,15243,11691,14587,9699,13675,9347,12859,8867,12515,8673,12199}"
13300,QIHb4KDn,white,Drac25,luisbo1216,win,mate,951,924,27,standard,blitz,blitz,300,0,5+0,lichess.org,,,,,07/07/25 19:39,2025-07-07 22:41:12.914+00,88.71,C20,"King's Pawn Game: Wayward Queen Attack, Kiddie Countergambit",King's Pawn Game,4,5,25417,7.64,,,,,-6,26875,6.26,,,,,13,7,e4 e5 Qh5 Nf6 Qxe5+ Be7 Bc4 Nc6 Qg3 Nxe4 Qxg7 Bf6 Qxf7#,"{30003,30003,29915,29731,29779,29155,28307,28347,27291,27827,26075,26875,25417}"
13256,0SxWxkeo,white,Drac25,Winsham,win,mate,949,945,4,standard,blitz,blitz,300,0,5+0,lichess.org,20.0,-0.46,43.0,,10/07/25 19:03,2025-07-10 22:12:31.793+00,512.812,D00,Queen's Pawn Game: Accelerated London System,Queen's Pawn Game,3,5,7957,7.6,,,,,-6,2392,9.86,,,,,59,30,d4 d5 Bf4 Nf6 e3 e6 Nc3 Nbd7 Bd3 c6 Nf3 Qa5 Ne5 Bb4 Nxd7 Bxc3+ bxc3 Qxc3+ Kf1 Bxd7 Be5 c5 Bxf6 gxf6 Rb1 b6 Qh5 O-O-O h3 cxd4 Ba6+ Kc7 Qe2 dxe3 fxe3 Qa3 e4 Qxa2 Kf2 Rhe8 Bb5 Bxb5 Rxb5 dxe4 Rbb1 f5 Ra1 Qb2 Rxa7+ Kb8 Qa6 Rd2+ Kg3 Rxg2+ Kxg2 Qxc2+ Kg3 e3 Qb7#,"{30003,30003,29851,29867,29763,29739,29347,29587,29203,29427,28875,28843,27979,28131,26179,27083,26003,26883,25771,26547,24819,23507,24147,23227,23011,22307,21499,20043,18891,18971,17987,17499,16643,16051,16171,14347,15091,13139,14115,11915,13139,10779,12363,9371,11107,8195,10899,7083,10691,6139,9659,4723,9387,4203,8323,4003,8211,2392,7957}"
13257,X9R7DIQ9,black,Drac25,bloody834,loss,resign,953,1048,-95,standard,blitz,blitz,300,0,5+0,lichess.org,22.0,8.51,,,10/07/25 19:00,2025-07-10 22:03:40.411+00,211.029,D30,Queen's Gambit Declined,Queen's Gambit Declined,4,-4,19447,9.6,,,,,4,20207,8.91,,,,,23,12,d4 d5 c4 e6 Bd2 dxc4 Qa4+ Nc6 Nf3 Bd7 Qxc4 e5 d5 Bg4 Qxg4 Bb4 Bxb4 e4 Qxe4+ Qe7 Bxe7 Ngxe7 dxc6,"{30003,30003,29851,29691,29411,28691,29147,27643,28763,26939,28467,25259,27235,22563,22459,21571,21395,20939,20859,20203,20363,20051,20207,19447}"
13258,0stXpup2,white,Drac25,Aletit,win,mate,947,944,3,standard,blitz,blitz,300,0,5+0,lichess.org,21.0,3.28,49.0,,10/07/25 18:48,2025-07-10 21:58:07.3+00,594.363,C20,Center Game,Center Game,3,6,781,5.96,,,,,-6,3684,5.48,,,,,99,50,e4 e5 d4 Qf6 Nf3 d6 Bg5 Qg6 Qd2 f6 Bh4 Qxe4+ Be2 Bg4 O-O Bxf3 Bxf3 Qxh4 Bxb7 Nh6 Bxa8 Ng4 h3 Nh6 dxe5 fxe5 Nc3 Qb4 a3 Qxb2 Rab1 Qxa3 Rxb8+ Kd7 Rb3 Qc5 Nd5 Be7 Nxe7 Kxe7 Bf3 Nf5 Rc3 Qb5 Rxc7+ Ke6 Bg4 a5 Bxf5+ Kxf5 Rf7+ Ke6 Ra7 a4 Ra1 Rf8 c3 Qb6 Qa2+ d5 Kh2 Rxf2 Qxa4 Qb2 Ra2 Rxg2+ Kh1 Qxa2 Qxa2 Rxa2 Rxa2 g5 Ra6+ Kf5 Kg2 h5 Kg3 h4+ Kf3 e4+ Ke3 Ke5 Ra5 Kf5 c4 Ke5 cxd5 Kd6 Kxe4 Kd7 Ra6 Kd8 d6 Kd7 Ke5 Kd8 Ke6 Ke8 Ra8#,"{30003,30003,29819,29715,28955,29355,28339,29195,27059,28987,26763,28635,26131,27923,25579,27779,25115,27587,24931,25883,24435,25683,23315,25155,22515,24699,22163,22995,20123,22803,18787,21939,18571,21555,15763,21259,15043,20427,12555,20227,12099,19979,11771,18683,11451,18547,10595,17683,9859,17539,9179,17363,8187,17363,7283,14795,6963,14291,6155,13931,4611,13627,4283,12355,3683,11899,3131,9571,2883,9435,2771,9275,2507,8963,2363,8819,2171,8699,1971,8507,1731,7819,1651,6947,1571,6563,1475,6379,1291,4379,1163,4131,1091,4011,992,3827,862,3684,781}"
13259,zAbFYfHr,white,Drac25,FlavioSerrano,loss,outoftime,954,911,43,standard,blitz,blitz,300,0,5+0,lichess.org,21.0,-2.02,,,09/07/25 14:27,2025-07-09 17:34:19.481+00,385.905,B01,Scandinavian Defense,Scandinavian Defense,2,-7,0,13.64,,,,,12,10548,9.26,,,,,44,22,e4 d5 f3 d4 d3 e5 Ne2 Nf6 g4 Nc6 c3 h5 h3 hxg4 fxg4 g5 Bg2 Be6 cxd4 exd4 Qa4 Bb4+ Bd2 Bxd2+ Nxd2 a6 Qb3 Bxb3 Nxb3 Nb4 Nbxd4 Nxd3+ Kf1 Nxb2 e5 Nd5 Rb1 Ne3+ Kf2 Nbc4 Rbc1 Nxg2 Rxc4 Nf4,"{30003,30003,29627,29251,29475,29131,28779,28651,28619,28499,28107,26299,27675,25947,27339,25171,26171,22995,25203,22819,24651,21251,23827,20779,23443,19411,21179,19059,20979,18555,20355,17907,19395,16411,18347,15155,17955,14843,16771,13715,13875,12147,13027,10548,0}"
13260,EYduvYdX,black,Drac25,edunter,win,mate,948,939,9,standard,blitz,blitz,300,0,5+0,lichess.org,19.0,-5.35,36.0,,08/07/25 21:55,2025-07-09 01:00:44.395+00,307.822,C50,Italian Game: Anti-Fried Liver Defense,Italian Game,6,6,17501,5.44,,,,,-5,13700,7.09,,,,,48,24,e4 e5 Bc4 Nc6 Nf3 h6 Nxe5 Nxe5 d4 Nxc4 Qd3 Nb6 b3 Nf6 e5 Nh5 Nc3 c6 Bb2 Bb4 Qf3 O-O Qxh5 Qg5 Qf3 Nd5 O-O Bxc3 Bxc3 d6 Rad1 Bg4 Bd2 Bxf3 Bxg5 Bxd1 Rxd1 hxg5 Rd3 c5 Rg3 f6 exf6 Rxf6 c4 Re8 cxd5 Re1#,"{30003,30003,30003,29891,30003,29803,29931,29547,29451,29371,26083,28995,25267,27427,24971,26667,24083,26443,23779,26107,22131,25203,21683,23835,20979,23339,19651,21787,19283,21699,17491,21243,16539,20667,16235,20075,15835,19931,14859,19531,14627,18843,14363,18307,13947,17659,13700,17501}"
13261,vPoMCSYF,white,Drac25,jdrean,win,outoftime,943,913,30,standard,blitz,blitz,300,0,5+0,lichess.org,22.0,0.95,56.0,,08/07/25 21:45,2025-07-09 00:55:18.682+00,593.051,A40,Englund Gambit Declined,Englund Gambit Declined,3,5,4049,5.9,,,,,-5,0,6.82,,,,,89,45,d4 e5 d5 Nf6 e4 Nxe4 Qe2 f5 Nc3 c6 dxc6 Nxc6 Nxe4 fxe4 Qxe4 d6 Bb5 Bd7 f3 Nd4 Bxd7+ Qxd7 c3 Nf5 Nh3 Be7 Bg5 h6 Bxe7 Nxe7 O-O-O O-O-O Kb1 d5 Qxe5 Qc6 Qxg7 Nf5 Qg4 Rhf8 b3 Kb8 Rc1 Ne3 Qf4+ Qd6 Qxe3 Rfe8 Qd4 b6 g3 Qe6 Qf4+ Ka8 Qd2 Qxh3 Rhe1 Rxe1 Rxe1 Qd7 f4 d4 cxd4 Qxd4 Qxd4 Rxd4 Kc2 h5 Re8+ Kb7 Re7+ Ka6 Rh7 Re4 Kd3 Re1 Rxh5 Ra1 a4 Ra3 Kc3 Ra2 Re5 Rxh2 f5 Rh3 Re3 Rxg3 Rxg3,"{30003,30003,29675,29171,29491,28867,28507,28411,27547,27771,27139,27339,26851,27155,26747,26179,26347,25811,24939,24275,24331,23875,23899,21963,21627,19051,20483,18403,20275,17923,19107,16147,18843,13795,18411,12235,17731,11475,16299,9907,14947,9315,13667,9091,11851,7211,11563,7107,11387,5827,10867,4587,9931,4107,8643,3779,7819,3571,7691,3323,7379,2931,7187,2803,6931,2715,6659,1931,6515,1851,6123,1691,6035,1259,5851,1043,5611,940,5451,734,5259,302,5067,180,4795,24,4179,24,4049,0}"
13262,CX52t1Tc,black,Drac25,jdrean,win,mate,937,919,18,standard,blitz,blitz,300,0,5+0,lichess.org,22.0,0.37,31.0,,08/07/25 21:36,2025-07-09 00:45:16.14+00,503.637,C50,Italian Game: Anti-Fried Liver Defense,Italian Game,6,6,8690,3.81,,,,,-6,5525,4.37,,,,,114,57,e4 e5 Bc4 Nc6 Nf3 h6 Nc3 Bc5 d3 a6 a3 d6 b4 Bd4 Nxd4 Nxd4 Be3 Nf6 O-O Be6 Bxe6 Nxe6 f4 Nxf4 Bxf4 exf4 Rxf4 O-O Nd5 Nxd5 exd5 Qg5 Qf3 Qxd5 Rf1 Qxf3 R1xf3 Rae8 Kf2 b5 Rc4 bxc4 dxc4 c5 b5 axb5 cxb5 Ra8 b6 Rfb8 Rb3 c4 Rb4 d5 b7 Rxa3 Rb5 Rc3 Rxd5 Rxb7 Rd8+ Kh7 Rc8 Rxc2+ Ke3 Rd7 Ke4 Kg6 g4 f6 h4 h5 gxh5+ Kxh5 Rh8+ Kg6 h5+ Kg5 Rh6 Rcd2 Rg6+ Kxh5 Rxg7 c3 Rxd7 Rxd7 Kf5 c2 Ke6 c1=R Kxd7 Re1 Kd6 f5 Kd5 f4 Kd4 f3 Kd3 Re8 Kd2 f2 Kd3 f1=R Kd4 Rd1+ Kc5 Rc8+ Kb6 Rc2 Kb5 Rb1+ Ka4 Ra2#,"{30003,30003,29795,29843,29667,29755,29499,29275,29291,29115,27459,28539,27235,27931,27083,27347,25747,25875,24883,24771,24251,24619,23363,24395,22771,24259,22651,23971,20827,21947,20691,20715,20283,20339,20123,20099,19899,19915,19483,19147,18827,18315,18675,17731,18131,17587,17915,17003,17491,16451,17371,16083,16891,15875,16683,15451,14315,15147,13603,14851,12723,14643,12315,14475,12147,14355,11555,13995,10443,13547,10307,12419,9907,12299,9771,11899,9499,11675,8203,11467,7987,11259,7699,10851,7363,10635,6947,10491,6883,10275,6795,10035,6691,9995,6651,9947,6651,9891,6587,9843,6419,9779,6195,9611,6059,9403,5931,9275,5843,8811,5643,8747,5525,8690}"
13309,zf8spZmK,black,Drac25,BdRabbit,win,mate,948,977,-29,standard,blitz,blitz,300,0,5+0,lichess.org,,0.86,,,07/07/25 02:36,2025-07-07 05:37:52.54+00,108.679,C50,Italian Game: Anti-Fried Liver Defense,Italian Game,6,7,25030,4.97,,,,,-7,25539,4.46,,,,,22,11,e4 e5 Nf3 Nc6 Bc4 h6 d4 exd4 Nxd4 Nxd4 Qxd4 Qf6 Qd3 Bc5 O-O Qe5 Qf3 Nf6 Nd2 Bd6 c3 Qxh2#,"{30003,30003,30003,29827,29915,29699,29675,28355,29491,28139,29491,27371,27475,27035,27075,26667,26531,25523,26179,25355,25539,25030}"
13263,La76G9kt,white,Drac25,jdrean,loss,outoftime,944,912,32,standard,blitz,blitz,300,0,5+0,lichess.org,21.0,-1.05,58.0,,08/07/25 21:26,2025-07-09 00:36:45.328+00,590.087,C20,King's Pawn Game: Wayward Queen Attack,King's Pawn Game,3,-7,0,10.35,,,,,7,3561,9.44,,,,,58,29,e4 e5 Qh5 Nc6 Bc4 g6 Qf3 Nf6 c3 d6 d3 Bg4 Qe3 d5 Bb5 a6 Bxc6+ bxc6 f3 Be6 d4 exd4 cxd4 Bg7 e5 Nd7 Qc3 O-O Qxc6 Qe7 g4 Nb6 Qc2 Qh4+ Qf2 Qxf2+ Kxf2 f6 Bf4 fxe5 Bxe5 Nc4 b3 Nxe5 Nd2 Bxg4 dxe5 Rae8 Re1 Bxe5 h3 Bd7 Ne2 Bc3 Rd1 d4 Nxc3 dxc3,"{30003,30003,29931,29843,29763,29619,29635,29187,29499,28715,28163,28611,26475,26771,25875,26219,25603,25899,24427,25419,23075,25059,22843,24795,22579,23803,22419,21651,20395,19347,18195,18883,15923,16411,15195,15947,14987,15803,10427,15123,10123,12499,8891,11635,7563,10915,6371,9947,3443,8619,2595,6803,970,5915,331,3715,124,3561,0}"
13264,Jwijrh8k,black,Drac25,Alisazci1953,loss,resign,948,1030,-82,standard,blitz,blitz,300,0,5+0,lichess.org,19.0,-2.43,,,08/07/25 21:20,2025-07-09 00:26:41.308+00,354.473,A43,Benoni Defense: Benoni Gambit Accepted,Benoni Defense,3,-4,7570,9.75,,,,,5,18700,4.91,,,,,47,24,d4 c5 dxc5 e5 b4 b6 e4 bxc5 a3 cxb4 c3 bxc3 Nxc3 Nf6 f3 Bc5 Nge2 d6 g4 a6 h3 Nfd7 h4 Nc6 Bg5 f6 Bd2 Nd4 Nxd4 Bxd4 Rb1 Nc5 Nd5 Be6 Nb4 f5 exf5 Bd5 Bg5 Qd7 Nxd5 h6 Nb6 Qa4 Nxa4 Nxa4 Qxa4+,"{30003,30003,29827,29699,29603,27955,29019,27675,28379,26355,27571,26027,27419,24755,27195,24515,26883,24355,26523,23371,25979,22171,25283,21475,25155,21235,24547,20979,23819,20499,22819,18891,21755,16531,20699,13467,20475,13019,19947,11907,19667,9347,19403,8403,18843,8235,18700,7570}"
13265,YDZF9g05,black,Drac25,Jlmoreira77,win,mate,943,894,49,standard,blitz,blitz,180,2,3+2,lichess.org,20.0,-0.83,43.0,,08/07/25 20:59,2025-07-09 00:07:47.102+00,520.364,C20,King's Pawn Game: King's Head Opening,King's Pawn Game,3,5,2852,2.61,,,,,-5,7392,1.83,,,,,118,59,e4 e5 f3 Nc6 Bb5 Bc5 b3 Qh4+ g3 Qf6 Ba3 Nd4 Bxc5 Nxb5 Be3 Ne7 c4 Nd4 Bxd4 exd4 f4 d3 Qf3 Qxa1 Qd1 d6 Nc3 Qxd1+ Nxd1 Bg4 Nb2 c6 Nxd3 d5 h3 Bh5 g4 dxe4 Ne5 Bg6 f5 f6 fxg6 fxe5 gxh7 Rxh7 Ne2 O-O-O Nc3 e3 dxe3 Ng6 Rf1 Rd3 Nd1 e4 Ke2 Rd8 Nc3 Re8 Rf7 Rxh3 Rxg7 Rh2+ Kf1 Rf8+ Kg1 Rff2 Rxg6 Rc2 Nxe4 Rhe2 Rg8+ Kc7 Rg7+ Kb6 Ng3 Re1+ Nf1 Rcc1 Rf7 Kc5 Kf2 Rxf1+ Ke2 Rxf7 Kd3 Rcf1 Kc3 R1f3 Kb2 Rxe3 Ka3 Re4 g5 Rg4 g6 Rxg6 Ka4 b5+ Ka3 b4+ Ka4 a6 a3 bxa3 Kxa3 a5 Ka4 Rf4 b4+ Kxc4 bxa5 c5 a6 Rf1 Ka5 Ra1#,"{18003,18003,17923,18083,18019,17563,16643,17115,16467,16195,16123,14611,15563,14603,15323,14099,14987,13843,15027,13907,14283,13947,13411,13803,13259,13259,12867,13067,12979,12547,12715,11619,12603,11291,12627,10715,12611,10339,12283,10163,12107,10243,11539,10115,11595,10171,11419,10171,11403,8979,11363,9075,11019,8627,10651,8427,9971,7555,9891,6635,8587,6155,8083,5451,7795,4971,7659,4387,7603,3531,7547,3427,7579,3467,7547,3491,7483,3467,7339,3363,6779,3067,6771,2691,6699,2811,6747,2835,6539,2939,6579,3035,6699,3059,6843,3171,7011,3291,7083,3299,7091,3355,7147,3371,7203,3235,7307,3235,7331,3155,7251,3195,7283,3219,7331,3227,7392,2852}"
13266,yN8OOnb9,black,Drac25,Wrestlejay,loss,mate,949,956,-7,standard,blitz,blitz,180,2,3+2,lichess.org,,-1.69,,,08/07/25 20:56,2025-07-08 23:58:48.299+00,131.727,B01,Scandinavian Defense,Scandinavian Defense,2,-6,13582,6.32,,,,,6,13261,5.93,,,,,17,9,e4 d5 Nc3 dxe4 Nxe4 Bf5 Qe2 e6 d3 Bb4+ c3 Ba5 Ng5 h6 Qh5 Nf6 Qxf7#,"{18003,18003,17867,17899,17939,16515,17755,14979,17427,14555,17259,14315,16371,13851,15483,13582,13261}"
13267,AaXDWQEV,black,Drac25,Dramara,loss,outoftime,955,925,30,standard,blitz,blitz,180,2,3+2,lichess.org,26.0,2.84,53.0,,08/07/25 20:48,2025-07-08 23:56:18.243+00,464.784,D11,Slav Defense: Modern Line,Slav Defense,5,-6,0,5.29,,,,,6,4739,3.9,,,,,69,35,d4 d5 c4 c6 Nf3 f6 Nc3 Bf5 a3 Nd7 cxd5 cxd5 Nxd5 Nb6 Nxb6 Qxb6 e3 Bg4 h3 Bh5 Be2 e6 O-O Bd6 Bd2 Ne7 Qc2 O-O Rfe1 Rac8 Qd3 Qc7 Rac1 Qb6 Rxc8 Rxc8 Bc3 Qc7 Rc1 Qb6 Qe4 Bg6 Qxe6+ Bf7 Qe4 Rxc3 bxc3 Qb2 Rb1 Qxe2 Rxb7 g6 Rxe7 Bxe7 Qxe7 Qd1+ Kh2 Qb3 Qxf6 Qxc3 Ng5 Qc7+ g3 Qd7 e4 Kf8 e5 Qe6 Qh8+,"{18003,18003,18059,17323,18139,16875,18171,16811,18203,16347,18275,16331,18283,15923,18195,15987,17267,15635,16699,15451,16171,15011,16187,14987,16035,14267,15875,14091,14995,13003,13987,12947,12827,11227,12635,11019,12275,10523,12179,9203,10371,8323,10203,7675,9267,6411,8851,6379,7043,5803,6051,5075,5955,4979,6051,1771,5995,1347,5675,1107,5459,880,5211,437,4787,296,4795,256,4739,0}"
13268,oaGH4I7E,white,Drac25,Yakup06,win,outoftime,950,889,61,standard,blitz,blitz,180,2,3+2,lichess.org,14.0,0.37,31.0,,08/07/25 13:17,2025-07-08 16:25:08.813+00,486.172,C20,King's Pawn Game: Wayward Queen Attack,King's Pawn Game,3,5,6996,2.5,,,,,-18,0,4.09,,,,,89,45,e4 e5 Qh5 Qf6 Bc4 Nh6 h3 Bc5 d3 O-O Bxh6 Qxh6 Qxh6 gxh6 Nf3 d6 Nc3 Nc6 a3 Nd4 Nxd4 Bxd4 Nd5 c6 Nc3 b5 Bb3 Be6 O-O-O Bxb3 cxb3 Bxf2 Rhf1 Bd4 Ne2 a5 Kc2 a4 b4 f6 Ng3 Rf7 Nf5 Kf8 Nxd6 Rd7 Nf5 Kf7 Nxh6+ Ke6 Nf5 Rg8 g4 h5 Rg1 hxg4 Nxd4+ exd4 Rxg4 Rxg4 hxg4 Rg7 Rg1 Ke5 Kd2 Kf4 Rf1+ Kxg4 Rxf6 Kg5 Rxc6 Rf7 Ke2 Kg4 Rc1 Kg3 Rg1+ Kh2 Rf1 Rg7 Rf2+ Kh3 Rf3+ Kg4 Kf2 Kh4 Rf4+ Kh5 Kf3,"{18003,18003,18139,16467,17307,15643,16171,14923,15739,14603,15067,14179,15107,14379,14987,14083,14891,13419,14683,12995,14675,13059,14307,10971,13339,9835,12595,8683,11843,7699,11867,7171,11107,6891,10923,6267,10707,6115,10475,5563,10323,5467,10363,3819,9995,3427,9963,2059,10003,2043,10027,1787,10019,1403,9435,873,9235,766,9299,366,9355,475,9235,485,8915,593,8107,702,8187,368,8139,395,7859,387,7075,343,7123,399,7043,421,7107,426,7171,369,7179,275,7139,255,6996,0}"
13269,cjtbsfCH,white,Drac25,lionado,win,outoftime,944,1044,-100,standard,blitz,blitz,300,0,5+0,lichess.org,22.0,5.17,,,08/07/25 03:21,2025-07-08 06:31:09.573+00,586.613,C20,King's Pawn Game: Wayward Queen Attack,King's Pawn Game,3,6,4335,8.02,,,,,-121,0,9.38,,,,,65,33,e4 e5 Qh5 Nc6 Bc4 g6 Qf3 Nf6 c3 Na5 d3 d6 Bg5 Bg4 Qxf6 Qxf6 Bxf6 Rg8 Bb5+ c6 Ba4 b5 Bb3 g5 h3 Bc8 h4 g4 g3 Nb7 Nd2 Nc5 d4 Nd7 Bg5 f6 Be3 exd4 Bxd4 c5 Be3 c4 Bc2 Bb7 O-O-O O-O-O Bd4 f5 Bxa7 fxe4 Nxe4 d5 Nd2 Bh6 Kb1 Rde8 f3 gxf3 Ngxf3 Rgf8 Ng5 d4 cxd4 Bxh1 Nxh7,"{30003,30003,29923,29683,29691,27363,29531,27107,28723,24787,26067,22859,25675,19723,25147,19451,24947,18995,23683,18595,23379,18227,23211,15475,20043,15067,19539,12795,18963,12411,17515,12075,16803,10947,16331,9515,16171,8291,15483,7771,14843,7331,14619,5955,13795,5331,13203,4179,12971,3875,12131,3611,10803,3227,10235,2859,6243,1947,6003,878,5419,168,4667,13,4335,0}"
13270,c8EbA0pu,white,Drac25,Olga_Langepas,win,mate,940,873,67,standard,blitz,blitz,300,0,5+0,lichess.org,15.0,5.95,,,08/07/25 03:20,2025-07-08 06:21:08.635+00,52.672,B20,Sicilian Defense: Bowdler Attack,Sicilian Defense,3,4,27207,3.5,,,,,-6,28405,2.28,,,,,17,9,e4 c5 Bc4 d6 Nf3 e5 Ng5 Qxg5 d4 exd4 Bxg5 h6 Bh4 h5 Qf3 Bg4 Qxf7#,"{30003,30003,29491,29883,29155,29699,28779,29523,28491,29163,28283,28699,28043,28531,27411,28405,27207}"
13271,qskLxzuL,black,Drac25,Olga_Langepas,loss,outoftime,947,863,84,standard,blitz,blitz,300,0,5+0,lichess.org,22.0,-1.13,56.0,,08/07/25 03:10,2025-07-08 06:19:55.642+00,554.903,C44,King's Knight Opening: Normal Variation,King's Knight Opening,4,-7,0,7.9,,,,,10,8024,5.78,,,,,77,39,e4 e5 Nf3 Nc6 a3 Bc5 b4 Bb6 c4 a6 c5 Ba7 Bc4 h6 d3 Nf6 h3 d6 cxd6 cxd6 Qb3 O-O g4 Be6 Rg1 Bxc4 dxc4 Nd4 Nxd4 exd4 Qd3 Qc7 Bf4 g5 Bg3 Rae8 c5 Rxe4+ Kd2 Qd7 f3 Re6 Re1 Rxe1 Bxe1 b6 Bg3 dxc5 bxc5 bxc5 Be5 Nd5 Nc3 Nxc3 Bxd4 cxd4 Qxa6 Bb8 Kd3 Be5 a4 Bf4 Qc4 Re8 Qxd4 Rd8 Qxd7 Rxd7+ Kxc3 Be5+ Kc4 Bxa1 a5 Ra7 Kb5 Bc3 a6,"{30003,30003,29523,29875,28139,29195,27691,27651,27203,27291,26795,27155,25715,24779,25595,23715,25251,23603,24571,22747,24163,21259,22587,20651,21907,20099,21715,19971,21515,19843,20603,16643,20115,16139,19347,15563,19155,14531,18827,11019,18595,9835,18011,9083,17595,8035,17211,7411,17019,7187,15867,6475,14387,5739,12899,5419,12227,3123,11803,1867,11083,1579,9835,1171,9579,640,8867,471,8763,428,8563,377,8267,320,8179,189,8024,0}"
13272,0hkYtU5F,white,Drac25,Luis2819,win,mate,941,924,17,standard,blitz,blitz,300,0,5+0,lichess.org,17.0,1.43,57.0,,08/07/25 03:00,2025-07-08 06:10:29.316+00,580.385,C20,King's Pawn Game: Wayward Queen Attack,King's Pawn Game,3,6,4106,9.25,,,,,-7,17,11.11,,,,,57,29,e4 e5 Qh5 Nc6 Bc4 Nh6 c3 g6 Qf3 d6 d3 Bg4 Qe3 Bg7 f3 Bh5 g4 Qh4+ Kd2 Bxg4 fxg4 Qxg4 Kc2 Qg2+ Bd2 Qxh1 Na3 Ng4 Qg3 h5 Nf3 Qxa1 Nb5 d5 Bxd5 Na5 Nxc7+ Ke7 Nxa8 Rxa8 Bg5+ Kd6 Nxe5 Rg8 Nxg4+ Kc5 d4+ Kb5 Qd3+ Ka4 b3+ Nxb3 Bxb3+ Ka3 Bc1+ Qb2+ Bxb2#,"{30003,30003,29939,29171,29811,28555,29115,24339,28803,23059,27691,22915,26467,20715,25819,19971,25651,14499,22947,12723,22707,12515,20171,11899,17859,10995,17299,9907,15715,7979,15451,7315,15219,3587,14163,1883,13371,1659,12163,935,11635,780,10019,714,9043,495,8467,338,7851,178,7547,34,5219,17,4307,17,4106}"
13273,zQPD4khB,white,Drac25,merinchal,loss,outoftime,947,942,5,standard,blitz,blitz,300,0,5+0,lichess.org,20.0,1.67,40.0,,08/07/25 02:51,2025-07-08 06:00:40.174+00,574.225,B01,Scandinavian Defense,Scandinavian Defense,2,-6,0,6.25,,,,,6,5091,5.3,,,,,96,48,e4 d5 Qh5 g6 Qxd5 Qxd5 exd5 Nf6 Nc3 Bg7 Bc4 O-O d3 Bf5 Nb5 c6 Nc7 cxd5 Bb3 Nc6 Nxa8 Rxa8 Nf3 Ng4 h3 Nh6 d4 e6 c3 Re8 Bxh6 Bxh6 O-O e5 Ba4 e4 Ne5 Re6 Bxc6 bxc6 a4 f6 Nd7 Rd6 Nc5 e3 fxe3 Bxe3+ Kh1 Be4 Nxe4 dxe4 Rae1 Bg5 Rxe4 f5 Re8+ Kf7 Rh8 Kg7 Ra8 Rd7 Re1 Be7 b4 Kf6 c4 Rxd4 Rxa7 Rxc4 Raxe7 Rxb4 R7e6+ Kg5 Rxc6 Rxa4 Rc7 h5 Rh7 Re4 Rf1 Rf4 Rf3 Rxf3 gxf3 h4 Kg2 Kf4 Rg7 g5 Rb7 Ke5 Rb4 Kd5 Kf2 Kc5,"{30003,30003,29939,29411,28651,29107,28491,28435,28267,28131,26795,27747,26011,27147,23411,26627,23243,26035,21995,24763,21355,24427,20171,23875,19179,23467,18923,22627,17787,21459,16211,21083,15395,20059,14859,19667,14387,18947,13531,18667,12107,18043,10795,17659,10259,16387,9891,15803,9619,15275,8659,14827,8115,13827,7915,13347,7683,13075,6643,12611,5619,12251,5371,11675,4907,11355,4179,10867,3027,10563,2827,10235,2659,9787,2563,9539,2043,9099,1803,8699,1347,8203,1091,7947,986,7259,912,6955,771,6675,508,6235,397,5531,18,5091,0}"
13274,GGTjKOqW,black,Drac25,merinchal,win,mate,941,948,-7,standard,blitz,blitz,300,0,5+0,lichess.org,21.0,-2.12,50.0,,08/07/25 02:43,2025-07-08 05:50:54.014+00,465.024,C22,Center Game: Normal Variation,Center Game,6,6,7603,6.22,2.0,3.0,1.0,88.0,-6,8521,5.97,4.0,4.0,2.0,79.0,74,37,e4 e5 d4 exd4 Qxd4 Nc6 Qd1 Nf6 f3 Bc5 Nh3 d6 Bg5 Bxh3 gxh3 h6 Bh4 g5 Bf2 Bxf2+ Kxf2 Qe7 Qe2 Qe5 c3 O-O-O Nd2 b5 Qxb5 Qxb5 b4 Qe5 Ba6+ Kd7 Nc4 Qxc3 Rac1 Qxb4 a3 Qc5+ Ne3 Qxa3 Ra1 Qc3 Bb5 Rb8 Bxc6+ Kxc6 Rac1 Qxc1 Rxc1+ Kd7 Nf5 Rb2+ Kg3 h5 Rd1 h4+ Nxh4 gxh4+ Kf4 Rg8 e5 Nh5+ Kf5 d5 Rxd5+ Kc6 Rd4 Rf2 f4 Kc5 Rd1 Rxf4#,"{30003,30003,29691,29715,29579,29635,29387,28787,28835,28523,27851,27787,27179,27379,26467,26875,25411,26411,25051,26155,24803,25187,23907,24323,23235,23203,22659,22571,21603,22371,20867,21203,19515,21003,18811,20355,18163,19459,17491,16643,16947,16219,16347,15515,15635,14835,14899,14683,14555,14571,14219,14387,13787,14091,13395,12635,13011,11771,12243,11563,11987,11147,11731,10427,11267,9747,10875,9499,9643,9187,9091,7995,8521,7603}"
13275,mty0QlmT,black,Drac25,Yawned,win,outoftime,937,851,86,standard,blitz,blitz,300,0,5+0,lichess.org,26.0,4.9,,,08/07/25 02:32,2025-07-08 05:42:46.83+00,592.753,C44,Ponziani Opening,Ponziani Opening,5,4,2273,8.95,,,,,-5,0,9.38,,,,,64,32,e4 e5 Nf3 Nc6 c3 Bc5 d4 exd4 cxd4 Bb4+ Nc3 Bxc3+ bxc3 d5 exd5 Qxd5 Be2 Qa5 Bd2 Qd5 O-O Nh6 Re1 O-O h3 Bxh3 Nh4 Be6 Bf3 Qd7 Bxh6 gxh6 Qd3 Ne7 Be4 Ng6 Qg3 Kg7 f4 f5 Nxg6 hxg6 Bd3 Rae8 Kf2 c6 Rh1 h5 Rae1 Kf6 Kf3 Ke7 Qh4+ Kd6 Qg5 Kc7 Qxg6 Rg8 Qxh5 Bd5+ Kf2 Rxg2+ Kf1 Rxa2,"{30003,30003,29939,29931,29875,29827,29819,29683,29731,29507,29611,29339,29539,28363,27835,28171,26747,26091,25971,24291,25251,23899,25107,23587,24811,22547,22123,19691,21219,17779,19619,17131,13859,13059,11707,10891,10675,7907,9651,7707,5339,7387,5051,7067,3763,5891,3563,5587,2635,4979,1451,4587,1155,3691,814,3451,722,3131,575,2747,246,2531,142,2273,0}"
13276,3NJTXNOm,white,Drac25,rikyfocil,draw,stalemate,939,785,154,standard,blitz,blitz,300,0,5+0,lichess.org,18.0,1.3,30.0,,08/07/25 02:22,2025-07-08 05:32:30.798+00,573.893,C47,Four Knights Game: Italian Variation,Four Knights Game,7,-2,1564,6.94,,,,,3,5494,6.13,,,,,83,42,e4 e5 Nc3 Nc6 Nf3 Nf6 Bc4 d5 exd5 Nd4 Nxd4 exd4 Ne2 Nxd5 Nxd4 c6 Bxd5 cxd5 d3 Qh4 Nf3 Qf6 Qe2+ Be7 Bg5 Qe6 Qxe6 fxe6 Bxe7 Kxe7 d4 Bd7 Ne5 Bb5 b3 Bc6 c4 dxc4 bxc4 Rhf8 O-O Rad8 Rad1 Rf4 Nxc6+ bxc6 d5 exd5 cxd5 cxd5 Rfe1+ Kf8 g3 Re4 Rxe4 dxe4 Rxd8+ Ke7 Rd4 Kf7 Rxe4 g6 a4 h5 Rb4 Kf6 Rb7 Kf5 Rxa7 Kg4 Ra5 g5 Kg2 h4 gxh4 Kxh4 Rd5 g4 a5 g3 fxg3+ Kg4 a6,"{30003,30003,29891,29491,29731,29331,29539,28939,29211,28635,28683,28499,20459,21667,18091,19379,14331,19243,13267,18507,12283,17371,11859,17155,11555,16459,10819,16059,10667,15931,9811,14315,9667,13995,8587,13219,8267,12955,8107,12683,7811,11867,6651,10747,6019,10619,5075,10195,4771,9819,4675,9435,3811,9147,3411,8395,3251,8011,3091,7539,3035,7443,2899,6931,2779,6803,2683,6635,2547,6515,2467,6323,2395,6203,2091,6107,1819,5979,1651,5635,1563,5494,1564}"
13277,GkTSt6JT,black,Drac25,Poloz_100,loss,resign,945,945,0,standard,blitz,blitz,300,0,5+0,lichess.org,15.0,6.28,,,08/07/25 02:20,2025-07-08 05:22:31.699+00,121.252,C44,Scotch Game: Lolli Variation,Scotch Game,9,-6,22103,7.18,,,,,6,25182,4.38,,,,,23,12,e4 e5 Nf3 Nc6 d4 exd4 Nxd4 Nxd4 Qxd4 Nh6 Bxh6 Qf6 Be3 c5 Qxf6 gxf6 Bc4 Rg8 Nc3 Rxg2 O-O-O Bd6 Rxd6,"{30003,30003,29859,29947,29699,28579,29467,28531,28595,26411,27307,26051,27011,25163,26875,24923,26747,24379,26019,24163,25747,23635,25182,22103}"
13346,JaWH3jcC,white,Drac25,white-belt-7,win,resign,966,936,30,standard,blitz,blitz,300,0,5+0,lichess.org,25.0,1.1,,,04/07/25 21:42,2025-07-05 00:46:06.709+00,224.663,B10,Caro-Kann Defense,Caro-Kann Defense,2,5,20173,5.78,,,,,-5,17834,7.16,,,,,35,18,e4 c6 Qh5 g6 Qf3 e5 Bc4 Nf6 d3 Bg7 Bg5 O-O Qe3 d5 exd5 Nbd7 dxc6 bxc6 Bh6 Re8 Bxg7 Kxg7 Nd2 Ng4 Qg3 Ngf6 Ngf3 Nc5 Nxe5 Rxe5+ Qxe5 Na4 b3 Nb2 Qxb2,"{30003,30003,29947,29179,29787,28235,29331,28035,28987,27891,28867,27699,28499,25747,28003,24907,27507,24811,26539,22539,25723,22403,24571,22283,23795,21387,22827,21251,21667,20227,21363,19043,20347,18531,20173,17834}"
13278,YBc7VdFf,white,Drac25,Amrit1902,loss,mate,950,964,-14,standard,blitz,blitz,300,0,5+0,lichess.org,21.0,-0.42,,,08/07/25 02:13,2025-07-08 05:20:21.622+00,390.051,B01,Scandinavian Defense,Scandinavian Defense,2,-5,5041,12.48,,,,,10,18586,5.71,,,,,42,21,e4 d5 e5 d4 Bd3 e6 Nf3 c5 Na3 Nc6 c3 dxc3 dxc3 Qa5 Nc4 Qc7 Be4 b5 Bxc6+ Qxc6 Ne3 Ne7 O-O h5 c4 b4 a3 bxa3 bxa3 Bd7 a4 g5 Nxg5 Rg8 Nh3 Nf5 Qxh5 Nxe3 Qf3 Qxf3 g3 Qg2#,"{30003,30003,29779,29571,29491,29227,29419,29043,28011,28907,27451,27419,26987,26091,24947,25227,23307,24947,22683,24667,21331,23563,19443,22931,17739,22635,16259,22067,15931,21803,14323,21619,13603,21307,11827,20219,10259,19803,8483,18819,5041,18586}"
13279,l0SMBzek,black,Drac25,khaled11i,win,mate,945,941,4,standard,blitz,blitz,300,0,5+0,lichess.org,21.0,-1.39,47.0,,08/07/25 02:02,2025-07-08 05:13:33.584+00,643.336,C50,Italian Game: Anti-Fried Liver Defense,Italian Game,6,5,2102,6.07,,,,,-5,684,6.37,,,,,94,47,e4 e5 Nf3 Nc6 Bc4 h6 Nc3 Nf6 d4 Bb4 d5 Na5 Nxe5 Nxe4 Bd2 Nxc4 Nxc4 Qf6 f3 Nxc3 bxc3 Bxc3 Rb1 Qe7+ Ne3 Bxd2+ Qxd2 Qg5 O-O d6 f4 Qf6 Rfe1 O-O Ng4 Qh4 g3 Qxg4 Re7 c6 Rbe1 Bf5 Qe3 Bd7 Kg2 Rae8 Rxe8 Bxe8 h3 Qd7 dxc6 Qxc6+ Qe4 Qxe4+ Rxe4 Bc6 Kf3 Bxe4+ Kxe4 Re8+ Kd5 Re2 Kxd6 Rxc2 a4 a5 Ke7 b5 axb5 Rb2 f5 Rxb5 f6 a4 fxg7 Kxg7 Kd6 a3 Kc6 Rb1 g4 a2 h4 a1=Q g5 hxg5 hxg5 Kg6 Kd6 Qa6+ Ke7 Rb7+ Kf8 Qa8#,"{30003,30003,29939,29955,29795,29771,29027,28643,28851,27987,27731,26995,26035,26051,24627,25635,24155,24851,23779,23931,22163,23715,20971,21923,19995,21387,19755,20211,19203,19259,18475,17979,17827,17723,16963,14907,15475,14651,14531,13763,13435,12099,11939,10451,8947,9643,8283,9475,7851,8251,5803,8083,4811,5347,4683,5283,4331,5179,4259,5123,4187,4803,3987,4667,3587,4355,3235,3963,3027,3659,2531,3563,2363,3515,2203,3371,1963,3227,1907,3083,1659,2955,1379,2739,1267,2579,1203,2483,918,2371,815,2203,684,2102}"
13280,bBUe2T62,white,Drac25,TNagdy,loss,mate,952,845,107,standard,blitz,blitz,300,0,5+0,lichess.org,17.0,-4.07,,,08/07/25 01:59,2025-07-08 05:02:38.342+00,172.126,C20,King's Pawn Game: Wayward Queen Attack,King's Pawn Game,3,-7,21085,8.11,,,,,8,22724,6.62,,,,,24,12,e4 e5 Qh5 Nc6 Bc4 Nh6 d3 g6 Qf3 Nd4 Qg3 d6 Bxh6 Bxh6 c3 Nc2+ Kd1 Nxa1 Qf3 O-O Na3 Qg5 Ne2 Qd2#,"{30003,30003,29899,30003,29667,28979,28955,28803,28803,28411,27051,27219,26731,26931,26587,26747,26123,25211,25979,24115,22163,23451,21085,22724}"
13281,lukMW7Bj,black,Drac25,kk_19257406798228424,win,resign,948,869,79,standard,blitz,blitz,300,0,5+0,lichess.org,24.0,0.88,41.0,,08/07/25 01:51,2025-07-08 04:59:30.754+00,502.674,A04,Zukertort Opening: Black Mustang Defense,Zukertort Opening,2,4,8567,8.57,,,,,-24,2582,10.55,,,,,52,26,Nf3 Nc6 g3 d5 Bg2 e5 d3 Bf5 e4 dxe4 Nh4 Nd4 Nxf5 Nxf5 O-O Nd6 Qd2 h6 Re1 Nf6 a3 Be7 b4 b5 Bb2 exd3 cxd3 e4 dxe4 Ndxe4 Bxe4 Qxd2 Nxd2 O-O-O Red1 Rhe8 Nb3 Nxe4 Na5 Rxd1+ Rxd1 Nd6 Nc6 Nc4 Bxg7 Kb7 Nxa7 Kxa7 Bd4+ Kb7 Be5 Nxe5,"{30003,30003,29827,29107,29611,29059,27539,28555,27083,28339,25747,26795,24499,26611,23995,23131,22515,22443,22299,21811,21787,21315,21387,20939,21131,20067,18763,19899,17715,19491,16915,19307,16675,16515,13963,15427,13227,15123,12507,14387,12211,11331,10251,11075,8827,9803,5491,9539,5283,9091,2963,8567,2582}"
13282,kfJGEc58,black,Drac25,HGLGVD,win,mate,941,986,-45,standard,blitz,blitz,300,0,5+0,lichess.org,17.0,-1.49,,,08/07/25 01:44,2025-07-08 04:50:51.292+00,403.419,B01,Scandinavian Defense,Scandinavian Defense,2,7,8881,8.45,,,,,-7,13889,6.45,,,,,52,26,e4 d5 f3 dxe4 fxe4 Bg4 Nf3 Nf6 Be2 Nxe4 d3 Nf6 Bf4 e6 Qd2 Bd6 Nc3 Bxf3 gxf3 O-O O-O-O Bb4 a3 Ba5 Rhg1 Qd4 Bg5 Nbd7 Qe1 Bxc3 bxc3 Qa4 Kb2 c5 Qh4 Qb5+ Ka2 g6 Bxf6 Nxf6 Qxf6 Qc6 f4 Rab8 Rb1 b5 Qe5 Qa6 c4 b4 c3 Qxa3#,"{30003,30003,29731,29771,29595,29683,29299,29531,28939,29187,28059,28259,27699,27491,27243,26971,26939,26379,26147,25715,26003,25315,25123,24923,24115,23787,22379,22275,21635,21483,21459,20363,20691,18427,18931,16619,18339,15563,17955,15323,17955,13083,17211,12163,16955,11659,16427,9619,15211,9099,13889,8881}"
13283,vKAmGz3T,white,Drac25,chess_manster,loss,mate,947,952,-5,standard,blitz,blitz,300,0,5+0,lichess.org,19.0,-0.12,,,08/07/25 01:36,2025-07-08 04:43:54.604+00,433.588,C20,King's Pawn Game: Wayward Queen Attack,King's Pawn Game,3,-6,5374,7.24,,,,,5,13886,4.74,,,,,70,35,e4 e5 Qh5 d6 Bc4 g6 Qf3 f6 d3 Ne7 Nc3 Nbc6 Be3 Nd4 Bxd4 exd4 Nd5 Nxd5 exd5 Qe7+ Ne2 Bf5 h3 O-O-O O-O Bd7 Nxd4 f5 Bb5 Bxb5 Nxb5 Kb8 d4 g5 Qxf5 h5 Rae1 Qg7 Qd3 Be7 Qa3 a6 Nc3 Bf6 Ne2 h4 c3 g4 Nf4 gxh3 Nxh3 Be7 Kh1 Bg5 Rg1 Bd2 Rd1 Bg5 g3 hxg3 Rxg3 Qg6 Kg2 Qe4+ f3 Qe2+ Nf2 Be3 Rh1 Qxf2#,"{30003,30003,29899,29507,29603,29051,29451,28579,28339,28419,27763,28331,27203,28171,27067,28171,26963,28083,26227,27859,25835,27483,24795,27123,23411,25851,22939,23939,21779,23763,21451,23515,19899,23355,19555,22883,17995,22379,15235,21843,14747,21523,13723,20995,11971,20651,11459,20523,10843,20315,9851,18755,9683,17787,9315,17499,8915,17043,8419,16379,7659,15171,7411,14963,6723,14731,5747,14051,5374,13886}"
13284,4LFpuIPK,white,Drac25,Schilkot,win,resign,940,991,-51,standard,blitz,blitz,300,0,5+0,lichess.org,17.0,-0.99,31.0,,08/07/25 01:32,2025-07-08 04:36:24.652+00,218.362,B01,Scandinavian Defense,Scandinavian Defense,2,7,18821,5.59,,,,,-7,20197,5.16,,,,,40,20,e4 d5 Qh5 Nf6 Qf3 dxe4 Qe3 e5 Nc3 Qd4 d3 Qxe3+ fxe3 Bb4 Ne2 Bxc3+ Nxc3 Bg4 dxe4 Nc6 h3 Be6 Bb5 O-O-O Bxc6 bxc6 O-O Bc4 b3 Bxf1 Kxf1 Nxe4 Nxe4 Rd1+ Ke2 Rhd8 Bb2 R1d2+ Nxd2 c5,"{30003,30003,29947,29251,29371,28891,29267,28179,28763,27427,26595,27195,26419,26971,25451,26595,25291,25955,24499,24787,24067,23987,23843,23715,23507,23619,21123,23163,20747,22995,20595,21739,20163,21595,19731,21347,19283,20667,19059,20197,18821}"
13285,10hJrkF0,black,Drac25,musicmaker214,loss,outoftime,947,879,68,standard,blitz,blitz,300,0,5+0,lichess.org,24.0,2.79,62.0,,08/07/25 01:22,2025-07-08 04:32:20.688+00,584.448,B00,Duras Gambit,Duras Gambit,2,-7,0,9.09,,,,,7,3700,7.97,,,,,67,34,e4 f5 exf5 Nf6 Bd3 e5 Qe2 Nc6 Nc3 Nd4 Qxe5+ Ne6 Bc4 Ng4 Qe4 Nf6 Qe3 Bc5 Qe2 Qe7 Nf3 Nd4 Qxe7+ Kxe7 Nxd4 Bxd4 d3 h6 Bf4 c6 O-O-O d5 Rhe1+ Kd8 Bb3 Bxc3 bxc3 Bxf5 h3 Re8 Be5 Kd7 g4 Bh7 c4 Bg8 f4 a5 a4 b5 axb5 a4 Ba2 cxb5 cxb5 d4 b6 Bxa2 b7 Nd5 bxa8=Q Rxa8 Kd2 a3 Ra1 Nb4 f5,"{30003,30003,29827,27587,29507,26915,28115,25939,27707,25803,27179,24955,26003,21827,23187,19355,22019,18907,21123,16387,19091,14987,17131,14723,17107,14515,17059,13571,16371,12835,16219,12651,16075,10779,15083,10155,14771,9883,12827,8939,12139,6923,11595,5899,9307,4827,5691,3651,5475,3107,5067,2603,4851,2243,4707,1867,4611,1635,4387,1187,4155,970,3867,812,3699,231,3700,0}"
13286,lZqKq129,white,Drac25,anshul-1876,win,outoftime,943,868,75,standard,blitz,blitz,300,0,5+0,lichess.org,22.0,3.46,,,08/07/25 00:57,2025-07-08 04:04:49.031+00,466.735,C20,"King's Pawn Game: Wayward Queen Attack, Kiddie Countergambit",King's Pawn Game,4,4,15015,7.14,,,,,-4,0,14.29,,,,,43,22,e4 e5 Qh5 Nf6 Qxe5+ Be7 Qg3 d5 Qxg7 Rg8 Qg3 dxe4 Qb3 e3 dxe3 Nc6 Bc4 Kf8 Bxf7 Bg4 f3 Bb4+ c3 Nd4 exd4 Qe7+ Ne2 Bf5 Bh6+ Rg7 Bxg7+ Kxg7 cxb4 Rd8 O-O Nh5 g4 Bxg4 fxg4 Qxe2 Bxh5 Qe4 Nd2,"{30003,30003,29939,29851,29795,29507,29611,29099,29467,28779,26779,26579,25795,26043,25459,25299,25323,23635,25163,22875,24139,20787,22715,17771,21739,16483,21243,12803,21011,11427,20467,10907,19811,9787,19083,7315,18619,3563,18203,2251,15747,158,15015,0}"
13287,Jb8RVbZm,black,Drac25,MaximeliseeV,loss,resign,947,1045,-98,standard,blitz,blitz,300,0,5+0,lichess.org,20.0,6.54,,,08/07/25 00:54,2025-07-08 03:56:57.363+00,145.676,B01,Scandinavian Defense: Mieses-Kotroc Variation,Scandinavian Defense,4,-4,22361,6.95,,,,,4,24233,5.25,,,,,23,12,e4 d5 exd5 Qxd5 Nc3 Qe6+ Be2 Qc6 Nf3 Bg4 O-O Bxf3 Bxf3 Qf6 Bxb7 e5 Bxa8 Bd6 d3 Nh6 Nd5 Qd8 Qf3,"{30003,30003,29859,29859,29755,29371,29627,28523,29323,28219,28107,26827,27979,25883,27443,24547,27203,24355,26395,23499,25395,22371,24233,22361}"
13288,qzimgJCF,black,Drac25,rihangbohr,win,resign,940,1002,-62,standard,blitz,blitz,300,0,5+0,lichess.org,28.0,4.68,39.0,,08/07/25 00:39,2025-07-08 03:48:07.809+00,513.33,C44,Scotch Game,Scotch Game,5,7,6296,6.59,1.0,2.0,2.0,83.0,-7,4591,6.87,3.0,1.0,3.0,54.0,74,37,e4 e5 Nf3 Nc6 d4 d6 Bc4 Bg4 h3 Bxf3 gxf3 Nf6 d5 h6 Nc3 Nd4 f4 exf4 Qxd4 f3 e5 dxe5 Qe3 e4 O-O Bd6 Nxe4 Nxe4 Qxe4+ Qe7 Re1 Qxe4 Rxe4+ Be7 Bf4 O-O-O Rd1 Bd6 Bxd6 cxd6 Rd3 f5 Re7 Rhe8 Rde3 Rxe7 Rxe7 g5 Kh2 h5 Kg3 h4+ Kxf3 g4+ Kf4 gxh3 Rh7 Re8 Rxh4 Re4+ Kxf5 Rxh4 f4 h2 Kg5 Rh3 Kg4 h1=Q f5 Rh4+ Kg5 Rxc4 f6 Qg1+,"{30003,30003,29827,29635,29691,28675,29451,28347,28395,27891,28107,27787,26963,26435,26483,26171,25059,25723,24635,23195,22699,22275,20027,21387,19379,19987,19083,18067,18355,17907,16899,16787,16619,16739,15835,15963,15051,15163,13635,15011,12371,14731,11619,14251,10507,12787,10363,11275,7819,10907,7387,10347,7251,10219,7115,9987,6683,8243,6075,7931,5939,7771,5451,7635,5371,7483,5123,6915,4907,6715,4747,6643,4635,6296,4591}"
13289,1i6XK1uW,white,Drac25,hpaprat,loss,outoftime,945,980,-35,standard,blitz,blitz,300,0,5+0,lichess.org,18.0,-0.06,37.0,,08/07/25 00:28,2025-07-08 03:38:59.247+00,622.818,C20,"King's Pawn Game: Wayward Queen Attack, Kiddie Countergambit",King's Pawn Game,4,-5,0,6.12,3.0,2.0,4.0,75.0,6,91,6.23,4.0,0.0,3.0,69.0,98,49,e4 e5 Qh5 Nf6 Qxe5+ Be7 Qg3 Nc6 Qxg7 Rg8 Qh6 d5 Bb5 Qd6 d4 dxe4 Nc3 Bg4 h3 Bh5 d5 Nxd5 Qxd6 Bxd6 Nxd5 O-O-O Bxc6 bxc6 Nf6 Rxg2 Nxh5 Bb4+ c3 Bc5 Be3 Bxe3 fxe3 Rd3 Rd1 Rxe3+ Kf1 Rxb2 Re1 Rxc3 Rxe4 Rxa2 Ne2 Rc5 Nf6 Ra1+ Kf2 Rxh1 Kg2 Ra1 Re8+ Kb7 Nd7 Rc2 Kf3 a5 Nd4 Ra3+ Ke4 Ra4 Rb8+ Ka6 Rg8 Rac4 Ra8+ Kb7 Rb8+ Ka7 Kd3 a4 Nxc2 Rh4 Rb1 a3 Nxa3 Rxh3+ Kc4 Rxa3 Nc5 Rg3 Rb7+ Ka8 Rxc7 h5 Rxc6 h4 Rf6 h3 Rxf7 h2 Rf8+ Ka7 Rf7+ Kb6,"{30003,30003,29931,29659,29747,29235,29547,29035,29243,26083,28979,25467,28579,24755,25891,23011,23011,19603,19251,16747,18851,15771,18379,15227,18179,14211,17395,13987,17235,13483,16475,13219,16267,12971,15275,11979,14963,11443,14139,11227,13531,9411,12691,8779,11947,8395,11003,7595,9731,7395,9579,7267,9579,7067,8683,6931,7819,6683,7459,6475,6955,5931,6731,4763,6571,4315,4899,3387,4195,3211,3651,3099,3075,2755,2763,1619,2163,1491,1755,1227,1115,1147,780,786,643,623,527,482,460,482,290,391,204,337,106,215,19,91,0}"
13290,kGvchRO7,white,Drac25,Vasily123,win,mate,941,846,95,standard,blitz,blitz,300,0,5+0,lichess.org,20.0,2.1,57.0,,08/07/25 00:20,2025-07-08 03:28:24.013+00,502.349,B01,Scandinavian Defense,Scandinavian Defense,2,4,680,7.72,,,,,-4,11342,5.04,,,,,77,39,e4 d5 Qh5 g6 Qf3 h5 exd5 Nd7 Bc4 Ne5 Qe4 Nxc4 Qxc4 Nf6 Nc3 Bf5 d3 e5 Qa4+ c6 dxc6 bxc6 Qxc6+ Bd7 Qf3 a5 Bg5 Be7 Bxf6 Bxf6 O-O-O a4 a3 g5 Nge2 Bg4 Qe4 Qb6 f3 Be6 b3 Rb8 bxa4 Qb2+ Kd2 Qxa3 Ra1 Qd6 Nb5 Bd5 Nxd6+ Ke7 Qxd5 g4 Rab1 Rxb1 Rxb1 gxf3 gxf3 h4 Rb7+ Kf8 Nxf7 Kg7 Nxh8+ Kxh8 Qc6 Bg7 Qc8+ Kh7 Qc7 Kh6 Qxg7+ Kh5 Qg8 h3 Rh7#,"{30003,30003,29947,29851,29659,29627,28075,29331,27571,29235,26219,28923,26011,28627,25611,28011,24235,27235,22979,27051,22851,26891,22667,26435,20443,25251,20275,24683,19123,24499,17019,24411,16859,23755,14939,23411,13475,21579,11627,21083,7947,20667,6131,20331,5723,19979,5027,17387,3739,15923,2923,15547,2795,14923,2723,14547,2619,14315,2459,14171,2267,13939,1979,12939,1739,12795,1395,12139,1227,12003,993,11875,880,11747,758,11342,680}"
13291,obHTomTy,white,Drac25,Rooijan,loss,outoftime,947,949,-2,standard,blitz,blitz,300,0,5+0,lichess.org,31.0,-2.14,,,08/07/25 00:12,2025-07-08 03:19:45.199+00,435.698,C00,French Defense: Steinitz Attack,French Defense,3,-6,0,9.68,,,,,6,18887,3.71,,,,,62,31,e4 e6 e5 c5 d4 Nc6 Nf3 Nxd4 Nxd4 cxd4 Qxd4 Ne7 Bb5 a6 Ba4 b5 Bb3 Nc6 Qe4 Bb7 Qf4 Rb8 Be3 d6 a3 Nxe5 O-O Ng6 Qg5 Qxg5 Bxg5 h6 Be3 Ne5 Nc3 Ng4 h3 Nxe3 fxe3 Be7 Rad1 Bd8 a4 b4 Na2 a5 Rxd6 Bc7 Rdd1 Ba6 Rf3 Bb7 Rxf7 Kxf7 Rf1+ Ke7 c3 Ba6 Rf2 Bg3 Rf3 Bh4,"{30003,30003,29723,29339,29403,29339,27723,29115,27427,28979,27331,28427,26411,27963,25707,27827,25507,27739,23235,27275,22011,27059,20779,26123,19835,25899,18027,25715,16059,25347,15907,24771,15091,24091,12355,23907,10899,23723,10723,23251,9051,22347,8355,22051,7603,21723,6883,20739,6195,20571,3603,20299,1459,20059,1347,19939,1051,19739,835,19435,8,18887,0}"
13292,qPdNvVWV,black,Drac25,medtaher,loss,outoftime,951,1024,-73,standard,blitz,blitz,180,2,3+2,lichess.org,19.0,2.32,31.0,,07/07/25 22:08,2025-07-08 01:15:02.422+00,388.865,C40,King's Pawn Game: Busch-Gass Gambit,King's Pawn Game,4,-4,0,4.62,,,,,4,12674,1.37,,,,,79,40,e4 e5 Nf3 Bc5 Bc4 h6 O-O Nf6 d3 d6 Nc3 c6 Na4 d5 Nxc5 dxc4 dxc4 Qxd1 Rxd1 Bg4 Rd3 Na6 Nxa6 bxa6 Bd2 O-O Bb4 Rfd8 Be7 Rxd3 cxd3 Bxf3 gxf3 a5 Re1 Nd7 Rd1 c5 Bh4 g5 Bg3 f6 b3 h5 h4 Kh7 hxg5 Rg8 gxf6 Nxf6 Kh2 Kg6 Rg1 Kf7 Bxe5 Nd7 Rxg8 Kxg8 Bc3 Kf7 Kh3 Kg6 Bxa5 Ne5 f4 Nxd3 Kh4 Nxf2 f5+ Kh6 f6 Kg6 e5 Ne4 Bc7 a6 Bb6 Kf5 f7,"{18003,18003,18059,17475,18139,17259,18195,16875,18307,16283,18363,16115,18403,14331,18379,14163,18547,14203,18747,13843,18571,13467,18635,13531,18307,13411,18331,13059,16803,13027,17003,12915,17059,11939,16723,11595,15979,11083,14899,11003,14963,10667,14979,10651,14979,9875,14331,9707,14227,9651,14067,7803,14035,7355,13947,7059,14027,7139,13747,6035,13883,6107,13867,6211,13667,5979,13747,5755,13595,5675,13523,5195,13547,4059,12955,3251,12755,2372,12674,0}"
13293,NM7vCQQ0,black,Drac25,jayso4891,loss,outoftime,957,933,24,standard,blitz,blitz,300,0,5+0,lichess.org,17.0,-0.94,57.0,,07/07/25 21:48,2025-07-08 00:57:47.333+00,578.715,A00,Van Geet Opening,Van Geet Opening,1,-6,0,6.82,,,,,6,5387,5.59,,,,,89,45,Nc3 Nf6 d3 e5 e4 Bb4 Nf3 Bxc3+ bxc3 Nc6 Bb2 d6 Qd2 Bg4 h3 Bxf3 gxf3 Qe7 Qg5 h6 Qxg7 Nh5 Qg4 Nf6 Qg7 Nh5 Qg4 Nf4 Bc1 f6 Bxf4 exf4 Qxf4 O-O-O Be2 Rdg8 d4 Rg5 d5 Ne5 h4 Rg2 Bf1 Rg7 Rb1 b6 Ba6+ Kb8 Qe3 h5 Be2 Rhg8 Kd2 Rg1 f4 Rxb1 Rxb1 Ng4 Qd3 Nxf2 Qa6 Nxe4+ Ke3 Nc5+ Kd4 Nxa6 Bxa6 c6 dxc6 Kc7 Kc4 Kxc6 Kb3 Rb8 a4 Qe4 Bb5+ Kc5 Bd3 Qxf4 Rf1 Qxh4 Rf3 Qg4 Rf5+ d5 c4 Qd1 Rxd5+,"{30003,30003,29835,29331,29027,29195,28827,29067,28643,28891,28083,28315,27979,28203,27547,27931,27443,26923,27267,26667,27091,25291,26347,24339,25915,23867,25699,23347,25139,19523,24027,19307,23835,18843,22955,18411,22219,17435,21395,16731,19539,16083,19035,15243,18323,15091,18019,15019,16483,12563,14915,12355,14619,8067,14115,6587,13779,5723,13259,5251,12923,4827,12595,3803,12371,3667,12203,3483,11931,3331,11235,2739,10587,2267,10323,1651,10003,1163,9499,1019,7947,673,7043,493,6891,343,5939,196,5387,0}"
13294,u2NAaYfc,white,Drac25,Siembun,win,resign,951,982,-31,standard,blitz,blitz,300,0,5+0,lichess.org,28.0,-2.98,45.0,,07/07/25 21:38,2025-07-08 00:47:46.302+00,529.704,B01,Scandinavian Defense,Scandinavian Defense,2,6,3669,6.93,,,,,-7,6207,6.26,,,,,77,39,e4 d5 Qh5 dxe4 Bc4 e6 Nc3 Nf6 Qe5 Bd6 Qb5+ c6 Qa4 b5 Bxb5 cxb5 Qxb5+ Ke7 d3 a6 Qg5 g6 Nxe4 h6 Qxf6+ Kd7 Nxd6 Qxf6 Nxc8 Kxc8 Nf3 Re8 Be3 e5 O-O e4 dxe4 Rxe4 Bxh6 Qxb2 Rab1 Qxc2 Rbc1 Qxc1 Bxc1 Rc4 Be3 a5 Ne5 Rc2 Rc1 Rxc1+ Bxc1 Ra6 Bf4 Re6 g3 Kc7 Nxf7+ Kb6 Bxb8 Re2 a4 Ra2 Ne5 Kc5 Nxg6 Rxa4 Nf4 Rb4 Nd3+ Kc4 Nxb4 axb4 Be5 Kb3 f4,"{30003,30003,29931,29563,29859,28795,28171,28139,26987,27459,25731,27099,25427,26835,24867,26707,24667,25859,22419,24603,21899,21443,21427,20963,21163,20091,20907,19875,17067,19635,16931,18523,16483,17771,16307,17395,16067,17035,15819,16515,14995,15603,14139,14291,13227,13683,12659,13171,12499,12523,12099,12139,11451,12011,9155,11771,8923,10515,8003,9651,7515,8899,6899,8755,5763,8075,5267,7867,4555,7395,4403,7019,4299,7019,3755,6587,3669,6207}"
13295,zegn0PMe,black,Drac25,Siembun,win,mate,944,988,-44,standard,blitz,blitz,300,0,5+0,lichess.org,16.0,-5.93,42.0,,07/07/25 21:29,2025-07-08 00:38:40.147+00,551.172,C20,King's Pawn Game: Wayward Queen Attack,King's Pawn Game,3,7,4464,6.55,,,,,-6,4400,6.56,,,,,80,40,e4 e5 Qh5 Nc6 Bb5 Nf6 Qf3 Bc5 Bxc6 dxc6 Qg3 Nxe4 d3 Bxf2+ Qxf2 Nxf2 Kxf2 Qf6+ Nf3 Bg4 Nc3 Bxf3 gxf3 O-O Ne4 Qh4+ Ke3 f5 Nc3 Qf4+ Kf2 Qh4+ Ke2 Rae8 b4 a6 a3 b5 d4 exd4+ Kd3 dxc3 Kxc3 Qc4+ Kb2 Qd4+ Kb1 Qc3 Rd1 Qxf3 Rd3 Qe2 Rd2 Qe6 Rd3 Qg6 Rd2 f4 Rf2 f3 Be3 Qe4 Bc1 Re6 h3 Rg6 Ra2 Rg2 Rf1 f2 Ka1 Rg1 Rxf2 Rxf2 c3 Rxa2+ Kxa2 Rxc1 Kb2 Qc2#,"{30003,30003,29811,29835,29251,29563,28883,27939,28547,27795,26891,25299,25771,24963,24507,24803,24507,24507,23883,23859,22939,23403,22747,22283,22587,21859,21995,21387,20707,19283,19707,18587,19067,18243,17579,17515,16939,17123,15075,16771,13931,16419,13851,15803,13523,14067,13363,12691,12995,12307,12827,11451,12259,10579,11315,10203,11035,9939,10427,9763,9843,9059,9227,8659,9019,8323,8155,8059,6715,7667,5755,5419,5315,5211,4771,4651,4627,4587,4400,4464}"
13296,pveZPMKM,white,Drac25,bajean47,loss,mate,951,892,59,standard,blitz,blitz,300,0,5+0,lichess.org,16.0,-0.34,,,07/07/25 21:22,2025-07-08 00:29:06.068+00,377.068,C20,King's Pawn Game: Wayward Queen Attack,King's Pawn Game,3,-7,11244,8.93,,,,,7,12819,8.18,,,,,44,22,e4 e5 Qh5 Nc6 Bc4 g6 Qf3 Nf6 c3 d6 d3 Qe7 Bg5 Bg7 h3 Be6 Bxe6 Qxe6 Na3 d5 Nb5 O-O-O Bxf6 Bxf6 exd5 Rxd5 Na3 Rhd8 Rd1 Rb5 Nxb5 Qxa2 Na3 Qxb2 Nc4 Qxc3+ Rd2 Nd4 Qxf6 Nc2+ Ke2 Nd4+ Kd1 Qa1#,"{30003,30003,29939,29867,29755,29283,29635,28867,29395,28091,28347,28003,27755,24867,27523,24419,26715,24067,25635,23699,25171,22659,24867,22339,23219,22043,21563,20187,20171,18411,19275,17499,18627,17179,16459,16875,15883,16035,15083,15499,14195,13947,11244,12819}"
13297,c1O0tYQ0,white,Drac25,jj0827,win,outoftime,946,922,24,standard,blitz,blitz,300,0,5+0,lichess.org,23.0,-7.21,70.0,,07/07/25 20:38,2025-07-07 23:47:30.869+00,546.232,C20,King's Pawn Game: Wayward Queen Attack,King's Pawn Game,3,5,8124,4.86,,,,,-9,0,6.67,,,,,91,46,e4 e5 Qh5 Nc6 Bc4 g6 Qf3 Qf6 Qxf6 Nxf6 c3 Nxe4 d3 Nc5 Bg5 Nxd3+ Kd2 Nc5 Bf6 Ne4+ Ke3 Nxf6 Nf3 d6 Nbd2 Ng4+ Ke2 Bh6 h3 Nf6 Nb1 O-O Na3 a6 h4 e4 Ng5 Bxg5 hxg5 Ng4 f3 Nge5 Bd5 exf3+ gxf3 Re8 Kf2 Nd3+ Kg3 Be6 Bxc6 bxc6 Rad1 Nc5 b4 Nd7 Rd2 Bd5 Nc2 f6 f4 fxg5 Rhh2 gxf4+ Kxf4 Re4+ Kg5 Bxa2 Nd4 Rxd4 Rxd4 Ne5 Rf2 Rf8 Rxf8+ Kxf8 Rf4+ Nf7+ Kf6 Ng5 Kxg5+ Kg7 c4 Bxc4 Rxc4 c5 bxc5 dxc5 Rxc5 a5 Rxc7+,"{30003,30003,29939,29315,29771,27899,29611,27139,29259,27019,28891,26675,27579,26155,26955,25347,26803,25011,26347,22259,25411,21939,25259,20435,23315,19643,22907,18083,21739,17355,20971,16955,20459,16747,18363,16403,17907,15387,17779,14875,17419,14595,17147,12771,16779,11859,15971,11131,15427,9675,15187,9539,14579,7315,14403,6619,13907,5395,13587,5099,12819,4875,11771,4523,11579,4091,11275,2395,11131,2147,10995,1827,10651,1707,10507,1659,10067,1259,9635,965,9427,908,9083,727,8915,646,8795,590,8723,370,8124,0}"
13298,g06VApap,black,Drac25,Lenonid,loss,timeout,952,945,7,standard,blitz,blitz,300,0,5+0,lichess.org,15.0,-0.92,34.0,,07/07/25 19:53,2025-07-07 23:00:39.297+00,443.008,D01,Rapport-Jobava System,Rapport-Jobava System,5,-6,1539,10.54,,,,,6,8254,8.06,,,,,55,28,d4 d5 Nc3 Nf6 Bf4 a6 e3 Bf5 Bd3 e6 Bxf5 exf5 Nf3 Bb4 Qd2 Ne4 Qd3 Bxc3+ bxc3 O-O Rb1 b5 Ne5 Nd7 f3 Qh4+ g3 Nxe5 dxe5 Nxg3 Bxg3 Qh3 Qf1 Qxf1+ Rxf1 c6 f4 Rae8 Ke2 f6 exf6 Rxf6 Bf2 Rh6 Rh1 c5 Rbd1 d4 cxd4 cxd4 Rxd4 g5 fxg5 Rh3 Rd3,"{30003,30003,29907,29163,29851,28851,29659,28707,29443,28219,29235,27867,28955,27771,28611,26955,26875,23467,26595,23019,24675,22627,23355,22019,22507,21123,21115,19723,20387,17563,20003,17091,17491,16067,17163,14867,15995,12731,13731,12491,13051,11811,12323,11459,12011,10907,10339,10083,10091,9931,9883,9203,8803,8995,8254,1539}"
13299,NGgBWWcr,black,Drac25,JeanAllen,loss,outoftime,956,1047,-91,standard,blitz,blitz,300,0,5+0,lichess.org,32.0,-0.31,65.0,,07/07/25 19:42,2025-07-07 22:52:45.728+00,599.766,C50,Italian Game: Anti-Fried Liver Defense,Italian Game,6,-4,0,7.5,,,,,4,2922,6.77,,,,,81,41,e4 e5 Nf3 Nc6 Bc4 h6 c3 Bc5 d4 exd4 cxd4 Bb4+ Nc3 Bxc3+ bxc3 Nf6 e5 Ne4 O-O Nxc3 Qd3 Na4 d5 Nb4 Qb3 Nxd5 Qxa4 Nb6 Qb5 a6 Qb2 Nxc4 Qd4 b5 Nd2 d5 e6 Bxe6 Qxg7 Rf8 Nxc4 bxc4 Bxh6 Qe7 f4 Qc5+ Kh1 O-O-O f5 Bd7 f6 Be6 Rae1 Rg8 Qh7 Rh8 Qg7 Rdg8 Qxf7 Bxf7 Re7 Bh5 f7 Bxf7 Rfxf7 Rf8 Bxf8 Rxf8 Rxf8+ Kb7 Ree8 Qa3 Rb8+ Kc6 Rf6+ Kc5 h4 Qxa2 Rc8 Qb2 Rxc7+,"{30003,30003,29883,29851,29763,29667,29595,29147,29443,28931,29195,28819,28523,28347,28259,27635,27755,26907,27275,25867,26963,24395,26603,23043,25707,17563,24163,17323,23227,16571,21659,16251,21131,14627,20451,11819,20131,11331,19899,10115,19187,9579,19019,8523,18187,7451,17347,6611,16563,5763,15771,4203,15259,3739,13763,3435,13291,3187,7043,2995,7011,1555,6403,1363,6187,1187,5859,1027,5507,931,4651,595,4459,513,4099,378,3443,278,3115,78,2922,0}"
13301,KR5cOwLr,black,Drac25,kimlin5667,loss,mate,956,964,-8,standard,blitz,blitz,300,0,5+0,lichess.org,20.0,3.84,,,07/07/25 19:34,2025-07-07 22:39:36.481+00,328.338,C50,Italian Game: Anti-Fried Liver Defense,Italian Game,6,-5,9440,9.79,,,,,5,19776,4.65,,,,,45,23,e4 e5 Bc4 Nc6 Nf3 h6 O-O Nf6 d3 d5 exd5 Nxd5 Nc3 Nxc3 bxc3 Bg4 h3 e4 hxg4 exf3 Re1+ Be7 Qxf3 O-O Bxh6 gxh6 Qh3 Bh4 g3 Bg5 f4 Bf6 Qxh6 Bg7 Qh5 Qf6 Kg2 Qxc3 Rh1 Qd2+ Kf3 Ne5+ Ke4 Nf3 Qh7#,"{30003,30003,29915,29803,29819,29643,29571,29019,29427,28595,29227,28459,29019,26843,28803,26443,28531,25531,27979,24739,27619,24235,27307,23827,25739,22643,25131,21427,24667,21243,24219,18203,23795,17675,22435,16907,21827,16091,21499,14123,21283,10195,20251,9440,19776}"
13302,IkOC2CAV,black,Drac25,KilJoy247,win,outoftime,951,931,20,standard,blitz,blitz,300,0,5+0,lichess.org,,,,,07/07/25 19:28,2025-07-07 22:29:01.65+00,60.803,D02,Queen's Pawn Game: Zukertort Variation,Queen's Pawn Game,3,5,28020,4.96,,,,,-5,0,60.01,,,,,10,5,d4 d5 Nf3 f6 e3 Nc6 Nc3 Bg4 Be2 Nh6,"{30003,30003,29755,29731,29475,29091,26739,28675,26581,28020,0}"
13303,9j76uCW5,white,Drac25,wiebejammin,win,mate,946,861,85,standard,blitz,blitz,300,0,5+0,lichess.org,21.0,-1.79,,,07/07/25 19:16,2025-07-07 22:26:51.652+00,595.218,C00,French Defense,French Defense,2,5,2269,7.7,,,,,-4,833,8.33,,,,,73,37,e4 e6 Qh5 d6 Nh3 Be7 g3 g6 Qf3 Nf6 Bb5+ c6 Bc4 d5 exd5 cxd5 Bb5+ Bd7 Qb3 b6 f3 e5 Bxd7+ Qxd7 Nf2 O-O d3 Nc6 Bh6 Rfc8 c3 d4 c4 Bb4+ Nd2 Bxd2+ Kxd2 Na5 Qd1 b5 b3 bxc4 dxc4 Qd6 Kd3 Qb4 Ke2 Qc3 Rc1 Qb2+ Rc2 Qa3 Kf1 Nxb3 Re2 Rc5 axb3 Qxb3 Qxb3 Rxc4 Qxc4 Rd8 Kg2 d3 Rd2 Nd5 Qb5 Ne3+ Kh3 Rd4 Qxe5 Nc4 Qg7#,"{30003,30003,29939,29667,29571,29083,27267,28979,27083,28683,26619,28507,26363,28259,26211,28195,26027,28083,25571,25899,24147,25667,23163,25051,22579,24803,21795,24099,20667,23507,19859,23187,17315,21891,16283,21395,16075,21035,14179,15459,13907,14979,13339,12371,12251,11499,11051,8819,8083,8443,7587,7555,6779,5819,6019,3435,5859,2419,5643,2235,5483,1859,5331,1747,4963,1419,2987,1243,2691,929,2435,833,2269}"
13304,bInh1uZh,white,Drac25,KombetMdn,loss,outoftime,952,952,0,standard,blitz,blitz,300,0,5+0,lichess.org,15.0,-3.72,,,07/07/25 03:16,2025-07-07 06:25:10.302+00,532.766,B01,Scandinavian Defense,Scandinavian Defense,2,-6,0,9.38,,,,,7,9099,6.74,,,,,64,32,e4 d5 e5 d4 Bc4 Nc6 c3 Nxe5 Nf3 Nxc4 d3 dxc3 dxc4 Qxd1+ Kxd1 cxb2 Bxb2 Be6 Nbd2 O-O-O Bd4 b6 Be3 Bxc4 Ke1 Bb5 Ne5 Be8 a4 f6 Nef3 e5 Nc4 Bb4+ Bd2 a5 Bxb4 axb4 a5 Ne7 a6 Nc6 a7 Kb7 Ke2 Ra8 Rab1 Rxa7 Nfd2 Bh5+ f3 Bg6 Rb2 Nd4+ Ke1 Ra1+ Nb1 b3 Kd2 Rd8 f4 Nf3+ Ke3 Rd3+,"{30003,30003,29755,29891,29155,29459,28835,28947,27779,28131,27003,26899,26123,26227,25699,25419,25451,25219,24851,24659,23875,23939,22923,23379,22291,21571,22003,20755,18595,20595,17779,20115,15691,19691,13995,19451,12763,19451,12467,18587,11979,16803,11163,16139,7107,15435,2739,14915,2283,14371,2123,14171,1651,13467,940,13275,591,11339,276,10299,122,10155,25,9099,0}"
13305,vcoK6wAu,black,Drac25,ares1378,loss,outoftime,959,895,64,standard,blitz,blitz,300,0,5+0,lichess.org,17.0,-1.81,64.0,,07/07/25 03:07,2025-07-07 06:15:46.649+00,508.442,C22,Center Game: Paulsen Attack Variation,Center Game,7,-7,0,8.57,,,,,7,11923,5.17,,,,,71,36,e4 e5 d4 exd4 Qxd4 Nc6 Qe3 b6 Bb5 Bc5 Qf3 Ne5 Qf4 f6 a3 c6 b4 Bxb4+ axb4 cxb5 Qh4 Bb7 f3 Ne7 Bf4 N7g6 Qg3 O-O Bxe5 Nxe5 f4 Nc4 Ne2 Re8 Nbc3 d5 exd5 Bxd5 Nxd5 Qxd5 Qf2 Qd2+ Kf1 Ne3+ Kg1 Ng4 Qf3 f5 h3 Ne3 Kh2 Qxc2 Nd4 Qc4 Nxf5 Qxb4 Nxe3 Re6 Rhe1 Rae8 Qg3 Qd6 Nf5 Rxe1 Nxd6 Rxa1 Nxe8 Re1 Qb3+ Kf8 Nd6,"{30003,30003,29891,29723,29891,29651,29835,28307,29731,27651,29227,27203,28779,25883,27915,23987,27811,23475,27379,23371,25075,22555,24675,20571,24091,19691,23067,18643,22947,18155,22795,17027,22299,15763,21027,13651,20371,13051,20139,12323,18899,11147,18323,10395,17843,8955,17179,7867,16987,6883,16331,6227,15779,5019,15475,2451,15283,1667,15027,1443,13171,1195,12723,1019,12547,773,12451,280,12147,72,11923,0}"
13306,Bz8TJa78,white,Drac25,ares1378,loss,outoftime,966,888,78,standard,blitz,blitz,300,0,5+0,lichess.org,17.0,0.74,50.0,,07/07/25 02:56,2025-07-07 06:07:08.418+00,647.015,D01,"Rapport-Jobava System, with e6","Rapport-Jobava System, with e6",5,-7,0,6.25,,,,,7,177,6.35,,,,,96,48,d4 d5 Nc3 e6 Bf4 Bb4 e3 Bxc3+ bxc3 h6 Bd3 g5 Bg3 f5 f3 Nc6 e4 dxe4 fxe4 fxe4 Bxe4 Bd7 Bg6+ Ke7 Qf3 Nf6 Ne2 Rf8 Qd3 Ng4 h3 Nf6 O-O Nd5 Bf2 Nf4 Nxf4 Rxf4 Rab1 b6 Bh5 Qf8 Bg3 Rxf1+ Rxf1 Qg8 Bxc7 Be8 Bxe8 Rxe8 Qg3 e5 dxe5 h5 e6 Qxe6 Re1 h4 Rxe6+ Kxe6 Qe3+ Kd7 Qxg5 Kxc7 Qg7+ Ne7 Qh6 Kb7 Qxh4 Ka6 c4 b5 a3 bxc4 Qh6+ Ka5 c3 Ka4 Qh4 Kxa3 Qh5 Kb3 Qxe8 Kxc3 Qxe7 Kd3 g3 c3 g4 c2 g5 c1=Q+ Kg2 Qd2+ Kg3 Qe1+,"{30003,30003,29795,29459,29619,29179,29211,29043,29019,28587,27483,28307,26987,27563,26619,27027,25827,26515,25587,24739,24755,24635,23675,22699,23315,22403,21979,22003,19771,20451,18491,18203,17515,16995,15227,15763,14515,15555,13291,14555,12003,13915,10099,13355,9851,11243,7555,9219,6035,8427,5827,5611,4819,4627,3939,3971,3579,3627,3331,3179,3211,2899,2731,2651,2067,2123,1315,2019,1211,1899,1139,1627,1139,1515,1067,1315,982,1243,752,1123,660,1051,544,806,544,620,544,539,544,507,539,413,57,359,27,177,0}"
13307,fQqO3ftW,black,Drac25,Ragnar31dz,win,resign,961,901,60,standard,blitz,blitz,300,0,5+0,lichess.org,23.0,-7.69,66.0,,07/07/25 02:45,2025-07-07 05:54:48.03+00,534.544,C44,Scotch Game,Scotch Game,5,5,1173,8.48,,,,,-5,7382,6.46,,,,,70,35,e4 e5 Nf3 Nc6 d4 Nf6 c3 Nxe4 Bd3 Nf6 d5 e4 dxc6 exf3 cxb7 Bxb7 g3 Qe7+ Be3 Nd5 Nd2 Nxe3 fxe3 f2+ Kxf2 Bxh1 Qxh1 Qf6+ Nf3 Bd6 Be4 Rb8 b4 O-O Rc1 a6 a4 Rbe8 Bb7 Qh6 Qe1 g5 Kg1 f6 Bxa6 Kg7 Bf1 g4 Nh4 Qh5 Bg2 Qe5 e4 f5 a5 fxe4 a6 e3 a7 e2 a8=Q Rxa8 Bxa8 Rf1+ Kg2 Rxe1 Rxe1 Qxc3 b5 Qxe1,"{30003,30003,29795,29875,29387,28787,29195,28123,28755,27099,28531,25843,27323,25083,25371,24731,25155,23651,24907,22379,24355,21475,24211,21027,23851,20451,23619,19491,23003,18891,22003,18395,21771,18075,21267,16915,20259,15275,17715,14659,16563,13019,14947,11443,14627,11027,12203,9443,11811,7683,11635,5843,10507,4331,9731,3931,9483,3195,9243,1923,8579,1763,8467,1675,8123,1515,7963,1291,7603,1173,7382}"
13308,Ih1rS2Zr,white,Drac25,QueensGrambit,win,mate,955,995,-40,standard,blitz,blitz,300,0,5+0,lichess.org,22.0,4.47,48.0,,07/07/25 02:38,2025-07-07 05:45:18.612+00,435.821,C20,King's Pawn Game: Wayward Queen Attack,King's Pawn Game,3,6,7547,6.24,,,,,-19,11330,5.34,,,,,73,37,e4 e5 Qh5 g6 Qxe5+ Ne7 Qxh8 d6 Bc4 c6 Qxh7 d5 Nc3 Nd7 exd5 cxd5 Nxd5 Nxd5 Bxd5 Ne5 Bxf7+ Nxf7 Qxg6 Qe7+ Ne2 b6 d3 Qb4+ Bd2 Qxb2 O-O Qxc2 Qe4+ Be7 Qxa8 Kd8 Qd5+ Bd7 Qxf7 Qxd3 Qg8+ Kc7 Bf4+ Bd6 Rac1+ Bc6 Bxd6+ Kxd6 Rcd1 Qd5 Rxd5+ Bxd5 Qg5 b5 Nc3 b4 Qxd5+ Ke7 Qe4+ Kd6 Qxb4+ Ke5 Re1+ Kf5 Re8 Kg5 Qf8 a5 Re3 Kg4 Rg3+ Kh5 Qh8#,"{30003,30003,29883,29723,29675,29099,29387,27947,27307,27347,27163,26883,26219,26667,25771,26515,25067,26187,24715,25987,22419,25587,22275,24947,22043,24763,20027,23323,18843,21731,18515,21291,16883,19323,16123,18483,14163,18083,14011,17395,12307,17107,11691,16787,11195,16219,10723,15499,10467,13971,10019,13667,9595,13403,9307,13219,9131,12883,8923,12627,8851,12267,8699,12115,8131,11883,7995,11699,7771,11507,7683,11330,7547}"
13310,zFylBh2v,black,Drac25,tito1998,loss,outoftime,955,918,37,standard,blitz,blitz,300,0,5+0,lichess.org,30.0,-1.81,,,07/07/25 02:25,2025-07-07 05:35:38.891+00,580.395,A00,Van't Kruijs Opening,Van't Kruijs Opening,1,-7,0,11.11,,,,,6,3471,9.83,,,,,55,28,e3 e5 Be2 d5 Nf3 e4 Ne5 f6 Bh5+ g6 Bxg6+ hxg6 Nxg6 Nh6 Qh5 Rg8 Ne5+ Ke7 Ng6+ Kd6 Nf4 f5 O-O Nc6 d3 Qg5 dxe4 fxe4 Nc3 Bg4 Qxg5 Rxg5 Ncxd5 Rxd5 Nxd5 Kxd5 h3 Be6 Rd1+ Ke5 b3 Nb4 Bb2+ Kf5 g4+ Kg6 Rab1 Be7 c3 Nxa2 c4 Nb4 Rd2 Bxc4 Rd4,"{30003,30003,29843,29899,29643,29587,29499,28531,29267,27843,28051,27587,27731,26379,27291,25891,26499,20627,25987,20075,24459,18363,23107,17187,22283,15107,18587,13667,16659,11643,13035,11275,12539,10139,12339,9979,12011,7995,11571,7323,11003,6771,10755,5787,10475,5011,6579,1187,5699,901,5379,739,4211,571,3471,0}"
13311,Hta7n55v,white,Drac25,Stephanus,win,outoftime,949,936,13,standard,blitz,blitz,300,0,5+0,lichess.org,15.0,3.42,54.0,,07/07/25 02:15,2025-07-07 05:25:00.281+00,593.068,A41,Queen's Pawn Game,Queen's Pawn Game,2,6,3265,7.23,,,,,-6,0,8.11,,,,,75,38,d4 d6 Nc3 e5 d5 Nf6 e4 c6 Bg5 b6 dxc6 Nxc6 Nd5 Nd4 c3 Ne6 Qa4+ Bd7 Nxf6+ gxf6 Bxf6 Qxf6 Bb5 Nc5 Bxd7+ Nxd7 O-O-O a6 Qc6 Rc8 Qb7 Rd8 Qxa6 d5 Rxd5 Qf4+ Kd1 Qxf2 Qb7 Nc5 Rxd8+ Kxd8 Qd5+ Nd7 Ne2 Qxg2 Rf1 Qg4 Rxf7 h5 Kd2 Bh6+ Kc2 Qxe2+ Kb3 Re8 Qa8+ Kc7 Qxe8 Qxe4 Qxd7+ Kb8 Rf8+ Bxf8 Qe8+ Kc7 Qxf8 Kc6 Qh6+ Kd5 Qxb6 h4 h3 Qg2 Qh6,"{30003,30003,29939,29939,29787,29611,29635,29515,28323,29115,27563,28963,27195,28531,26179,27683,25923,27475,24555,27091,23235,26923,21867,25163,21099,24707,20659,23811,20163,22523,19435,21195,18963,20811,18443,19859,15451,19475,14147,12115,13123,11907,12275,11275,10827,10691,10283,7499,9819,6779,8147,4883,7635,4531,7403,3059,6939,2291,5843,2179,5627,1707,5051,1195,4747,1003,4667,894,4171,720,3995,537,3659,174,3265,0}"
13312,UfqEX9GO,black,Drac25,Stephanus,win,mate,944,941,3,standard,blitz,blitz,300,0,5+0,lichess.org,22.0,-2.59,49.0,,07/07/25 02:06,2025-07-07 05:14:59.069+00,504.346,C46,Three Knights Opening,Three Knights Opening,5,5,69,6.8,,,,,-5,12721,3.93,,,,,90,45,e4 e5 Nf3 Nc6 Nc3 Bc5 Bc4 h6 O-O Nge7 d4 exd4 Bxf7+ Kxf7 Ne5+ Nxe5 Qh5+ N5g6 Qxc5 d6 Qc4+ Be6 Qxd4 c5 Qe3 d5 Qh3 Bxh3 Be3 Be6 Nxd5 Nxd5 Rad1 b6 exd5 Bxd5 b3 Ne7 c4 g5 f4 Qe8 fxg5+ Nf5 Bf4 Bxg2 Kxg2 Ne3+ Bxe3+ Kg6 Rde1 Qe4+ Kg1 Qg4+ Kh1 Rae8 Rg1 Qf3+ Rg2 Rxe3 Rxe3 Qxe3 Rg3 hxg5 Rxe3 Rf8 Re7 a5 Rb7 Rf1+ Kg2 Ra1 Rxb6+ Kh5 a4 g4 Rb5 Kh4 Rxc5 Rb1 Rb5 Rb2+ Kg1 Kh3 c5 g3 hxg3 Kxg3 c6 Rb1#,"{30003,30003,29323,29915,29115,29651,29059,29483,28883,28211,28883,27827,28595,27131,28459,26771,28347,25891,28155,23635,27371,23123,27195,22611,25931,21715,25619,21355,25323,20315,25019,19211,24955,15835,23763,15563,23715,13779,23715,12363,23243,10755,22987,9555,22251,8131,21627,7531,21403,7227,21291,6403,20675,5723,20019,5275,18907,4515,17987,4035,17779,3891,17515,3739,17347,3507,17019,3171,16787,2867,16643,2403,16531,2211,16435,1883,16291,1475,16115,1267,14363,720,13835,582,13043,442,12803,193,12721,69}"
13313,6lvwUoSK,white,Drac25,swainw,win,resign,938,937,1,standard,blitz,blitz,300,0,5+0,lichess.org,17.0,0.92,49.0,,07/07/25 01:58,2025-07-07 05:06:21.438+00,445.733,C20,King's Pawn Game: Wayward Queen Attack,King's Pawn Game,3,6,7437,9.4,,,,,-6,8963,8.77,,,,,49,25,e4 e5 Qh5 Qe7 Bc4 g6 Qf3 a6 Nc3 b5 Bb3 c6 a3 Nh6 h3 f5 d3 Bg7 h4 d6 Nh3 Nd7 Bg5 Nf6 Bxf6 Qxf6 exf5 Nxf5 Ne4 Qxh4 Nxd6+ Nxd6 Qxc6+ Ke7 Qxa8 Be6 Qa7+ Kf6 Bxe6 Re8 Bb3 Ne4 Qb6+ Kf5 O-O-O Nxf2 Nxf2 Qxf2 Qxf2+,"{30003,30003,29947,29851,29659,29507,29523,28531,29075,28411,28203,28251,27643,27915,27451,27419,26211,26795,25171,24939,24563,22675,23051,22067,21611,21587,20763,20899,19915,19123,18443,18515,18003,16987,16267,16011,15571,15803,14875,13683,13299,11987,10787,11595,8219,11099,7699,9395,7437,8963}"
13314,8uR2VN36,black,Drac25,swainw,loss,outoftime,944,931,13,standard,blitz,blitz,300,0,5+0,lichess.org,23.0,-4.59,45.0,,07/07/25 01:48,2025-07-07 04:58:47.026+00,600.128,C20,King's Pawn Game: King's Head Opening,King's Pawn Game,5,-6,0,10.72,,,,,6,1291,10.25,,,,,57,29,e4 e5 Nc3 Nf6 f3 Bc5 a3 Nc6 b4 Bd4 Nge2 d6 Nd5 Bxa1 c3 Nxd5 exd5 Ne7 d3 Nxd5 Bd2 Bxc3 Nxc3 Be6 Nxd5 Bxd5 Bc3 O-O d4 f6 dxe5 dxe5 Bd3 c6 O-O Qe8 Be4 Rd8 Qa4 Bc4 Rd1 b5 Qc2 Rxd1+ Qxd1 Qe6 Bd3 Bd5 Qc2 g6 a4 a6 axb5 axb5 Kf2 f5 Be4,"{30003,30003,29635,29643,29459,29515,28771,29075,28627,28723,28395,27587,27859,27035,26811,25227,26547,25155,25211,24683,24523,22363,23147,21483,22539,21291,20227,20675,19859,18411,18435,17819,15347,17275,14259,13571,10363,13003,9227,10915,6779,9547,4907,7387,4771,6859,4323,5987,3675,5443,3315,3187,3003,2763,1371,255,1291,0}"
13315,UmdqDPqo,white,Drac25,Abdulwahab2024,loss,resign,950,934,16,standard,blitz,blitz,300,0,5+0,lichess.org,27.0,4.32,44.0,,07/07/25 01:40,2025-07-07 04:48:24.254+00,458.905,C20,King's Pawn Game: Wayward Queen Attack,King's Pawn Game,3,-6,981,7.26,,,,,6,15346,3.76,,,,,80,40,e4 e5 Qh5 Nc6 Bc4 g6 Qf3 Nf6 c3 Bh6 Ne2 O-O d3 Na5 Bxh6 Re8 Bb5 a6 Ba4 b5 Bb3 Nxb3 axb3 c5 O-O d6 Nd2 Bg4 Qg3 d5 f3 dxe4 fxg4 Qxd3 Qxd3 exd3 Rxf6 e4 Nf4 Rad8 Raxa6 e3 Rad6 exd2 Rxd3 Rxd3 Nxd3 d1=Q+ Kf2 Qxd3 Rf3 Re2+ Kg3 Qc2 Be3 Rxg2+ Kh3 Rxh2+ Kg3 Qg2+ Kf4 Qxb2 Bxc5 Qd2+ Be3 Qxc3 Kg3 Rh1 Bf4 Qe1+ Rf2 Rg1+ Kf3 Rf1 Bg3 Rxf2+ Bxf2 Qc3+ Be3 Qxb3,"{30003,30003,29939,29699,29643,29347,29227,29267,28819,28667,28155,28507,27819,28067,27547,27883,24587,27347,24315,27243,23979,27131,23835,27019,22875,26171,22099,26091,21563,25459,21163,25019,20827,24859,18619,24715,17491,24499,16795,23547,15211,23147,13819,22243,13139,22059,12987,21691,12987,21555,8915,21299,8491,20339,7491,20059,6739,19267,6515,19083,6227,18811,5587,17971,5131,17747,4827,17067,3627,16731,2731,16467,2499,16147,1795,15619,1635,15483,1475,15346,981}"
13316,2iM1LEz4,black,Drac25,Abdulwahab2024,loss,resign,956,928,28,standard,blitz,blitz,300,0,5+0,lichess.org,19.0,0.54,27.0,,07/07/25 01:32,2025-07-07 04:40:29.266+00,504.641,C50,Italian Game: Anti-Fried Liver Defense,Italian Game,6,-6,2119,5.26,,,,,6,9710,3.83,,,,,107,54,e4 e5 Nf3 Nc6 Bc4 h6 d3 f6 Nc3 Bc5 O-O d6 Re1 Be6 Be3 Bxc4 dxc4 Bxe3 Rxe3 Nge7 Nd5 Nxd5 Qxd5 Nd4 Rc1 Nxf3+ Rxf3 c6 Qe6+ Qe7 Qf5 O-O Rh3 Kf7 Qh5+ Ke6 Qg4+ Kf7 f4 Ke8 f5 Qf7 Qh5 Qxh5 Rxh5 Rd8 c3 c5 b4 b6 a4 cxb4 cxb4 Rc8 b5 d5 exd5 e4 Rh4 Ke7 Rxe4+ Kd6 Re6+ Kc5 Re3 Kb4 Ra3 Rxc4 Rxc4+ Kxc4 d6 Rd8 Rg3 Rg8 d7 Kb4 Rxg7 Rd8 Re7 Kxa4 Re8 Rxd7 Ra8 Kxb5 Kf2 Rd2+ Ke3 Ka6 Kxd2 Kb7 Rh8 a5 Rxh6 Kc6 Rxf6+ Kb5 h4 a4 h5 a3 Kc2 a2 Kb2 Kb4 Kxa2 b5 Rb6,"{30003,30003,29859,29851,29779,29699,28907,29251,28315,29011,27955,28763,27699,28587,27283,27747,27067,26979,26307,24267,25835,24075,25715,23131,24251,22555,24051,21883,23763,20611,22043,19651,21051,18075,20699,17411,20467,15803,19083,15155,18715,14355,17955,13907,17955,13363,17419,13067,17227,12099,16307,11579,16131,11571,15643,11123,15267,10875,15155,10835,15003,10739,14707,10507,14107,9355,13795,9155,13651,8595,13219,7691,12715,7155,12499,6515,12259,5371,11955,4627,11691,4515,11539,4291,11347,4003,11203,3627,10851,3571,10395,3403,10315,3403,10243,3363,10179,3331,10155,3203,10051,3203,9963,3187,9859,3187,9710,2119}"
13317,6RyPFSqO,white,Drac25,Phoenix_Bln,win,resign,949,1012,-63,standard,blitz,blitz,300,0,5+0,lichess.org,22.0,4.78,61.0,,05/07/25 23:35,2025-07-06 02:44:47.271+00,564.952,C20,King's Pawn Game: Wayward Queen Attack,King's Pawn Game,3,7,3622,8.51,,,,,-7,323,9.57,,,,,63,32,e4 e5 Qh5 Nc6 Bc4 g6 Qf3 Nf6 c3 d6 h3 Qe7 d3 Be6 Bg5 Bxc4 dxc4 Qe6 Bxf6 Rg8 Na3 a6 Ne2 Be7 Bxe7 Qxe7 O-O O-O-O Rae1 Rgf8 Rd1 f5 c5 dxc5 Rxd8+ Nxd8 Nc4 fxe4 Qxe4 Nc6 f3 Qe6 b3 Rf5 g4 Rf6 Kg2 Kb8 Ng3 Ka7 Qe3 Rf4 Qxc5+ b6 Qe3 h5 Ne4 hxg4 hxg4 Na5 Nxa5 Qd5 Nc4,"{30003,30003,29835,29251,29699,28403,29547,28355,29195,26939,28579,26235,27427,26083,27035,24523,26811,22027,25203,21667,23411,21003,21651,20379,20675,20219,19531,20107,17883,19971,17715,19651,16459,18179,16243,17235,14267,16347,13979,14419,13323,13051,12819,10811,12147,9251,10979,7899,10339,7347,7923,6459,7291,5891,5475,4523,4627,4043,4107,2291,3851,1475,3622,323}"
13318,oASBoy1y,black,Drac25,joseps512,win,resign,945,858,87,standard,blitz,blitz,300,0,5+0,lichess.org,20.0,-4.12,,,05/07/25 23:25,2025-07-06 02:34:55.204+00,541.883,D06,Queen's Gambit Declined: Marshall Defense,Queen's Gambit Declined,4,4,8667,9.7,,,,,-13,219,12.95,,,,,46,23,d4 d5 c4 Nf6 e3 Bf5 cxd5 Qxd5 Nc3 Qa5 Bd2 Qb6 b3 e6 Na4 Qc6 Rc1 Qd5 Bc4 Qxg2 Qf3 Be4 Qxg2 Bxg2 f3 Bxh1 Kf2 Ba3 Rd1 Bxf3 Nxf3 Ne4+ Ke2 O-O Bd3 Nxd2 Rxd2 Bb4 Rd1 b6 Ng5 h6 Bh7+ Kh8 Rg1 hxg5,"{30003,30003,29867,29307,29491,29163,28979,28491,28683,26707,27259,26219,26603,25051,25843,24003,25683,22675,24827,22331,20659,20011,15067,19787,13323,19515,12363,17675,10659,15859,10491,15291,9211,13411,7083,12803,6419,12699,5123,11331,4915,9027,4403,8883,695,8667,219}"
13319,W9ZnIW6u,white,Drac25,nelson93,win,mate,939,956,-17,standard,blitz,blitz,300,0,5+0,lichess.org,16.0,10.69,,,05/07/25 23:22,2025-07-06 02:25:39.969+00,172.506,C20,King's Pawn Game: Wayward Queen Attack,King's Pawn Game,3,6,22712,5.21,,,,,-6,21204,6.77,,,,,29,15,e4 e5 Qh5 Qf6 Bc4 g6 Qf3 Nh6 Qxf6 b6 Qxh8 d6 d3 Be6 Bxh6 Bxc4 Qxf8+ Kd7 Qxf7+ Kc6 dxc4 d5 exd5+ Kc5 Qe7+ Kd4 Nf3+ Ke4 Qxe5#,"{30003,30003,29883,29827,29123,29555,28859,28619,28515,27531,28211,25803,27099,24723,26803,24435,26579,24291,26043,24179,25907,22347,25515,22147,24147,21795,22987,21204,22712}"
13320,0wWRUMaV,white,Drac25,goaty27,loss,outoftime,945,956,-11,standard,blitz,blitz,300,0,5+0,lichess.org,23.0,-3.29,63.0,,05/07/25 23:13,2025-07-06 02:22:29.591+00,551.368,B01,Scandinavian Defense,Scandinavian Defense,2,-6,0,9.09,,,,,13,6740,7.27,,,,,66,33,e4 d5 e5 Nd7 d4 c5 Bb5 a6 Ba4 c4 Nc3 b5 Bxb5 axb5 Nxb5 Qa5+ Nc3 Nb6 Nf3 Na4 Qd2 g6 O-O Bh6 Qe1 Bxc1 Qxc1 Nxc3 bxc3 Qxc3 Qg5 h6 Qf4 Qxc2 Rae1 Qxa2 e6 fxe6 Ne5 g5 Qf7+ Kd8 Qg7 Qb2 Qxh8 Bb7 Qxg8+ Kc7 Qxe6 Qxd4 Qd7+ Kb8 Qxe7 c3 Nf3 Qb6 Rb1 Qc7 Qe3 Ra3 Ra1 Qd6 Rxa3 Qxa3 Qe8+ Ka7,"{30003,30003,29731,29523,29579,29251,29403,28627,27179,28291,25843,27787,21339,26483,21075,26355,20803,25659,20027,25467,18683,24259,18291,24019,17107,21819,15475,21611,14891,21443,13571,20147,12699,19707,10987,18995,10803,17227,10403,16435,10203,16123,8939,13707,8587,12219,8011,12051,7099,11603,6411,10883,5507,10659,4803,8459,4171,8139,2515,7691,1267,7219,436,6971,288,6740,0}"
13321,JZ4kbwG0,black,Drac25,RafaelPombo,loss,mate,950,936,14,standard,blitz,blitz,300,0,5+0,lichess.org,23.0,4.03,,,05/07/25 23:05,2025-07-06 02:13:04.199+00,466.623,C30,King's Gambit Declined: Panteldakis Countergambit,King's Gambit Declined,4,-5,9126,14.91,,,,,6,5545,16.31,,,,,31,16,e4 e5 f4 f5 Bc4 fxe4 fxe5 Nc6 Qh5+ g6 Qe2 Nxe5 Qxe4 d6 Nf3 Bg4 Nxe5 Qh4+ g3 Qe7 O-O Nf6 Rxf6 dxe5 Rf7 Qc5+ Kh1 O-O-O Ba6 bxa6 Qa8#,"{30003,30003,29899,29595,29291,29115,28411,27699,26779,26891,23443,23779,23251,23451,22571,22867,21411,20363,20419,18995,15483,17483,12147,13395,9507,12371,8067,10371,5947,9126,5545}"
13322,mErDzxV6,white,Drac25,LogenDuhem,loss,outoftime,955,1001,-46,standard,blitz,blitz,300,0,5+0,lichess.org,21.0,1.04,57.0,,05/07/25 22:56,2025-07-06 02:04:37.175+00,485.15,C20,King's Pawn Game: Wayward Queen Attack,King's Pawn Game,3,-5,0,7.14,5.0,4.0,2.0,80.0,14,13292,4.08,2.0,3.0,2.0,87.0,84,42,e4 e5 Qh5 Qf6 Nf3 Bc5 Qg5 h6 Qxf6 gxf6 d3 Bd4 c3 Bc5 d4 exd4 cxd4 Bb4+ Bd2 Bxd2+ Nbxd2 Ne7 Bc4 h5 e5 fxe5 Nxe5 d6 Nxf7 Rh7 Ng5 Rg7 h4 Bf5 g3 d5 Bb5+ c6 Be2 b5 O-O Na6 Bxh5+ Ng6 Bxg6+ Rxg6 Rae1+ Kd7 f3 Bd3 Rf2 Nb4 a3 Nc2 Re6 Rxe6 Nxe6 Kxe6 f4 Nxd4 Nf3 Nxf3+ Rxf3 Be4 Re3 Rg8 Kh2 Kf5 Re1 c5 Rc1 c4 Rd1 a5 Rc1 d4 b3 cxb3 Rc5+ Kg4 Rxb5 d3 Rxb3 d2,"{30003,30003,29931,29819,28891,29499,27507,28707,27067,28443,26235,28267,24803,27403,23435,27211,23291,27091,23035,26763,22827,26579,21667,25875,20987,25587,20491,25211,20091,24859,19891,24371,19555,23195,18339,22667,17899,22531,17691,21699,16971,20795,16755,20419,13819,20259,13115,19915,12171,19475,11715,19019,8171,18707,8083,18331,7331,17939,7179,17707,6483,17091,6355,16683,5987,16075,5667,14811,4371,14603,3675,14467,2939,14163,2163,13891,1899,13739,1683,13547,1451,13427,1189,13292,0}"
13323,slN4NLei,black,Drac25,gops81,win,resign,950,928,22,standard,blitz,blitz,300,0,5+0,lichess.org,24.0,-2.87,,,05/07/25 22:53,2025-07-06 01:56:03.171+00,140.845,C20,King's Pawn Game: King's Head Opening,King's Pawn Game,5,5,22122,6.06,,,,,-5,23966,4.31,,,,,28,14,e4 e5 Nc3 Nf6 f3 Bb4 Nd5 Nxd5 exd5 d6 Bb5+ c6 dxc6 Nxc6 c3 Bc5 Ne2 a6 Bc4 d5 Bb3 Be6 Rf1 Qh4+ g3 Qxh2 g4 Qh4+,"{30003,30003,29803,29723,29619,29499,29155,28587,28979,27787,28731,27339,28555,26963,28211,26323,27931,26139,27115,25715,26563,24323,26147,23339,25987,23203,25379,22122,23966}"
13324,AFF95f7J,white,Drac25,gops81,loss,resign,956,922,34,standard,blitz,blitz,300,0,5+0,lichess.org,30.0,5.52,56.0,,05/07/25 22:45,2025-07-06 01:53:31.085+00,477.036,C00,French Defense: Steinitz Attack,French Defense,3,-6,2754,8.52,,,,,6,11506,5.97,,,,,64,32,e4 e6 e5 f6 d4 fxe5 dxe5 Nc6 Nf3 Nge7 Bb5 Ng6 h3 Bb4+ Nc3 Ncxe5 a3 Bc5 Bg5 Be7 h4 h6 Bxe7 Nxe7 Nxe5 c6 Ba4 Nf5 g3 Qa5 Bb3 Qxe5+ Qe2 Qxe2+ Nxe2 b5 O-O-O Bb7 Nf4 Rg8 Ng6 c5 Rhe1 c4 Bxc4 bxc4 Ne5 O-O-O Nf7 Rdf8 Ne5 Ne7 Nxd7 Rd8 Ne5 Rxd1+ Rxd1 Ba6 c3 Bb5 Rd7 Bxd7 Nxd7 Kxd7,"{30003,30003,29763,29763,29507,29579,29355,28659,29187,27763,28763,27515,27571,27227,26243,26867,25203,26387,23955,25563,21307,25251,20283,24843,20067,24115,19555,23251,18427,22763,17411,22491,16763,21043,16475,20307,15259,19971,14075,19051,13483,17907,12723,17579,9899,17451,9219,16499,8283,15987,7539,15331,6587,15083,5723,13931,5579,13051,4803,12011,3699,11627,3211,11506,2754}"
13325,T5naj8hb,black,Drac25,Karurosu123,loss,timeout,961,992,-31,standard,blitz,blitz,300,0,5+0,lichess.org,,,,,05/07/25 22:40,2025-07-06 01:40:32.905+00,7.575,B00,Nimzowitsch Defense: Declined Variation,Nimzowitsch Defense,3,-5,18619,113.84,,,,,5,29728,2.75,,,,,3,2,e4 Nc6 Nf3,"{30003,30003,29728,18619}"
13326,gxGvS0Tk,white,Drac25,gustavo_petrolini,win,mate,956,953,3,standard,blitz,blitz,300,0,5+0,lichess.org,22.0,1.19,49.0,,05/07/25 16:27,2025-07-05 19:33:45.666+00,372.946,C20,King's Pawn Game: Wayward Queen Attack,King's Pawn Game,3,5,7097,7.9,,,,,-8,17860,4.34,,,,,59,30,e4 e5 Qh5 Qf6 Bc4 g6 Qf3 Qxf3 Nxf3 Bc5 Nxe5 Nf6 h3 Nxe4 Nxf7 Rf8 f3 Nf2 Rf1 c6 Rxf2 Bxf2+ Kxf2 b5 Nd6+ Kd8 Bd3 Kc7 Ne4 Na6 a3 b4 Bxa6 Bxa6 axb4 Bc4 b3 Bd5 Nc5 d6 Na6+ Kb7 b5 cxb5 Nb4 Rf5 Nc3 Re8 Ncxd5 Rfe5 Bb2 Re2+ Kg3 Rxd2 Ra5 Ka8 Rxb5 Ree2 Nc7#,"{30003,30003,29947,29771,29339,29499,29235,29243,29171,29043,28915,28835,27779,28635,26731,28339,26075,28067,23555,26875,21427,26659,21283,26499,20787,25883,19907,24995,18571,24387,18347,24163,18171,23915,18003,23411,17283,23195,16659,22915,14187,22539,13851,22331,13619,20819,12619,20483,11683,19995,9995,19803,9819,19475,8763,18115,8571,17860,7097}"
13327,Ez8oEJXG,black,Drac25,Cienfuegos86,loss,outoftime,962,954,8,standard,blitz,blitz,300,0,5+0,lichess.org,27.0,-2.4,53.0,,05/07/25 16:18,2025-07-05 19:27:17.894+00,543.579,C20,King's Pawn Game: King's Head Opening,King's Pawn Game,3,-6,0,6.25,,,,,6,9128,4.35,,,,,97,49,e4 e5 f3 d5 d3 d4 Ne2 Nc6 h4 Bb4+ c3 Bc5 a3 dxc3 bxc3 Nf6 Bb2 O-O d4 exd4 Nxd4 Nxd4 cxd4 Bb6 e5 Nd5 Qd3 Ba5+ Nd2 Bxd2+ Qxd2 Be6 Bc4 c6 Bxd5 Qxd5 O-O Rad8 a4 a6 Qb4 Rb8 Ba3 Rfd8 Rad1 b5 a5 h6 f4 Bg4 g3 Bxd1 Rxd1 Qf3 Qd2 Qxg3+ Qg2 Qxa3 Kh2 Qb3 Rg1 g6 h5 Qe6 hxg6 fxg6 Qxg6+ Qxg6 Rxg6+ Kf7 Rxc6 Rxd4 Rxa6 Rxf4 Rb6 Rb4 Kg3 Rg8+ Kf3 h5 Ke3 h4 Kd3 h3 Kc3 Rb1 Kc2 Rb4 Kc3 Rb1 Kc2 h2 Rh6 Rb4 Rxh2 Ke6 Kc3,"{30003,30003,29939,29283,29827,29091,29403,28755,29331,26451,29171,25659,28923,25211,28907,23563,28363,22755,28283,22603,28099,21251,27987,20035,24995,19579,24555,19291,24267,19099,23987,18267,23843,17811,23651,17507,23539,16003,19251,14699,19027,11043,18579,10235,17899,9539,17555,8035,17211,7451,15659,7211,15491,6123,13963,5891,13795,5603,12747,5131,12659,4811,12587,3923,12459,2579,12187,2499,12099,2443,11811,2299,11683,2115,11459,1843,11179,1731,11059,1683,10963,1643,10875,1467,10795,1419,10619,1219,10531,949,10443,885,9667,535,9347,141,9128,0}"
13328,0odBOmvu,black,Drac25,W3ssaur,loss,resign,968,936,32,standard,blitz,blitz,300,0,5+0,lichess.org,16.0,1.93,45.0,,05/07/25 16:11,2025-07-05 19:17:59.277+00,415.644,D00,Queen's Pawn Game,Queen's Pawn Game,3,-6,4565,5.3,,,,,9,16291,2.86,,,,,97,49,d4 d5 e3 Bf5 Bd3 e6 f4 Nf6 Nf3 Be4 O-O Bxf3 Qxf3 Ne4 Bxe4 dxe4 Qxe4 Qd5 Qxd5 exd5 c3 Bd6 Nd2 O-O Nb3 b6 a4 a5 Nd2 Nd7 Nf3 f6 Nh4 Be7 Nf5 Bd8 Bd2 g6 Nh6+ Kg7 Ng4 f5 Ne5 Nxe5 fxe5 Bg5 g3 h6 h4 Be7 Kg2 g5 hxg5 Bxg5 Kf3 f4 exf4 Be7 Kg4 Rg8 Kh3 h5 Be1 Kg6 g4 hxg4+ Kxg4 Rg7 Kf3 Rag8 Rg1+ Kf5 Rxg7 Rxg7 Bg3 c6 Rh1 Rg6 Rh7 Bf8 Rf7+ Ke6 Rxf8 Rh6 Rf6+ Rxf6 exf6 Kxf6 Bh4+ Kf5 Bd8 b5 axb5 cxb5 Bxa5 Ke6 Kg4,"{30003,30003,29907,29315,29683,28731,29379,26627,29227,26451,28923,25227,28771,25035,28643,24891,28539,23827,28259,23667,28155,22875,27955,22611,27811,22411,27491,22075,27099,21571,26819,21363,26635,20259,26507,19475,25883,19331,25547,19155,25123,18699,25019,17459,24883,16755,23891,16563,23747,16219,23659,15699,23291,15491,23123,14323,22515,13523,21971,13323,21699,13051,20811,12675,20563,12395,20131,11507,19963,11131,19795,11011,19643,10915,19043,9971,18851,9019,18611,8467,18427,7059,18275,6323,17699,6059,17587,5995,17451,5595,17211,5347,17051,5235,16939,4587,16291,4565}"
13329,gSehyZZY,white,Drac25,quinn_nomi,loss,outoftime,973,1021,-48,standard,blitz,blitz,300,0,5+0,lichess.org,18.0,-0.44,41.0,,05/07/25 16:01,2025-07-05 19:10:53.931+00,553.525,C20,King's Pawn Game: Wayward Queen Attack,King's Pawn Game,3,-5,0,5.88,,,,,12,7586,4.48,,,,,102,51,e4 e5 Qh5 Nc6 Bc4 Qf6 c3 g6 Qf3 Qxf3 Nxf3 Bc5 O-O d6 d3 f5 Bxg8 Rxg8 exf5 gxf5 d4 Bb6 dxe5 Nxe5 Bf4 Nxf3+ Kh1 Nxh2 Bxh2 Be6 Nd2 O-O-O Rae1 Rde8 b3 a6 Nc4 Ba7 f3 Bxc4 Rxe8+ Rxe8 bxc4 Re3 Rc1 Re2 a4 Ra2 Re1 Rxa4 Re8+ Kd7 c5 Bxc5 Rh8 Rc4 Rxh7+ Kc6 Rh5 Rxc3 Bf4 a5 Rxf5 a4 Bd2 Rc2 Bh6 a3 Bf8 a2 Bg7 Rc1+ Kh2 a1=Q Bxa1 Rxa1 Rxc5+ Kxc5 g4 Ra8 f4 Rh8+ Kg3 Kd5 g5 Ke6 Kg4 d5 f5+ Kf7 g6+ Kg7 Kg5 d4 f6+ Kg8 f7+ Kg7 f8=Q+ Rxf8 Kh5 Rf5+,"{30003,30003,29939,29763,29699,29315,28939,28867,28787,28643,28723,28131,28043,27963,27875,27283,27011,27067,25795,26875,24075,25715,23843,25355,23315,25147,22083,23883,21899,23211,21307,22859,20651,22595,20067,22227,19907,21051,19067,20683,18835,20451,18771,19539,17843,19291,17515,18875,16883,18451,16163,18155,15747,17507,15395,16955,15179,16867,13035,16459,12059,15427,11547,15131,10531,14699,8635,14411,7899,14035,7699,13467,7539,13243,7451,13107,7387,12883,7267,12139,6907,11235,6787,11131,5843,10795,5755,10547,5659,10171,5499,9907,5499,9755,5387,8915,5155,8739,458,8187,206,7586,0}"
13330,WLpkDw6g,white,Drac25,Farhan-Hi,loss,resign,977,1021,-44,standard,blitz,blitz,300,0,5+0,lichess.org,16.0,-5.99,,,05/07/25 15:59,2025-07-05 19:01:31.649+00,103.224,B12,"Caro-Kann Defense: Advance Variation, Botvinnik-Carls Defense",Caro-Kann Defense,6,-4,23441,7.29,,,,,16,26617,4.23,,,,,18,9,e4 c6 d4 d5 e5 c5 dxc5 Nc6 Nf3 Bg4 Bf4 e6 h4 Nge7 Nd4 Bxd1 Kxd1 Nxd4,"{30003,30003,29771,29891,29387,29787,28603,29667,27819,29251,27379,28819,26539,28163,25443,27059,23795,26617,23441}"
13331,cp2oYG9W,white,Drac25,Majidtayebi,win,mate,971,1020,-49,standard,blitz,blitz,300,0,5+0,lichess.org,16.0,0.19,38.0,,05/07/25 15:50,2025-07-05 18:59:36.947+00,536.243,C20,King's Pawn Game: Wayward Queen Attack,King's Pawn Game,3,6,4288,3.73,,,,,-7,6304,3.49,,,,,139,70,e4 e5 Qh5 Qf6 Nc3 g6 Qf3 Qxf3 Nxf3 Bg7 Nd5 Kd8 Bc4 Ne7 Nxe7 Kxe7 Ng5 Rf8 d3 c6 Nxh7 Rh8 Ng5 Rf8 Be3 d5 exd5 cxd5 Bxd5 Be6 Nxe6 fxe6 Bb3 Nc6 Bc5+ Kd7 Bxf8 Bxf8 O-O Bg7 c3 b5 a3 a5 Rad1 a4 Bc2 Ke7 d4 exd4 cxd4 Rd8 d5 exd5 Rfe1+ Kf7 Bd3 Bxb2 Bxb5 Bc3 Bxc6 Bxe1 Rxe1 Rc8 Bxd5+ Kg7 Bf3 Rc3 Ra1 g5 g4 Kf6 Kg2 Ke5 Kg3 Kd4 h3 Ke5 h4 gxh4+ Kg2 h3+ Kg3 h2 Re1+ Kd4 Re4+ Kc5 Re5+ Kd4 Re4+ Kd5 Re3+ Kc4 Rxc3+ Kxc3 Kxh2 Kb3 Bc6 Kxa3 Bxa4 Kxa4 g5 Kb5 g6 Kc6 g7 Kd7 g8=Q Ke7 Qc4 Kd6 Qe2 Kc5 f3 Kd4 f4 Kc3 f5 Kd4 f6 Kd5 f7 Kd6 f8=R Kd7 Rf1 Kd6 Rd1+ Kc5 Qc2+ Kb4 Rb1+ Ka3 Qc8 Ka2 Rb7 Ka1 Qa8#,"{30003,30003,29883,28563,29099,28443,28059,28251,27947,28155,27627,27571,26907,27363,25291,27131,25195,25363,24603,24579,24315,23939,24187,22979,22883,22627,22427,22379,22315,22059,21803,21779,21355,21627,21091,21363,20971,21195,20371,21099,20203,20779,19283,20659,19003,20443,18579,20203,17339,19867,17163,19611,16563,19251,16139,18779,15275,18483,15027,18059,14787,17819,14707,17627,14419,17395,14051,17227,13699,16987,13355,16843,13243,16707,12955,16171,11867,14595,11019,14323,10331,13515,10155,13131,9907,12571,9315,11531,7963,10995,7651,10643,7459,10211,7331,10067,7139,9987,6755,9763,6627,9667,6627,9619,6627,9595,6603,9587,6467,9587,6139,9467,5987,8979,5987,8627,5987,7995,5875,7867,5803,7627,5723,7467,5427,7323,5091,7123,5035,6995,4987,6875,4667,6715,4499,6539,4403,6304,4288}"
13332,e19Vr94A,black,Drac25,miner_sd,loss,mate,976,1013,-37,standard,blitz,blitz,300,0,5+0,lichess.org,21.0,-2.34,30.0,,05/07/25 15:46,2025-07-05 18:50:23.452+00,244.772,D00,Queen's Pawn Game: Accelerated London System,Queen's Pawn Game,3,-5,13705,8.58,,,,,6,23417,3.29,,,,,41,21,d4 d5 Bf4 Nf6 e3 Bf5 Nf3 e6 c3 Bd6 Bg3 Bxg3 hxg3 Ne4 Bd3 O-O Nbd2 Nc6 Ne5 Nxe5 dxe5 Qg5 f4 Qxg3+ Kf1 Qxe3 Bxe4 Bxe4 Nxe4 dxe4 Qd7 Qxf4+ Kg1 Qxe5 Qe7 Rae8 Qh4 Qc5+ Kf1 e3 Qxh7#,"{30003,30003,29931,29667,29819,29123,29539,28475,28651,28203,28411,27907,28411,27779,28027,25571,27931,25059,26947,24643,26947,23075,26539,22571,26043,20707,25483,20003,25019,18907,24699,18083,24443,16291,24139,14507,23907,14139,23563,13705,23417}"
13333,h2fV9lwH,black,Drac25,Katherine777,win,outoftime,973,826,147,standard,blitz,blitz,300,0,5+0,lichess.org,10.0,-1.2,58.0,,05/07/25 15:37,2025-07-05 18:46:02.804+00,535.169,D00,Queen's Pawn Game,Queen's Pawn Game,3,3,8207,7.78,,,,,-4,0,10.35,,,,,58,29,d4 d5 e3 Bf5 h4 h5 f4 Nf6 c4 Ne4 Qf3 e6 cxd5 exd5 Be2 Bb4+ Kf1 Nd7 a3 Ba5 b4 Bb6 a4 a6 a5 Ba7 Bd3 Ndf6 Bxe4 Bxe4 Qg3 Ng4 Nc3 c6 Nxe4 dxe4 Bb2 Qd5 Rb1 Bb8 Rc1 O-O Ne2 Qb5 Re1 Qxb4 Bc3 Qb5 Rb1 Qc4 Rxb7 Ra7 Rxa7 Bxa7 f5 Bb8 Qxb8 Rxb8,"{30003,30003,30003,29595,30003,29339,29395,28691,28531,25643,26811,24875,26347,23451,24763,22739,24163,20675,23819,20291,23275,19883,22771,18955,22611,18843,20355,18491,18395,17251,17443,16235,15163,15195,14891,14843,13099,14267,9331,13851,8299,13547,5091,12219,3947,11451,3291,10059,1371,9635,888,8715,698,8579,303,8355,92,8207,0}"
13334,wBSdkkPg,white,Drac25,essylu100,loss,resign,977,1054,-77,standard,blitz,blitz,300,0,5+0,lichess.org,21.0,-0.33,38.0,,05/07/25 15:28,2025-07-05 18:36:59.117+00,501.639,C20,"King's Pawn Game: Wayward Queen Attack, Kiddie Countergambit",King's Pawn Game,4,-4,1083,5.67,,,,,54,11616,3.68,,,,,102,51,e4 e5 Qh5 Nf6 Qxe5+ Qe7 Qxc7 Qxe4+ Ne2 Nc6 Qf4 Qxc2 Na3 Qe4 d3 Qxf4 Bxf4 Bb4+ Nc3 O-O Be2 Nd5 O-O Nxf4 g3 Nxe2+ Nxe2 Bxa3 bxa3 Re8 Nf4 d6 Nd5 Re2 Nc7 Rb8 Rae1 Rxe1 Rxe1 Bh3 Re8+ Rxe8 Nxe8 Kf8 Nxd6 b6 f4 Be6 Nc4 Bxc4 dxc4 Nd4 Kf2 Nc2 a4 Ke7 Ke2 Ke6 Kd2 Nb4 a3 Nc6 Kd3 a5 Ke4 f5+ Kd3 h6 h4 Kf6 Ke3 Kg6 Kf3 Kh5 Kg2 Kg4 Kf2 Nd4 Ke3 Nc2+ Kd2 Nxa3 Kc3 Kxg3 h5 Kxf4 Kb3 Nb1 c5 bxc5 Kc4 Ke4 Kxc5 Nc3 Kc4 Nxa4 Kb5 f4 Kxa4 f3 Kxa5 f2,"{30003,30003,29915,29731,29683,29243,29115,28539,28371,27795,27587,26803,27347,26131,25171,25899,24987,25747,23851,25283,23019,25107,22315,24579,19907,24427,19659,24219,19523,23787,18395,23099,18243,22059,16851,21779,16243,20747,16123,20627,15307,20363,15259,20075,15139,19643,12819,19331,12131,19091,12003,18867,10907,18603,10587,18395,10499,17971,10331,17835,10147,17363,9587,17203,8419,16995,8019,15499,7875,14939,7427,14771,7091,14667,5851,14227,5139,14027,4131,13715,3787,13571,2995,12963,2795,12803,2739,12579,2611,12435,2539,11867,2483,11731,1731,11731,1579,11731,1451,11731,1395,11616,1083}"
13335,Fl6aQ0E0,black,Drac25,Abrar001,win,mate,971,988,-17,standard,blitz,blitz,300,0,5+0,lichess.org,30.0,2.41,39.0,,05/07/25 15:17,2025-07-05 18:28:11.464+00,623.097,C20,King's Pawn Game: Leonardis Variation,King's Pawn Game,3,6,1092,4.07,,,,,-6,1432,4.02,,,,,144,72,e4 e5 d3 Bb4+ c3 Bc5 d4 exd4 cxd4 Bb6 e5 Ba5+ Nc3 Bxc3+ bxc3 d6 exd6 cxd6 Nf3 Bg4 h3 Bh5 g3 Qf6 Bg2 Qe6+ Be3 Nf6 Ng5 Bxd1 Nxe6 fxe6 Rxd1 Nc6 d5 exd5 Bxd5 Nxd5 Rxd5 O-O-O Bf4 Rhe8+ Be3 Ne5 O-O Kd7 f4 Nc6 g4 Rxe3 Kf2 Rxh3 Kg2 Rxc3 Rh5 h6 g5 hxg5 Rxg5 Rc2+ Kg3 Rxa2 Rxg7+ Kc8 f5 Ra3+ Kg4 Ne5+ Kg5 Rg3+ Kf4 Rxg7 Rc1+ Kd7 f6 Rf7 Kf5 Rdf8 Rb1 Rxf6+ Ke4 b6 Kd5 Rf5 Ra1 a5 Rb1 Nd3+ Ke4 Nc5+ Kd4 Kc6 Kc4 Rh5 Rb2 Rg8 Rd2 Rg4+ Kc3 Rh3+ Kc2 Ra4 Kb2 Rb4+ Kc2 Ne4 Re2 d5 Re1 Ra4 Kb2 Rd4 Kc2 Nc5 Re2 Rg4 Kb2 Ne4 Kc2 Rf4 Kb2 Rf2 Rxf2 Nxf2 Kc2 Ne4 Kb2 Rc3 Ka2 d4 Kb2 d3 Kb1 d2 Kb2 d1=R Ka2 Rh3 Kb2 Rg1 Kc2 Rg2+ Kd1 Rh1#,"{30003,30003,30003,29659,29731,29459,29619,29267,29547,29219,29235,29083,29035,28771,28939,26491,28563,26283,28435,26027,28235,25819,27883,24339,27611,23403,27347,23003,26491,21723,26275,21467,25843,20467,25411,20307,24451,19939,24323,19835,23475,19091,22731,18483,21619,16331,20235,14715,18643,14491,18243,14291,17587,14131,16691,13883,16355,13283,16067,12771,15707,12627,15579,12155,15363,11699,15203,11027,15027,10403,14859,10275,14323,9939,13595,9499,13443,9411,12707,9283,12579,9179,12387,8515,12163,8347,11995,6715,11683,6299,11411,6163,11051,5923,10627,5843,8955,5731,8763,5587,8595,4715,8235,4507,8067,3947,7403,3779,6187,3459,5851,3259,5603,2875,4915,2683,4419,2315,4155,2251,3891,2163,3643,2051,3507,1995,3203,1915,2931,1867,2787,1819,2395,1731,2291,1459,1995,1283,1803,1219,1635,1163,1432,1092}"
13336,XJep5V0D,black,Drac25,Abrar001,win,mate,965,994,-29,standard,blitz,blitz,300,0,5+0,lichess.org,26.0,0.31,39.0,,05/07/25 15:09,2025-07-05 18:17:33.01+00,493.277,C20,King's Pawn Game: Leonardis Variation,King's Pawn Game,3,6,1476,6.79,,,,,-6,12168,4.25,,,,,86,43,e4 e5 d3 Bb4+ c3 Bc5 d4 exd4 cxd4 Bb6 Nf3 f6 Nc3 d6 g3 Bg4 h3 Bxf3 Qxf3 Nc6 Qd1 Nxd4 Nd5 Nc6 Nxb6 axb6 b3 Qe7 Bg2 h6 O-O O-O-O Bb2 Ne5 Bxe5 dxe5 a4 Rxd1 Rfxd1 Qb4 a5 bxa5 h4 b6 Bh3+ Kb7 Rd8 Qxb3 Be6 Qxe6 f4 exf4 gxf4 Qg4+ Kf2 Qxf4+ Ke2 Qxe4+ Kf2 Qc2+ Kg3 Qc3+ Kf4 Qxa1 Kf5 Qe5+ Kg6 Ne7+ Kxg7 Rxd8 Kf7 Nc6 Kg6 Rg8+ Kh7 Re8 Kxh6 f5 h5 Qf6+ Kh7 Qd6 h6 Re7+ Kg8 Qd8#,"{30003,30003,30003,29491,29731,29067,29539,28947,29451,28795,29243,28579,28587,26531,28355,25891,28043,25315,27763,25059,27011,24531,25827,22611,25651,22243,25179,20723,24787,19915,24627,18563,23939,14003,23107,13795,22995,13595,22707,12395,22299,11843,21347,11667,21003,11219,20011,9563,18459,9219,16707,9003,16531,8867,16227,8675,16051,8347,15875,7563,15499,7075,14563,6931,14403,6499,14275,6211,14099,5779,13955,5227,13779,5003,13459,3771,13331,3467,12883,2907,12603,1763,12387,1555,12168,1476}"
13337,bVBepCgH,white,Drac25,Evgeniy_Shashkin,win,resign,959,969,-10,standard,blitz,blitz,300,0,5+0,lichess.org,30.0,4.04,,,05/07/25 15:02,2025-07-05 18:09:04.264+00,367.197,C20,King's Pawn Game: Wayward Queen Attack,King's Pawn Game,3,6,12854,10.72,,,,,-5,10990,11.88,,,,,33,17,e4 e5 Qh5 g6 Qxe5+ Qe7 Qxh8 Qxe4+ Ne2 Ne7 Qxh7 Qxc2 Na3 Qe4 f3 Qe5 Nc4 Qc5 Ng3 d6 Be2 Be6 Ne3 Nd5 Ne4 Qd4 Nc2 Qe5 Qh4 Be7 Qg3 Qf6 Nxf6+,"{30003,30003,29939,29763,29827,27811,29667,27619,28803,26571,27723,26123,27115,24643,24755,21947,23259,20875,21331,20795,20011,20059,19099,18379,18667,17203,15579,14603,14147,13507,13035,11475,12854,10990}"
13347,PZDCO8Rz,black,Drac25,khaled11i,loss,outoftime,972,910,62,standard,blitz,blitz,300,0,5+0,lichess.org,23.0,-1.96,56.0,,04/07/25 21:32,2025-07-05 00:41:59.022+00,539.744,C50,Italian Game: Anti-Fried Liver Defense,Italian Game,6,-6,0,9.68,,,,,6,7950,7.11,,,,,63,32,e4 e5 Nf3 Nc6 Bc4 h6 h4 Bc5 a3 d6 b4 Bd4 Nxd4 Nxd4 c3 Ne6 d3 a6 a4 Nf4 O-O Nf6 g3 Be6 Bxe6 Nxe6 h5 d5 exd5 Qxd5 c4 Qd4 Ra2 O-O Bb2 Qd6 c5 Qe7 Bxe5 c6 Bxf6 Qxf6 Nd2 Ng5 f4 Nh3+ Kg2 Nxf4+ Rxf4 Qc3 Nf3 Rae8 Rc4 Qf6 Re2 Rxe2+ Qxe2 g6 hxg6 fxg6 Rf4 Qd8 Rd4,"{30003,30003,29939,30003,29787,29859,28371,28603,27795,27435,27635,26659,27163,26435,25955,24539,25467,23875,24731,22611,24019,20971,23475,17691,23315,17499,21915,17307,21643,17115,21147,16843,18891,16387,18651,15427,18011,14859,17803,12139,17155,11899,16611,11179,16003,10211,15563,9739,15307,6579,12963,4907,11659,3643,9947,3435,9859,2547,9211,2371,8435,218,7950,0}"
13338,ZdSrTqCK,white,Drac25,asadullah_k,loss,outoftime,966,884,82,standard,blitz,blitz,300,0,5+0,lichess.org,23.0,-1.81,83.0,,05/07/25 14:52,2025-07-05 18:02:34.382+00,621.092,C20,King's Pawn Game: Wayward Queen Attack,King's Pawn Game,3,-7,0,6.82,,,,,7,780,6.8,,,,,88,44,e4 e5 Qh5 Nc6 Bc4 g6 Qf3 Nf6 c3 Bg7 Bb5 O-O Bxc6 dxc6 Ne2 Bg4 Qe3 b5 h3 Be6 d4 exd4 Nxd4 Bc4 Na3 Be6 Nxc6 Qd6 Nd4 b4 Nab5 Qd8 Bd2 bxc3 Bxc3 Ne8 O-O-O Bxa2 Ne6 Qb8 Na3 Bxc3 Qxc3 c5 Nxf8 Kxf8 Qxc5+ Kg7 Rd2 Qf4 Qd4+ Kg8 Rd1 Qc7+ Rc2 Qf4+ Rdd2 Bb3 Rc3 Ba2 b4 Qh2 Rxa2 Qh1+ Qd1 Qxg2 Rcc2 Qxh3 f4 Qe6 b5 Qxe4 f5 Qxf5 Kb1 Rb8 Qe2 Nc7 Qf2 Qg5 Qxa7 Nxb5 Qxb8+ Kg7 Qxb5 Qxb5+ Nxb5 Kh6,"{30003,30003,29947,29883,29595,29507,29483,29387,29227,28699,28483,27811,27739,27811,27211,27611,26171,24427,24691,23867,24171,23339,23907,23083,23611,22675,23443,20651,22579,19963,22043,17971,19923,17283,18947,15659,17739,15163,16363,13691,15299,12259,14651,10555,13667,9987,13339,9859,11755,9083,10499,8555,8315,7011,7403,6539,6075,5099,4907,3683,4331,3275,3883,3139,3667,2987,3067,2931,2811,2699,2435,2419,2131,2211,1203,1931,763,1731,516,1419,355,1243,200,1067,82,870,2,780,0}"
13339,iQqTTe9D,black,Drac25,asilerenuraf,loss,outoftime,971,985,-14,standard,blitz,blitz,300,0,5+0,lichess.org,16.0,0.46,57.0,,05/07/25 14:42,2025-07-05 17:52:01.143+00,566.62,D00,Queen's Pawn Game,Queen's Pawn Game,2,-5,0,8.57,,,,,11,6091,6.83,,,,,71,36,d4 d5 c3 Nc6 Nf3 Bg4 Nh4 e5 h3 Bxe2 Qxe2 Qxh4 dxe5 Qe4 Qxe4 dxe4 Bb5 O-O-O Nd2 Nxe5 Nxe4 a6 Be2 f5 Ng5 h6 Ne6 Re8 Nd4 Bc5 Nxf5 Rh7 b4 g6 Nxh6 Bb6 Ng4 Nxg4 hxg4 Rxh1+ Kd2 Bxf2 Bf3 Rd8+ Ke2 Bg3 Ke3 Re8+ Be4 Re1+ Kf3 Bf4 Bxg6 Rf8 Bf5+ Kb8 Kxf4 Rf1+ Kg3 Nf6 Bd3 Re1 g5 Nh5+ Kg4 Ng7 g6 Rg1 Kg3 Nf5+ Kh2,"{30003,30003,29899,29259,29323,28947,28659,28083,28275,26827,27923,26675,26675,24763,25475,24595,25091,24075,24507,23867,23963,22603,22939,22243,22379,21683,22091,20355,21403,20107,20979,17675,20019,17219,18971,15459,17843,15147,17619,14907,17283,13291,16635,12571,16331,10555,15195,10243,14867,9227,13811,8643,13115,6331,11147,5859,10227,5475,9779,4691,8955,2659,8203,1243,7955,844,7179,370,6651,184,6091,0}"
13340,wCtA27yI,white,Drac25,MaxAmbriz,loss,resign,977,980,-3,standard,blitz,blitz,300,0,5+0,lichess.org,21.0,-5.67,47.0,,05/07/25 14:35,2025-07-05 17:41:47.471+00,393.291,C20,"King's Pawn Game: Wayward Queen Attack, Kiddie Countergambit",King's Pawn Game,4,-6,5219,6.35,,,,,5,16540,3.54,,,,,78,39,e4 e5 Qh5 Nf6 Qxe5+ Be7 Qg3 Nxe4 Qxg7 Rf8 Qe5 d5 Bd3 Nc6 Bb5 Bd7 d3 Nxe5 Bxd7+ Nxd7 dxe4 Nc5 Be3 Nxe4 Bh6 Rg8 g3 Bb4+ c3 Bc5 Ne2 Nxf2 Rf1 Nd3+ Kd2 Nxb2 Be3 Nc4+ Kd3 Nxe3 Rf3 d4 cxd4 Qxd4+ Nxd4 Bxd4 Kxd4 O-O-O+ Kxe3 Rge8+ Kf2 Re7 Na3 Rde8 Kg2 Re2+ Kh3 R8e3 Rxe3 Rxe3 Nc2 Rc3 Nd4 c5 Nb5 Rd3 a4 a6 Re1 axb5 axb5 c4 Re7 c3 Rxf7 c2 Rf1 Rd1,"{30003,30003,29923,29939,29643,29707,29427,29499,29219,28579,28307,28043,26931,27763,25515,26747,25067,26619,24243,26387,24139,26315,24003,26203,23459,25387,21051,24603,20771,24547,18691,23987,18363,23315,17811,22675,16547,22475,15715,22307,14915,21139,14467,20963,14339,20963,12627,20867,12459,20827,12187,20259,11835,20211,10571,20091,10483,19739,10315,19739,10067,19411,9683,19147,9043,18339,8011,17979,7699,17203,7507,16995,7291,16795,7187,16723,6947,16540,5219}"
13341,Bg7ZedDO,black,Drac25,maxa4kala,win,timeout,971,970,1,standard,blitz,blitz,300,0,5+0,lichess.org,18.0,-3.12,37.0,,05/07/25 14:32,2025-07-05 17:34:41.371+00,158.671,A40,Mikenas Defense,Mikenas Defense,2,6,20924,4.32,,,,,-12,22038,3.62,,,,,44,22,d4 Nc6 e3 d5 b3 Bf5 Bb2 Nf6 Be2 e6 Nf3 h6 Nbd2 Nb4 c3 Nc2+ Kf1 Nxa1 Qxa1 Ne4 Nxe4 dxe4 Ne5 f6 Bb5+ c6 Bxc6+ bxc6 Nxc6 Qc7 Nb4 Bxb4 cxb4 O-O Qc1 Rac8 Qxc7 Rxc7 Ke2 Rc2+ Kd1 Rxb2 Kc1 Rxa2,"{30003,30003,29947,29811,29891,29643,29843,29563,29731,28683,29539,28123,29419,27875,29203,27707,28515,27083,28419,26435,28275,26187,27971,25875,27499,24251,26995,24139,26899,23523,25651,23019,25547,22907,25235,21683,25059,21571,25011,21363,24803,21259,24763,20924,22038}"
13342,1FCTcf7y,white,Drac25,scoopy_banoopy,win,mate,966,937,29,standard,blitz,blitz,300,0,5+0,lichess.org,18.0,4.7,64.0,,04/07/25 21:56,2025-07-05 01:06:00.125+00,545.569,C20,King's Pawn Game: Wayward Queen Attack,King's Pawn Game,3,5,1917,7.02,,,,,-13,6410,6.05,,,,,81,41,e4 e5 Qh5 g6 Qxe5+ Be7 Qxh8 Bf6 Qxh7 Ke7 Qh3 c6 Bc4 d5 Qd3 dxc4 Qxd8+ Kxd8 Nf3 Nd7 Nc3 Nc5 O-O Bg4 Ne1 Rc8 f3 Bh5 d3 cxd3 Nxd3 Ne6 f4 Bd4+ Kh1 Nf6 e5 Ng4 h3 Ne3 Bxe3 Bxe3 Rae1 Bd2 Re4 c5 Ne2 g5 f5 Ng7 f6 Ne6 c4 Rc6 a3 Rb6 b4 cxb4 axb4 Ra6 Nc5 Ra3 Nxe6+ fxe6 Rd4+ Ke8 Rxd2 Re3 Ng1 Rxe5 Nf3 Re3 Nxg5 Bg6 f7+ Kf8 Nxe6+ Ke7 f8=Q+ Kxe6 Qf6#,"{30003,30003,29931,29595,29795,29403,29707,28875,29475,28579,28435,28051,26371,27507,24491,26867,24347,26683,24243,25963,23435,25699,22155,24955,19403,23811,18995,23587,18651,23027,18443,22379,17387,21451,17107,20963,16499,20411,13627,19339,13331,19227,12115,18995,11571,18227,9515,17203,9131,16283,8763,15899,7307,14499,6667,13979,6467,13787,6315,13395,5451,11587,4987,11371,4723,11211,4595,9611,4059,9107,3483,8811,3115,6979,3011,6795,2627,6563,2315,6410,1917}"
13343,BqRtSo72,white,Drac25,rockstarpicante,loss,mate,972,953,19,standard,blitz,blitz,300,0,5+0,lichess.org,23.0,-4.26,,,04/07/25 21:51,2025-07-05 00:56:32.453+00,291.247,B10,Caro-Kann Defense: Hillbilly Attack,Caro-Kann Defense,3,-6,11783,8.68,,,,,6,20600,4.48,,,,,44,22,e4 c6 Bc4 d5 exd5 cxd5 Bb3 Nf6 d4 Nc6 Nc3 Bf5 a3 a6 Bg5 e6 Bxf6 Qxf6 Nf3 Bg4 h3 Bxf3 gxf3 Nxd4 Qd3 Nxf3+ Kf1 Nd4 Ba4+ Nc6 Bxc6+ bxc6 Na4 Rb8 Rd1 Be7 Qxa6 O-O Qxc6 Rbc8 Qb5 Rxc2 Qd3 Qxf2#,"{30003,30003,29683,29947,29539,29875,29155,29259,28947,29019,27467,28835,26443,28651,25427,28355,25179,28155,24747,27915,22123,26891,21387,26795,19755,26211,18531,25955,17955,25339,17707,25235,16043,24875,15659,22619,15179,22067,14235,21163,12763,20811,11783,20600}"
13344,UgXTucrO,black,Drac25,michael_mgeorgy,win,resign,966,1012,-46,standard,blitz,blitz,300,0,5+0,lichess.org,13.0,-0.55,31.0,,04/07/25 21:46,2025-07-05 00:51:17.041+00,269.929,C44,Ponziani Opening,Ponziani Opening,5,6,19793,4.86,,,,,-96,14027,7.26,,,,,44,22,e4 e5 Nf3 Nc6 c3 d5 d4 dxe4 Nxe5 Nxe5 dxe5 Qxd1+ Kxd1 f5 exf6 Nxf6 Bc4 Ng4 Nd2 Nxf2+ Kc2 Nxh1 Nxe4 Bf5 Bf4 Nf2 Bd3 Bxe4 Re1 Nxd3 Rxe4+ Be7 Kxd3 O-O-O+ Ke2 Bd6 Bg5 Rde8 Kf3 Rxe4 Kxe4 Re8+ Kd5 Bxh2,"{30003,30003,29843,29947,29555,28451,28043,27995,26683,27563,26555,27491,26419,26795,24363,26611,23819,25523,22899,25211,22491,25091,22387,24587,21475,24123,18515,23835,17379,22595,17235,21907,17051,21715,16331,20707,15915,20347,15011,20067,14915,19907,14755,19793,14027}"
13345,J97EvCWh,white,Drac25,PrinceBachir,loss,resign,971,1045,-74,standard,blitz,blitz,300,0,5+0,lichess.org,,,,,04/07/25 21:46,2025-07-05 00:46:39.068+00,10.645,B02,Alekhine Defense,Alekhine Defense,2,-5,29614,1.95,,,,,5,29490,5.13,,,,,4,2,e4 Nf6 Qh5 Nxh5,"{30003,30003,29947,29490,29614}"
13349,ep0GrluS,white,Drac25,Oirali,win,mate,973,970,3,standard,blitz,blitz,300,0,5+0,lichess.org,17.0,7.27,37.0,,04/07/25 21:24,2025-07-05 00:29:44.072+00,336.807,C20,King's Pawn Game: Wayward Queen Attack,King's Pawn Game,3,5,12616,2.45,,,,,-8,17453,1.79,,,,,143,72,e4 e5 Qh5 d6 Bc4 g6 Qf3 Nf6 d3 Be6 Bg5 Bxc4 Bxf6 Rg8 Bxd8 Nd7 dxc4 Rxd8 Nc3 d5 cxd5 Nc5 O-O-O c6 Nge2 cxd5 Nxd5 f5 Nf6+ Kf7 Nxg8 Kxg8 exf5 gxf5 Qxf5 Rd6 Rxd6 Bxd6 Qe6+ Nxe6 Nc3 Ng5 f3 a6 Rd1 Bb4 Rd5 Bxc3 bxc3 Nf7 Rd7 Ng5 Rxb7 e4 f4 Ne6 Re7 Nxf4 Rxe4 Nxg2 Re6 Nf4 Rxa6 Nd5 c4 Nc3 Kb2 Nd1+ Kb3 Ne3 Rh6 Nf5 Rh5 Ng7 Rg5 h6 Rg3 Kh7 c5 Nf5 c6 Ne7 c7 h5 Rc3 Kg7 c8=Q Nxc8 Rxc8 Kg6 Rc3 Kf6 Re3 Kf5 Re1 Kf4 Kc3 Kf3 Kd2 Kf4 c4 Kf3 c5 Kg2 Re2+ Kh3 c6 Kg4 c7 Kf5 c8=Q+ Kf6 Qa6+ Kg5 Re5+ Kf4 Rb5 Kg4 Qa4+ Kh3 Rb3+ Kxh2 Kc2 Kg2 Kc3 Kf3 Kb2+ Ke2 Ka3 Kd2 Kb4 Kc2 Kc5 Kd2 Rh3 Ke2 Qb3 Kf2 Rh2+ Kg1 Rc2 Kf1 Qb1#,"{30003,30003,29947,29827,29787,29683,29675,29587,28619,29483,28491,29323,28323,29107,28179,28915,28019,28795,27307,28635,26883,28443,26275,28099,25803,27971,25555,27579,25219,27347,25115,27347,24627,27235,24163,26675,23643,26675,23347,26507,22355,25659,21827,25011,21731,24699,21467,24395,21339,24395,21155,24011,20995,23715,20683,23411,20499,23291,20371,23195,20163,22995,19803,22851,19635,22675,19483,22459,19123,22283,18619,22051,18419,21763,18227,21507,17843,21291,17715,21131,16979,20939,16827,20547,16619,20195,16395,20091,16299,19987,16251,19987,16123,19883,16059,19883,15995,19851,15939,19699,15731,19699,15603,19699,15427,19531,15323,19531,15171,19531,14923,19339,14611,19339,14315,19339,14187,19203,14131,18955,13971,18867,13803,18739,13691,18643,13331,18435,13291,18315,13243,18163,13043,18019,12923,17875,12843,17715,12787,17587,12691,17453,12616}"
13350,JppIT0St,black,Drac25,Antey-zed,loss,outoftime,977,1082,-105,standard,blitz,blitz,300,0,5+0,lichess.org,18.0,3.68,61.0,,04/07/25 21:15,2025-07-05 00:23:52.835+00,516.936,C46,Three Knights Opening,Three Knights Opening,5,-4,0,8.82,,,,,4,10732,5.67,,,,,69,35,e4 e5 Nf3 Nc6 Nc3 f6 Bc4 Bb4 h3 Bxc3 bxc3 d6 O-O Nh6 d4 Ne7 Bxh6 gxh6 Qd2 Ng6 Qxh6 Qe7 dxe5 dxe5 Rfd1 Bd7 Qe3 O-O-O Qxa7 c6 a4 Nf4 a5 Be6 Bxe6+ Qxe6 a6 bxa6 Rxa6 Rxd1+ Kh2 Kd8 Qb6+ Kd7 Ra7+ Kd6 Qc7+ Kc5 Ra5+ Kc4 Ra4+ Kc5 Qa5+ Kd6 Qb4+ Kc7 Ra7+ Kd8 Ra8+ Kc7 Rxh8 f5 Rxh7+ Kd8 Qb8+ Qc8 Rh8+ Kd7 Qxc8+,"{30003,30003,29819,29955,29739,29627,29547,28747,29395,28603,29291,26179,28627,25315,28387,24675,27971,24467,27803,24091,27523,22003,27139,21707,25755,20715,24587,20339,24395,18427,22731,17291,22187,13387,19691,13147,19155,11675,17467,11219,17179,8883,16659,6267,16003,5979,15571,5379,14835,4987,14123,3651,13155,3483,12731,3243,12531,2859,11795,2459,11571,1163,11371,936,11027,861,10859,288,10732,0}"
13351,cwrn8MCH,white,Drac25,healersage,win,resign,970,1043,-73,standard,blitz,blitz,180,2,3+2,lichess.org,16.0,-0.55,25.0,,04/07/25 20:03,2025-07-04 23:06:40.635+00,195.804,C20,King's Pawn Game: Wayward Queen Attack,King's Pawn Game,3,7,9361,5.08,,,,,-7,14580,2.01,,,,,35,18,e4 e5 Qh5 Nc6 Bc4 Nh6 d3 g6 Qd1 d6 Nf3 Qf6 O-O Bg4 Bxh6 Bxh6 h3 Bxf3 Qxf3 Qxf3 gxf3 Nd4 Bb3 Nxb3 axb3 O-O-O Nc3 d5 exd5 Bd2 Rxa7 Bxc3 bxc3 Kb8 Rfa1,"{18003,18003,18155,17371,18275,16811,17691,16475,17611,16099,16595,16075,16195,16019,15195,15971,14699,15955,14731,16107,14787,16251,12811,16067,12707,15459,12803,15475,12451,15371,9603,15251,9411,15035,9361,14580}"
13352,Ka8utcuo,black,Drac25,temirlanj,loss,timeout,975,986,-11,standard,blitz,blitz,300,0,5+0,lichess.org,,-1.55,,,04/07/25 19:04,2025-07-04 22:06:28.595+00,106.682,C44,Scotch Game: Lolli Variation,Scotch Game,9,-5,15350,20.93,,,,,5,24307,8.14,,,,,15,8,e4 e5 Nf3 Nc6 d4 exd4 Nxd4 Nxd4 Qxd4 f6 e5 Qe7 Be3 fxe5 Qc3,"{30003,30003,30003,29715,29963,27883,29963,27787,29795,26739,28491,26331,27963,25875,24307,15350}"
13353,SFkgKWWN,black,Drac25,siavach,loss,resign,981,998,-17,standard,blitz,blitz,300,0,5+0,lichess.org,21.0,1.17,,,04/07/25 19:00,2025-07-04 22:04:31.182+00,215.138,D00,Queen's Pawn Game: Accelerated London System,Queen's Pawn Game,3,-6,17472,6.6,,,,,5,21668,4.39,,,,,39,20,d4 d5 Bf4 Nc6 e3 Bf5 Nf3 f6 Nbd2 e6 c4 Bd6 Bg3 Bxg3 hxg3 Bg4 Qb3 b6 cxd5 exd5 Bb5 Ne7 Qc2 O-O Bxc6 Nxc6 Qxc6 Qd6 Qc2 Rac8 Qxh7+ Kf7 Nh4 Rh8 Qg6+ Ke7 Qxg4 g5 Nf5+,"{30003,30003,29923,29419,29867,29179,29755,28947,29675,28531,29579,28187,29387,27851,29291,27563,29027,26619,28739,26491,28275,25995,26091,25115,25803,24827,25699,24667,25163,22795,25059,22371,22483,20523,22083,18651,21867,17963,21668,17472}"
13354,PzwoOyKv,white,Drac25,ZbigniewG,loss,mate,986,1017,-31,standard,blitz,blitz,300,0,5+0,lichess.org,22.0,0.43,60.0,,04/07/25 18:53,2025-07-04 22:00:42.773+00,432.547,C20,King's Pawn Game: Wayward Queen Attack,King's Pawn Game,3,-5,10139,6.62,,,,,5,8789,7.07,,,,,62,31,e4 e5 Qh5 Nc6 Bc4 g6 Qd1 Nf6 d3 Nd4 Bg5 d5 Bxf6 Qxf6 Bxd5 Qb6 b3 c6 Bc4 Be6 Bxe6 Nxe6 Nf3 f6 O-O Nf4 g3 Nh3+ Kg2 Ng5 Nxg5 fxg5 Qf3 O-O-O Qg4+ Kb8 Qxg5 Be7 Qxe5+ Bd6 Qg5 Be7 Qd2 h6 Nc3 g5 h3 h5 g4 hxg4 hxg4 Rh4 f3 Bd6 Rh1 Rdh8 Qxg5 Rh2+ Rxh2 Rxh2+ Kf1 Qf2#,"{30003,30003,29939,29699,29771,29499,29427,28915,29355,27851,28971,26971,28419,26571,28219,22067,26043,21427,25547,21299,24531,20795,24475,20235,23995,19723,23347,19059,23075,17811,22931,17387,22443,17067,21955,16499,21771,16315,21307,15491,18675,14795,17291,14299,16811,12899,15899,12587,15459,12275,14899,11811,14451,11067,12723,9923,11811,9315,11011,9147,10139,8789}"
13355,Ump9Ayx0,black,Drac25,mshkhatam,win,outoftime,981,939,42,standard,blitz,blitz,300,0,5+0,lichess.org,29.0,-4.09,49.0,,04/07/25 18:43,2025-07-04 21:53:03.59+00,589.756,C60,Ruy Lopez: Cozio Defense,Ruy Lopez,6,5,2891,7.75,,,,,-5,0,8.33,,,,,72,36,e4 Nc6 Nf3 e5 Bb5 Nge7 d3 a6 Bxc6 Nxc6 Bg5 Be7 Bh4 Bxh4 g3 Bg5 h4 Bh6 g4 g6 g5 Bg7 h5 gxh5 Rxh5 d6 Nh4 Nd4 Nc3 c6 Qd2 Be6 b3 h6 O-O-O hxg5 Qxg5 Rxh5 Qxh5 Bf6 Rg1 Ke7 Na4 Qh8 Rg5 Qxh5 Rxh5 Rh8 Rxh8 Bxh8 Nb6 Bf6 Ng2 Bg5+ Kd1 Bh3 Ne1 Bg4+ f3 Nxf3 Nxf3 Bxf3+ Ke1 Bh4+ Kd2 Bg5+ Kc3 Bg4 Nc8+ Bxc8 Kb2 d5,"{30003,30003,29083,29875,28675,29283,28451,29163,27971,29091,27651,28515,26507,27547,25179,26747,24699,26507,24275,25883,23555,25611,23107,25443,21899,24635,21195,22987,20475,22139,19587,20579,19059,16851,17651,15947,17035,15203,16795,13131,16275,11603,10635,10883,9219,9275,9059,8187,8403,7963,7595,6083,7027,5339,6283,4827,4643,4635,4227,4251,1147,4075,1027,3747,907,3499,809,3267,677,3083,486,2891,0}"
13356,goSqQHBn,white,Drac25,thierryvosges,loss,outoftime,986,1034,-48,standard,blitz,blitz,300,0,5+0,lichess.org,24.0,2.2,47.0,,04/07/25 18:33,2025-07-04 21:42:59.463+00,553.355,C20,King's Pawn Game: Wayward Queen Attack,King's Pawn Game,3,-5,0,10.72,,,,,14,5989,8.89,,,,,56,28,e4 e5 Qh5 Nc6 Bc4 g6 Qd1 d6 Nf3 f5 d3 Nf6 Bg5 Be7 Bxf6 Bxf6 Nc3 Qe7 Nd5 Qf7 exf5 gxf5 O-O Be6 Nxf6+ Qxf6 Bb5 O-O-O Bxc6 bxc6 c4 e4 Nd2 Rhg8 Qa4 Kd7 dxe4 Qg5 g3 Qxd2 Rad1 Qh6 c5 d5 exd5 Bxd5 Rxd5+ Kc8 Qa6+ Kb8 Rxd8+ Rxd8 b4 Qd2 a3 Rd3,"{30003,30003,29947,29923,29675,28243,28339,27179,27219,26819,26779,24723,26571,24427,24755,24099,23971,23555,22819,23027,18859,22363,17395,22027,15139,21683,14339,21315,14051,21059,13579,20067,10923,19059,10075,18075,9411,17771,6027,17475,4411,15027,4155,14563,3763,14251,3635,10819,3083,10587,2019,10355,1043,7171,123,5989,0}"
13357,1JMUE3QR,black,Drac25,pusdestr,loss,resign,994,837,157,standard,blitz,blitz,180,2,3+2,lichess.org,17.0,0.25,37.0,,03/07/25 20:54,2025-07-03 23:58:43.878+00,242.739,D00,Queen's Pawn Game: Accelerated London System,Queen's Pawn Game,3,-8,9301,4.83,,,,,11,10740,4.04,,,,,37,19,d4 d5 Bf4 Nf6 e3 Bf5 Bd3 e6 Bxf5 exf5 Nf3 h6 O-O Bd6 c3 Bxf4 exf4 O-O Qb3 b6 Ne5 Ng4 Nxg4 fxg4 h3 gxh3 gxh3 Qh4 Qxd5 Nd7 Qxd7 Qxf4 Nd2 Qh4 Rae1 Qxh3 Qxh3,"{18003,18003,18059,17819,18075,17699,17291,17499,17291,17491,17331,16971,16235,16707,16251,16675,16171,15843,16043,14835,15019,14051,13731,14059,13851,13691,13843,12819,12675,11907,12563,11475,11363,9923,10795,9723,10740,9301}"
13358,yymUORI9,white,Drac25,friedfluff,loss,resign,1000,965,35,standard,blitz,blitz,180,2,3+2,lichess.org,18.0,-1.65,38.0,,03/07/25 20:45,2025-07-03 23:54:22.589+00,505.383,B06,Modern Defense: Bishop Attack,Modern Defense,5,-6,153,3.64,,,,,6,6663,2.36,,,,,98,49,e4 g6 Bc4 Bg7 d4 d6 Nf3 Nf6 e5 dxe5 dxe5 Qxd1+ Kxd1 Ng4 Ke1 Nxe5 Nxe5 Bxe5 c3 b6 Na3 Bb7 Nb5 O-O g3 Bxh1 Kf1 Nd7 Bf4 Bd6 Bxd6 cxd6 f3 Bxf3 Re1 Ne5 Be2 Bxe2+ Rxe2 Rfd8 Kf2 Nd3+ Ke3 Ne5 Nd4 e6 h3 d5 g4 Nc4+ Kf4 Kg7 b3 Nd6 Nc6 Re8 Rf2 Ne4 Rf3 Rec8 Ne7 Rxc3 Rxc3 Nxc3 a4 Kf6 Nc6 Ne4 Ne5 Rc8 h4 Rc3 g5+ Nxg5 hxg5+ Kg7 b4 f6 gxf6+ Kxf6 Nd7+ Ke7 Ne5 Rc8 Kg5 Rh8 Nc6+ Kd6 Nxa7 d4 b5 Ra8 Nc6 Rxa4 Nxd4 Rxd4 Kf6 e5,"{18003,18003,17499,18083,17411,18179,17347,18235,17435,18347,17507,18419,17403,18523,15587,18419,15587,18619,14987,18307,15011,18379,15043,17747,14579,17755,14571,17267,14667,16667,14659,16867,13835,16843,13539,16403,12899,16387,12947,15979,11835,15107,11611,14867,10875,14531,9155,13931,8435,13883,7803,12931,6867,12067,6307,11451,5627,10883,5235,10363,4979,10227,3315,10427,2179,9875,1755,9323,1131,8835,1155,8499,1211,8515,1267,8419,1003,8147,776,8347,561,7859,266,7299,466,7027,498,6843,591,6971,601,6571,684,6635,481,6731,541,6663,153}"
13359,ZF4Eenz0,black,Drac25,FernandoTorrico,loss,outoftime,1006,1007,-1,standard,blitz,blitz,180,2,3+2,lichess.org,26.0,2.09,,,03/07/25 20:39,2025-07-03 23:45:36.394+00,358.588,C50,Italian Game: Anti-Fried Liver Defense,Italian Game,6,-6,0,10.0,,,,,6,7594,5.78,,,,,37,19,e4 e5 Nf3 Nc6 Bc4 h6 d3 Bc5 O-O Nf6 a3 Nd4 Nxd4 Bxd4 c3 Bb6 Nd2 d5 exd5 Nxd5 Re1 f6 Bb3 Bf5 d4 Qd7 c4 Nf4 dxe5 fxe5 Rxe5+ Ne6 g4 Bh7 c5 Ba5 Bxe6,"{18003,18003,18027,18083,17963,18099,18019,17931,16803,16099,16179,15923,16067,15483,15915,15203,13611,14603,13275,14667,12027,13515,10947,12883,10611,9067,10379,7227,9043,6267,8827,5387,7955,3731,7659,1281,7594,0}"
13360,uq8jEm7t,white,Drac25,Abubakr7,loss,resign,1010,1088,-78,standard,blitz,blitz,180,2,3+2,lichess.org,16.0,3.43,40.0,,03/07/25 20:35,2025-07-03 23:39:16.973+00,245.386,C00,French Defense,French Defense,2,-4,6870,5.57,,,,,4,12524,2.74,,,,,41,21,e4 e6 Qh5 d5 e5 c5 Bb5+ Bd7 Bxd7+ Nxd7 Nf3 Nh6 d4 Be7 Bxh6 g6 Qh3 Qb6 Be3 Qxb2 O-O Qxa1 dxc5 Bxc5 Bxc5 Nxc5 Ng5 Qxe5 Nf3 Qg7 Na3 O-O Nb5 a6 Nd6 b5 Ne5 Qxe5 Nxf7 Rxf7 f3,"{18003,18003,18147,18003,18067,18075,17859,18131,16275,18331,15851,18275,15323,18235,15123,18107,13419,18051,12539,17827,12395,17851,12115,17611,11179,17707,11147,16595,10595,16091,10323,15467,9515,15427,8819,15419,7811,13899,7195,13859,6870,12524}"
13361,YEbTgiq9,white,Drac25,Abubakr7,loss,resign,1015,1083,-68,standard,blitz,blitz,180,2,3+2,lichess.org,,-1.43,,,03/07/25 20:32,2025-07-03 23:34:52.386+00,146.204,C00,French Defense,French Defense,2,-5,9500,8.5,,,,,5,15783,2.47,,,,,20,10,e4 e6 Qh5 d5 e5 c5 Bb5+ Bd7 Na3 a6 Bxd7+ Qxd7 Nf3 Ne7 Ng5 Nf5 Nxh7 Nc6 Qh6 Nxh6,"{18003,18003,18147,18107,18083,18131,17171,18163,17043,18187,16675,18115,16067,17347,14955,17083,13459,16667,10171,15783,9500}"
13362,lzeKIi6K,black,Drac25,joaococudo21,loss,outoftime,1021,940,81,standard,blitz,blitz,180,2,3+2,lichess.org,26.0,-1.01,,,03/07/25 20:19,2025-07-03 23:25:56.41+00,387.252,C60,Ruy Lopez: Cozio Defense,Ruy Lopez,6,-6,0,10.59,,,,,46,3174,8.72,,,,,35,18,e4 e5 Nf3 Nc6 Bb5 Nge7 O-O d5 Nc3 d4 Ne2 a6 Ba4 b5 Bb3 Bg4 c3 Bxf3 gxf3 d3 Ng3 g6 a3 Bg7 Ba2 f5 exf5 Nxf5 Nxf5 gxf5 b4 Qg5+ Kh1 f4 Rg1,"{18003,18003,18075,18043,18091,17875,17331,17947,17115,17683,16851,17523,16435,17387,16163,16939,15827,16931,15307,16987,15203,15211,12987,13451,10867,4539,6859,4515,6331,4459,5819,3995,4795,2843,3174,0}"
13363,8cDZyJQa,white,Drac25,Burak_math,win,mate,1016,1002,14,standard,blitz,blitz,180,2,3+2,lichess.org,22.0,3.79,40.0,,03/07/25 19:53,2025-07-03 23:00:03.72+00,369.915,C20,"King's Pawn Game: Wayward Queen Attack, Kiddie Countergambit",King's Pawn Game,4,5,6252,3.67,,,,,-5,7035,3.54,,,,,65,33,e4 e5 Qh5 Nf6 Qxe5+ Be7 Qg3 Nxe4 Qxg7 Bf6 Qg4 d5 Qe2 Nc6 f3 Qe7 fxe4 Qxe4 c3 Bh4+ g3 Bg4 Qxe4+ dxe4 gxh4 Ne5 Be2 Bxe2 Kxe2 O-O-O Na3 Nd3 Ke3 Rhe8 Ne2 f5 Nf4 h6 Nxd3 exd3+ Kf4 Rf8 b4 b6 Bb2 Kb7 c4 Kc6 b5+ Kc5 Rac1 Rde8 Bg7 Rf7 Bxh6 Re2 Kf3 Rxd2 Rcd1 Rxa2 Rxd3 Kb4 Rb1+ Kc5 Be3#,"{18003,18003,18147,17947,18235,17915,18331,17939,18347,17035,17299,16851,16971,16299,16827,14459,16491,14403,16203,12739,15387,11499,15035,11611,15059,11547,14731,11419,14563,11251,13211,10059,12595,9715,11027,9611,10731,9395,10787,9299,10835,8707,10283,8507,9459,8635,9315,8603,9019,8291,8579,8331,8275,8307,8323,8387,7835,8107,7243,8059,7323,7907,6427,7035,6252}"
13364,qztF3d7U,white,Drac25,gggoldjunge,loss,resign,1021,1020,1,standard,blitz,blitz,180,2,3+2,lichess.org,28.0,-8.19,,,03/07/25 19:51,2025-07-03 22:53:38.243+00,151.387,C20,"King's Pawn Game: Wayward Queen Attack, Kiddie Countergambit",King's Pawn Game,4,-5,11964,4.31,,,,,6,14228,2.9,,,,,28,14,e4 e5 Qh5 Nf6 Qxe5+ Be7 Qg3 Nc6 Qxg7 Rf8 d3 Nd4 Na3 Bxa3 Kd1 Bc5 Bg5 Be7 c3 Nc6 Nf3 Rg8 Qh6 Ng4 Bxe7 Qxe7 Ke1 Nxh6,"{18003,18003,17995,18203,18027,18259,18139,18035,18203,17763,17747,17531,17163,17595,16059,15835,15571,15539,15083,14731,14355,14739,13763,14563,13699,14267,12603,14228,11964}"
13365,5gbHboLr,black,Drac25,ajedrezsteven2024,loss,outoftime,1027,1006,21,standard,blitz,blitz,180,2,3+2,lichess.org,30.0,5.99,45.0,,03/07/25 19:40,2025-07-03 22:49:40.5+00,533.01,D06,Queen's Gambit Declined: Marshall Defense,Queen's Gambit Declined,4,-6,0,4.39,,,,,6,986,4.15,,,,,83,42,d4 Nf6 c4 d5 cxd5 Qxd5 Nc3 Qa5 Bd2 Qb6 Nf3 Qxb2 Rb1 Qa3 Nb5 Qxa2 Ra1 Qd5 Nxc7+ Kd8 Nxd5 Nxd5 Qb3 e6 Ne5 Ke8 Qb5+ Nd7 Nxd7 Bxd7 Qxb7 Rc8 Rxa7 Rd8 Ra8 Be7 e4 Nf6 Rxd8+ Bxd8 e5 Nd5 Bb5 Bxb5 Qxb5+ Ke7 Qb7+ Ke8 Qc6+ Ke7 Qb7+ Ke8 Qb5+ Ke7 Bb4+ Nxb4 Qxb4+ Ke8 O-O f6 Rc1 Kf7 Qb7+ Be7 Rc7 Re8 Kf1 Kg6 Rxe7 Rxe7 Qxe7 fxe5 dxe5 h6 Qxe6+ Kh7 Ke2 g6 Qf7+ Kh8 e6 g5 e7,"{18003,18003,17883,17971,17643,18043,17627,17267,17379,17027,16579,16907,16267,16627,15427,14563,13435,14339,13179,13571,13379,13667,10523,12387,10243,10243,9371,9707,9299,9387,9091,8563,4963,5163,4643,4011,3827,3043,3099,3019,2627,2123,1307,1979,1219,2107,1227,2171,1235,2163,1259,1883,1331,1563,1483,1227,1443,1371,1275,1147,1147,1227,772,1315,720,1339,537,1163,512,1219,666,1283,704,1275,735,1371,832,1235,680,1235,832,1161,986,0}"
13368,GuA3jVcd,white,Drac25,ebtveit,loss,mate,1022,1035,-13,standard,blitz,blitz,180,2,3+2,lichess.org,27.0,-1.3,48.0,,03/07/25 19:30,2025-07-03 22:36:51.62+00,411.106,C20,King's Pawn Game: Wayward Queen Attack,King's Pawn Game,3,-6,625,5.11,,,,,6,9760,2.42,,,,,70,35,e4 e5 Qh5 Nc6 Bc4 g6 Qf3 Nf6 d3 Nd4 Qd1 d6 Nf3 Nxf3+ Qxf3 Bg4 Qe3 Bg7 f3 Bd7 O-O O-O Nc3 a6 Nd5 Nxd5 exd5 b5 Bb3 c5 dxc6 Bxc6 c4 d5 cxd5 Bxd5 Bxd5 Qxd5 b3 Rac8 Ba3 Rfd8 Rad1 Rc3 Qd2 Rxd3 Qxd3 Qxd3 Rxd3 Rxd3 Rc1 h5 Rc8+ Kh7 Ra8 Rd1+ Kf2 e4 Ke2 Ra1 Rxa6 Rxa2+ Kf1 e3 b4 e2+ Ke1 Bc3+ Kf2 e1=Q#,"{18003,18003,18147,17619,18243,17243,18363,17227,18435,16883,16795,16267,16003,15691,15699,15443,14691,15131,14107,14851,14131,14859,13395,13875,13347,13475,13195,13427,12819,13387,12811,13443,11323,12339,10867,12363,10611,12563,10299,12443,10227,12211,9875,12027,5267,11947,5307,11979,5075,12179,5131,11139,4603,11147,4611,11155,4635,10763,4555,10555,3091,10563,2355,10083,1507,10091,1515,10099,625,9760}"
13369,N8993lub,black,Drac25,Negrid,win,resign,1017,952,65,standard,blitz,blitz,180,2,3+2,lichess.org,17.0,-0.46,,,03/07/25 19:26,2025-07-03 22:29:39.262+00,200.347,C20,King's Pawn Game: Beyer Gambit,King's Pawn Game,4,5,13855,3.77,,,,,-32,6916,9.24,,,,,24,12,e4 e5 d4 d5 exd5 Qxd5 Nf3 Bg4 Nc3 Bb4 a3 Bxc3+ bxc3 exd4 cxd4 Bxf3 gxf3 Nc6 Qe2+ Nge7 Bh3 Nxd4 Qe3 Nxc2+,"{18003,18003,18003,17883,17507,17419,16771,17027,14491,17059,13147,16363,13115,16267,12595,15619,10955,15259,10483,14603,9955,13899,7451,13855,6916}"
13370,xoRXbnKV,black,Drac25,ajedrezsteven2024,loss,outoftime,1023,1011,12,standard,blitz,blitz,180,2,3+2,lichess.org,,,,,03/07/25 19:12,2025-07-03 22:12:52.15+00,27.797,D07,Queen's Gambit Declined: Chigorin Defense,Queen's Gambit Declined,4,-6,0,60.01,,,,,6,17468,1.78,,,,,7,4,d4 Nc6 c4 d5 Nf3 dxc4 d5,"{18003,18003,18011,17915,17763,17467,17468,0}"
13371,yBteAGBt,white,Drac25,Mass_72,win,outoftime,1016,1131,-115,standard,blitz,blitz,180,2,3+2,lichess.org,21.0,-3.96,,,03/07/25 18:53,2025-07-03 22:00:16.646+00,385.759,C20,King's Pawn Game: Wayward Queen Attack,King's Pawn Game,3,7,5504,6.58,,,,,-7,0,9.48,,,,,39,20,e4 e5 Qh5 d6 Bc4 g6 Qf3 Nf6 d3 Bg4 Qg3 h5 h3 h4 Qe3 Bh6 f4 Bxf4 Qf2 Bxc1 hxg4 Bxb2 g5 Nbd7 Nh3 d5 Bb5 c6 Ba4 Bd4 Qd2 Bxa1 c3 dxe4 O-O exd3 Na3 Bxc3 Qxc3,"{18003,18003,18155,17827,18147,17291,18219,16835,18163,16907,17523,15243,16779,13827,16507,13787,15651,13755,13483,13523,13275,13579,11395,11603,8427,9187,8083,9227,7931,4659,6771,3011,6611,1683,6323,1027,5987,693,5504,0}"
13372,87i2PaBi,black,Drac25,styopa1995,loss,resign,1020,1075,-55,standard,blitz,blitz,180,2,3+2,lichess.org,17.0,0.5,40.0,,03/07/25 18:48,2025-07-03 21:53:20.948+00,285.488,C20,King's Pawn Game: King's Head Opening,King's Pawn Game,5,-4,3475,5.81,,,,,22,14649,1.34,,,,,51,26,f3 e5 Nc3 Nf6 e4 Bb4 Bd3 Bxc3 dxc3 d5 Qe2 dxe4 fxe4 Bg4 Nf3 Nbd7 Bg5 O-O O-O-O h6 Bh4 Bxf3 gxf3 Nxe4 Bxe4 Qxh4 Rxd7 c6 Rxb7 Rad8 Rxa7 Qg5+ Kb1 Rd2 Qe1 Rfd8 Bd3 e4 fxe4 R2xd3 cxd3 Rxd3 Qf1 Kh7 Rg1 Qd2 Rxg7+ Kxg7 Qxf7+ Kh8 Ra8+,"{18003,18003,18115,17811,18259,17203,18067,17203,18067,17139,17763,15243,17739,14803,17531,13915,17627,13211,17643,12587,17667,11291,17563,11211,17195,11179,16403,10955,16323,11043,16251,10723,16139,10251,15395,10139,15219,8947,15275,7587,15187,7363,14771,5003,14531,4899,14435,4659,14579,4627,14649,3475}"
13373,jNrOnfyN,black,Drac25,BenEmRe,loss,mate,1026,1025,1,standard,blitz,blitz,180,2,3+2,lichess.org,15.0,1.33,33.0,,03/07/25 02:14,2025-07-03 05:24:27.033+00,594.826,C60,Ruy Lopez: Cozio Defense,Ruy Lopez,6,-6,3892,2.24,5.0,0.0,3.0,89.0,6,992,2.66,3.0,2.0,0.0,94.0,129,65,e4 Nc6 Nf3 e5 Bb5 Nge7 O-O h6 d4 a6 Bxc6 Nxc6 Nxe5 Nxe5 dxe5 d6 exd6 Bxd6 Nc3 c6 Re1 Be6 e5 Bc5 Qxd8+ Rxd8 Bf4 g5 Be3 Bb4 a3 Bxc3 bxc3 O-O Rab1 b5 f4 Rd5 Rbd1 gxf4 Bxf4 Rxd1 Rxd1 f6 Rd6 Bd5 exf6 Rf7 Bxh6 Kh7 Bg5 Kg6 h4 a5 Kf2 a4 Ke3 c5 Rxd5 b4 cxb4 cxb4 Ra5 b3 cxb3 axb3 Rb5 Ra7 Rxb3 Ra5 Kf4 Rf5+ Kg4 Rf2 g3 Ra2 h5+ Kh7 Kf5 Rf2+ Ke6 Kg8 h6 Rg2 Rb8+ Kh7 f7 Kg6 f8=Q Re2+ Kd7 Rd2+ Kc6 Rc2+ Kb6 Kxg5 Qg8+ Kxh6 Qh8+ Kg5 Rg8+ Kf5 Qh7+ Ke6 Qxc2 Ke5 Rd8 Ke6 Qe2+ Kf7 Qf3+ Ke7 Qf8+ Ke6 Qe8+ Kf5 Qe7 Kg4 Rf8 Kh3 Qg7 Kg2 Qf6 Kh2 Qf2+ Kh3 Rh8+ Kg4 Qf4#,"{18003,18003,18019,18091,17915,17963,17915,17787,17579,17395,17635,17419,17443,17395,17643,16347,17547,16299,17563,16315,16995,15547,16579,15379,14459,15331,14403,14827,14099,14187,10859,14235,11059,13379,10715,13363,10603,12371,9347,10907,8891,10819,8963,10139,8571,9875,8203,9547,7531,9299,7283,9339,5843,8419,5587,8187,5563,7891,5347,7435,5547,7483,5243,6099,4467,6147,4595,5691,4619,5323,4259,5331,4227,5339,4163,5155,3659,5075,3403,5155,3427,5227,3291,5059,2379,4835,2323,4499,2227,4515,2299,4547,2219,4539,2251,4395,2107,4299,1803,4315,1659,3603,1515,3467,1715,3507,1707,3515,1771,3387,1587,3467,1259,3531,1275,3611,1331,3611,1459,3587,1491,3723,1123,3699,1163,3779,1171,3892,992}"
13374,UNPVBC98,white,Drac25,arun-prakash,win,resign,1020,1067,-47,standard,blitz,blitz,180,2,3+2,lichess.org,19.0,-1.81,66.0,,03/07/25 02:06,2025-07-03 05:13:55.016+00,415.898,B01,Scandinavian Defense,Scandinavian Defense,2,6,614,4.58,,,,,-7,11932,1.6,,,,,77,39,e4 d5 e5 d4 Nf3 c5 d3 b5 b3 e6 Na3 a6 Bb2 Ne7 g3 Nec6 Bg2 Qc7 Qe2 Be7 Bc1 Nd7 O-O Bb7 Bg5 Bxg5 Nxg5 Ndxe5 Qh5 h6 Nxe6 Qd6 Nxg7+ Kd7 Nf5 Qe6 Ng7 Qe7 Rae1 Rhg8 Nf5 Qf6 Nh4 Rg5 Qe2 Kc7 Nf3 Nxf3+ Bxf3 Kb6 Bxc6 Bxc6 Qe7 h5 Qxf6 Rg4 Re7 h4 Qxf7 hxg3 fxg3 Rag8 Re2 R4g7 Qf3 Bxf3 Rxf3 Rg4 Rf6+ Ka5 b4+ cxb4 Nb1 Rf4 Rg2 Rf3 Rxf3,"{18003,18003,18019,17923,17539,17939,17011,17795,16011,17835,15627,17819,15379,17811,15011,17899,15123,17891,14099,17915,13891,17819,11571,17419,10835,16843,10859,16907,9483,16907,8899,16267,8531,16291,7259,16187,6139,15595,6003,15523,5235,15587,4099,15539,2771,15539,1899,15331,1867,14891,793,14963,509,14779,568,14555,560,14531,526,14451,547,13515,321,13555,210,13307,314,12419,378,12515,481,12595,457,12211,530,12251,614,11932}"
13375,4Ogu8qyt,black,Drac25,ted1884,win,resign,1015,1034,-19,standard,blitz,blitz,180,2,3+2,lichess.org,,,,,03/07/25 02:06,2025-07-03 05:06:40.112+00,33.548,C50,Italian Game: Anti-Fried Liver Defense,Italian Game,6,5,17807,0.65,,,,,-110,16920,2.71,,,,,8,4,e4 Nc6 Nf3 e5 Bc4 h6 Ng5 hxg5,"{18003,18003,17963,18051,17995,18059,17443,17807,16920}"
13411,eSl3vIIi,black,Drac25,razor_not,win,resign,977,970,7,standard,blitz,blitz,300,0,5+0,lichess.org,26.0,-4.34,47.0,,01/07/25 14:55,2025-07-01 18:02:26.839+00,409.737,A45,Indian Defense,Indian Defense,2,5,8030,7.85,,,,,-6,12921,6.1,,,,,57,29,d4 Nf6 Qd3 d5 c4 dxc4 Qxc4 Nc6 d5 Nxd5 e4 Nb6 Qb5 Bd7 Qb3 Nd4 Qc3 e5 f4 Nc6 fxe5 Qh4+ Qg3 Qxe4+ Ne2 Bb4+ Nd2 Bxd2+ Bxd2 Qxe5 Qxg7 O-O-O Qxe5 Nxe5 Rc1 Rhe8 Bf4 Nd3+ Kd1 Nxc1 Nxc1 Nd5 Bg5 Bg4+ Be2 Bxe2+ Nxe2 Ne7+ Ke1 Rd7 Rf1 Nd5 Rxf7 Rxf7 Kd1 Rd7 Kc1,"{30003,30003,29811,29275,29691,27915,29587,27163,29267,26763,28235,26355,27811,25747,26507,24955,25779,24499,25035,22131,24643,21491,22963,21275,22019,20411,21483,18251,21363,16371,21219,16115,20187,15923,19227,15739,18715,15171,18331,14891,18179,14291,16499,13235,15867,11579,15619,10659,15363,9795,14651,9427,14443,9187,13819,8547,12921,8030}"
13376,NxlMXYey,black,Drac25,Yunusemreguler,win,outoftime,1008,1052,-44,standard,blitz,blitz,180,2,3+2,lichess.org,14.0,-1.92,51.0,,03/07/25 01:57,2025-07-03 05:05:37.76+00,461.319,D07,Queen's Gambit Declined: Chigorin Defense,Queen's Gambit Declined,4,7,4170,4.32,,,,,-20,0,5.46,,,,,66,33,d4 Nc6 c4 d5 e3 Nf6 Nc3 Bf5 Qb3 Rb8 h3 e6 Nf3 Nb4 a3 Nc2+ Qxc2 Bxc2 Ne5 Bd6 Bd3 Bxd3 Nxd3 Ne4 cxd5 exd5 Nxd5 Bxa3 Nxc7+ Qxc7 bxa3 O-O a4 Qc2 Ne5 Qxf2+ Kd1 Rbd8 Ng4 Qxg2 Re1 Qxh3 Ne5 Nc3+ Kc2 Rc8 Ra3 Nd5+ Kb1 Rxc1+ Rxc1 Nxe3 Rac3 Qf5+ Ka2 Qe6+ Kb1 Nd5 R3c2 Nb4 Rc3 a5 Rd1 Rc8 Rxc8+ Qxc8,"{18003,18003,17747,17771,17123,17587,17067,16587,16427,15699,14955,15755,14571,15715,13043,15739,12995,15787,12603,15091,12139,14891,11883,14531,11307,14355,11139,12971,8891,13003,8555,12283,6683,12283,5419,11795,5027,10123,2499,9595,1651,9163,1627,8859,1083,8619,1091,8131,1043,7091,1043,6891,1043,6603,1027,5747,1027,5539,704,5211,654,4811,275,4107,287,4170,0}"
13377,jY6Bh4gl,white,Drac25,Dharanee20,win,resign,1003,983,20,standard,blitz,blitz,180,2,3+2,lichess.org,20.0,1.59,37.0,,03/07/25 01:53,2025-07-03 04:57:38.516+00,271.157,B01,Scandinavian Defense,Scandinavian Defense,2,5,8397,4.0,,,,,-6,10914,2.95,,,,,49,25,e4 d5 e5 f6 d4 fxe5 dxe5 Nc6 Nf3 Bg4 Nbd2 Bxf3 Nxf3 e6 Bb5 Qd7 Bg5 Be7 Bxe7 Qxe7 Bxc6+ bxc6 O-O Nh6 Qd4 Rf8 h3 Nf5 Qa4 Qd7 g4 Ne7 Rad1 Rxf3 Kg2 Rf4 Qxf4 Ng6 Qa4 O-O-O Qxa7 Qf7 f4 Nh4+ Kg3 g5 fxg5 Ng6 Rxf7,"{18003,18003,17947,17067,17963,17155,17979,17347,17899,17259,17627,17003,17659,17075,17707,16619,17715,16395,17659,16483,17723,16563,17523,15931,17227,15723,16243,15787,16027,15195,15443,14683,13243,14427,12723,12795,12491,12803,11435,13003,11347,12547,8859,12403,8523,11491,8411,11099,8397,10914}"
13378,nUCefpXR,white,Drac25,qlexus,loss,resign,1008,1044,-36,standard,blitz,blitz,180,2,3+2,lichess.org,18.0,-0.44,42.0,,03/07/25 01:45,2025-07-03 04:52:57.338+00,434.871,C20,King's Pawn Game: Wayward Queen Attack,King's Pawn Game,3,-5,1709,3.62,,,,,6,11388,1.5,,,,,90,45,e4 e5 Qh5 Nc6 Bc4 g6 Qf3 Nf6 c3 d6 d3 Be6 Bxe6 fxe6 Bg5 Bg7 Bxf6 Bxf6 Nh3 Qe7 Na3 O-O-O O-O Rdf8 Qe3 h5 Nb5 g5 Nxa7+ Kd7 Nxc6 bxc6 Rad1 g4 Nf4 exf4 Qxf4 e5 Qf5+ Qe6 d4 Qxf5 exf5 exd4 cxd4 Ra8 d5 Rxa2 dxc6+ Kxc6 b4 Re8 Rc1+ Kd7 b5 Re5 f3 Rxf5 fxg4 Rxf1+ Rxf1 Bd4+ Kh1 hxg4 g3 Ra5 Rf7+ Ke6 Rf4 Be5 Rxg4 Rxb5 Rg6+ Kd5 Rg5 c5 h4 c4 h5 c3 h6 c2 Rxe5+ Kxe5 h7 c1=Q+ Kh2 Qh6+ Kg2 Qxh7,"{18003,18003,18139,17059,18243,16915,18283,16819,17995,15307,17075,15347,16739,15395,16883,15067,14571,15035,13867,15035,12419,15067,12259,14899,11811,14603,10979,13915,10571,13939,10571,13987,10195,13987,8131,14003,7435,14059,7187,13611,6499,12939,6427,13027,6291,12403,4515,12139,4155,12195,4259,11627,4035,11579,3459,11587,1779,11547,1683,11459,1571,11147,1611,11187,1699,11059,1675,11075,1555,10915,1643,11011,1755,10955,1707,10987,1803,10955,1811,11075,1451,11195,1651,11267,1851,11235,1867,11307,1827,11388,1709}"
13379,AJP6zQKr,white,Drac25,abnerck9,win,mate,1004,880,124,standard,blitz,blitz,180,2,3+2,lichess.org,,,,,03/07/25 01:45,2025-07-03 04:45:30.187+00,21.079,C20,King's Pawn Game: Wayward Queen Attack,King's Pawn Game,3,4,17879,0.41,,,,,-5,17357,3.23,,,,,7,4,e4 e5 Qh5 Nc6 Bc4 Nf6 Qxf7#,"{18003,18003,18147,17987,18131,17357,17879}"
13380,b0ZzDv8T,white,Drac25,Yunusemreguler,win,resign,998,1031,-33,standard,blitz,blitz,180,2,3+2,lichess.org,15.0,6.75,,,03/07/25 01:41,2025-07-03 04:43:42.392+00,142.383,B20,Sicilian Defense,Sicilian Defense,2,6,13086,6.15,3.0,0.0,0.0,87.0,-22,11462,8.18,1.0,1.0,1.0,54.0,17,9,e4 c5 Qh5 Nf6 Qxc5 e6 Qc4 Qb6 e5 d5 Qxc8+ Qd8 Qxd8+ Kxd8 exf6 gxf6 d4,"{18003,18003,18147,17259,17827,17283,14939,15875,13947,13899,13403,12707,13139,12667,13243,12739,13086,11462}"
13381,9MwEA3Vt,black,Drac25,brunomus,win,mate,992,1030,-38,standard,blitz,blitz,180,2,3+2,lichess.org,21.0,-4.49,48.0,,03/07/25 01:34,2025-07-03 04:40:25.083+00,350.814,B00,Nimzowitsch Defense,Nimzowitsch Defense,2,6,2904,5.39,,,,,-6,11087,2.47,,,,,58,29,e4 Nc6 Bc4 e5 Qh5 g6 Bxf7+ Kxf7 Qf3+ Kg7 c3 Bc5 b4 Bb6 a4 a5 b5 Nce7 Bb2 d6 c4 Be6 Na3 Qd7 h3 c6 d3 cxb5 Nxb5 Nc6 d4 Bxd4 Bxd4 Nxd4 Nxd4 exd4 Ne2 Bxc4 Nxd4 Nf6 Qc3 Rac8 O-O-O Be2 Ne6+ Qxe6 Qxc8 Rxc8+ Kd2 Bxd1 Rxd1 Nxe4+ Kd3 Nxf2+ Kd4 Nxd1 g4 Qc4#,"{18003,18003,17995,18131,18003,17619,18043,17627,18243,16851,18443,14795,18339,14347,18379,13939,18419,12819,18123,12651,17955,11715,17779,11283,17395,10819,16659,10595,16627,9963,15955,9075,15187,7315,15067,6995,14843,6427,14731,4451,13931,4003,11771,3051,11275,2915,11003,2819,10971,2867,11027,2947,10907,3011,10931,3163,11087,2904}"
13382,dt0SRUXl,black,Drac25,Anupam2856,win,outoftime,987,949,38,standard,blitz,blitz,180,2,3+2,lichess.org,24.0,-0.59,58.0,,02/07/25 22:08,2025-07-03 01:15:24.68+00,443.07,A04,Zukertort Opening: Black Mustang Defense,Zukertort Opening,2,5,7439,3.11,,,,,-16,0,5.14,,,,,70,35,Nf3 Nc6 g3 e5 Bg2 f6 O-O e4 Ne1 d5 e3 Bf5 Qh5+ g6 Qd1 Nge7 d3 Qd7 dxe4 Bxe4 b3 O-O-O Bb2 Bg7 Nc3 Bxg2 Nxg2 Rhg8 Na4 b6 Qd3 Nb4 Qc3 a5 Ba3 Nec6 Bxb4 Nxb4 a3 Na6 Qd3 f5 Qxa6+ Kb8 b4 Bxa1 Rxa1 b5 Nc3 c6 a4 Kc7 axb5 cxb5 Nxb5+ Kb8 Qa7+ Qxa7 Nxa7 Kxa7 Rxa5+ Kb6 Rxd5 Rxd5 Nf4 Rd1+ Kg2 Rgd8 Ne6 R8d2,"{18003,18003,18099,17923,18195,17595,18227,17635,18067,17387,18019,17315,17707,17083,16835,16851,16531,16555,16523,15867,14675,15835,14483,14547,14283,14379,13979,14291,12539,13907,11651,13523,10427,12979,8859,12355,8547,12315,7915,11291,6875,11043,6411,10491,4283,9979,3867,9091,3075,8171,2331,7795,2067,7579,1635,7003,811,7059,819,7027,769,7075,705,7163,644,7291,605,7419,365,7439,0}"
13383,zYDidHhf,white,Drac25,crisgio89,loss,outoftime,992,1026,-34,standard,blitz,blitz,180,2,3+2,lichess.org,24.0,1.98,55.0,,02/07/25 20:22,2025-07-02 23:31:13.696+00,529.533,C20,"King's Pawn Game: Wayward Queen Attack, Kiddie Countergambit",King's Pawn Game,4,-5,0,3.91,,,,,5,3475,3.23,,,,,92,46,e4 e5 Qh5 Nf6 Qxe5+ Be7 Qg3 g6 d3 Bd6 Qf3 Nc6 Bg5 Be7 Bxf6 Bxf6 c3 d6 Nd2 b6 d4 Bb7 Bc4 Qe7 Bd3 O-O-O d5 Ne5 Qe2 Bxd5 Ngf3 Nxd3+ Qxd3 Bb7 O-O h5 Nc4 Bxe4 Qd1 h4 Re1 Rh5 Ncd2 d5 Nxe4 dxe4 Qe2 exf3 Qxf3 Re5 Kf1 g5 Qg4+ Kb8 Rxe5 Bxe5 Re1 Qd6 h3 f6 g3 Qd2 Re2 Qd1+ Re1 Qxg4 hxg4 hxg3 fxg3 Bxg3 Re6 Rd6 Rxd6 cxd6 Kg2 Be5 a4 a5 Kf3 Kc7 Ke3 Kc6 Kd3 Kc5 b4+ axb4 cxb4+ Kxb4 Ke4 Kxa4 Kf5 b5,"{18003,18003,18155,17843,18091,17819,17635,17755,17243,17555,16851,17411,16939,15675,16843,15803,16819,15635,16939,15235,17019,15187,14579,13835,13635,13443,13299,13331,11771,11331,10203,10987,10011,10883,9635,10667,8883,10507,6579,9643,6475,8947,4411,7963,3251,8035,3091,7755,2643,6571,2187,5411,2107,5123,2043,5107,1875,4131,1723,3619,1131,2883,1051,2851,1043,2915,1051,2923,1051,3035,1123,2883,638,2947,838,2915,808,2795,968,2907,1035,3011,1179,3123,1203,3155,1259,3267,973,3331,992,3475,0}"
13384,T2qPkK6Y,white,Drac25,nur49,win,outoftime,985,1058,-73,standard,blitz,blitz,180,2,3+2,lichess.org,19.0,-1.42,56.0,,02/07/25 20:06,2025-07-02 23:15:17.608+00,533.991,C20,King's Pawn Game: Wayward Queen Attack,King's Pawn Game,3,7,571,4.47,,,,,-7,0,4.62,,,,,79,40,e4 e5 Qh5 d6 Bc4 g6 Qf3 Nf6 d3 Bg7 Bg5 Nbd7 Bxf6 Nxf6 h3 O-O Nc3 a6 Nge2 b5 Bb3 c5 a3 a5 Nxb5 a4 Bc4 Bd7 Nxd6 Be6 Nb5 Bxc4 dxc4 Qd7 Rd1 Qc6 Nec3 Rad8 O-O Nh5 g3 Qc8 Nd5 Qxh3 Ne7+ Kh8 Nxg6+ hxg6 Qg2 Qg4 Rxd8 Rxd8 f3 Qxg3 Nc3 Qxg2+ Kxg2 Nf4+ Kf2 Rd7 Nd5 Kg8 Nxf4 exf4 Rg1 Bf6 Rg4 g5 Ke1 Kg7 c3 Kg6 Rg1 Rd3 Rf1 Bd4 Ke2 Be5 Kxd3,"{18003,18003,18115,17331,17987,17115,18027,16731,14523,16643,14467,16531,13939,15755,13715,15595,13275,15539,11283,15443,10627,15419,10067,15219,9851,14451,9579,14251,9075,10067,7563,9787,7579,9179,7315,9011,5891,8891,5923,6667,4115,5827,3755,5355,1475,4683,666,4307,566,2843,618,2819,403,1587,428,1267,501,1059,481,944,539,896,601,969,581,785,386,671,265,592,331,611,305,492,384,319,480,273,571,0}"
13385,6EJVga2H,white,Drac25,happyhaq,win,mate,978,1039,-61,standard,blitz,blitz,180,2,3+2,lichess.org,,,,,02/07/25 20:05,2025-07-02 23:05:56.356+00,32.499,C20,King's Pawn Game: Wayward Queen Attack,King's Pawn Game,3,7,17758,0.49,,,,,-6,17590,1.03,,,,,11,6,e4 e5 Qh5 Nc6 Bc4 Nh6 d3 Bc5 Bxh6 gxh6 Qxf7#,"{18003,18003,18099,17971,18011,17747,17907,17651,17891,17590,17758}"
13386,8KRsMNB8,black,Drac25,Nikosalev,win,resign,973,966,7,standard,blitz,blitz,300,0,5+0,lichess.org,25.0,1.97,,,02/07/25 15:27,2025-07-02 18:30:55.212+00,222.766,C44,Scotch Game,Scotch Game,5,5,20278,4.86,,,,,-5,18287,5.58,,,,,42,21,e4 Nc6 Nf3 e5 d4 Bb4+ c3 Bd6 dxe5 Bxe5 Nxe5 Nxe5 f4 Ng6 h4 d6 h5 N6e7 f5 h6 Qd4 f6 g4 c5 Qa4+ Nc6 Bb5 Ne7 Na3 Bd7 c4 Ne5 Bxd7+ Qxd7 Nb5 O-O Nc7 Qxc7 b4 cxb4 Qxb4 Nd3+,"{30003,30003,30003,29803,29699,28987,29435,28939,28947,28675,28771,28531,28291,27195,27619,25707,27435,25267,26499,24995,25595,24651,24539,24355,24211,23763,23651,23003,21827,22835,21195,22611,20579,22451,20387,21587,19787,21251,19259,20419,18715,20278,18287}"
13387,l1tiJr3v,white,Drac25,reykooome,loss,resign,979,921,58,standard,blitz,blitz,300,0,5+0,lichess.org,,,,,02/07/25 15:26,2025-07-02 18:26:56.807+00,40.969,C20,King's Pawn Game: Wayward Queen Attack,King's Pawn Game,3,-6,28181,3.04,,,,,27,28554,2.9,,,,,12,6,e4 e5 Qh5 Nc6 Bc4 g6 Qf3 Nf6 d3 Nd4 Qe3 Nxc2+,"{30003,30003,29931,29491,29619,29195,29523,28947,29235,28755,28595,28554,28181}"
13388,iNUKruJO,white,Drac25,Kaisaschmarrn,draw,outoftime,977,1096,-119,standard,blitz,blitz,300,0,5+0,lichess.org,16.0,-1.71,33.0,,02/07/25 15:15,2025-07-02 18:26:00.168+00,622.499,C00,French Defense: Steinitz Attack,French Defense,3,2,0,4.23,,,,,-3,966,4.15,,,,,142,71,e4 e6 e5 Nc6 d4 d6 Bb5 dxe5 dxe5 Qxd1+ Kxd1 Bd7 Nc3 Nxe5 Bxd7+ Nxd7 Nb5 O-O-O Bf4 c6 Bc7 cxb5 Bxd8 Kxd8 Nf3 Be7 Ke2 Nh6 Rad1 Rg8 Ne5 Kc8 Rxd7 Nf5 g4 Rd8 Rhd1 Rxd7 Rxd7 Bc5 gxf5 exf5 Rxf7 Bd4 Nf3 Bxb2 Rxf5 g6 Rxb5 Bf6 Kd3 a6 Rc5+ Kd7 Ne5+ Kd6 Kc4 Bxe5 Rc8 Bxh2 f3 b5+ Kd3 h5 Rg8 h4 Rxg6+ Ke5 Rxa6 Kf4 Ke2 Bg3 Rb6 h3 Rxb5 h2 Rb1 Kf5 Rh1 Kf4 a4 Kf5 a5 Kg5 Kf1 Kf4 Kg2 Be1 c4 Bxa5 Rxh2 Bb6 Rh4+ Kg5 Rg4+ Kf5 Rg8 Kf4 Rf8+ Ke3 Re8+ Kd3 f4 Kxc4 f5 Bd4 Kf3 Bf6 Ke4 Kc5 Re6 Bh8 Rg6 Kc4 Kf4 Kd5 Kg5 Ke5 f6 Bxf6+ Kh5 Bd8 Kg4 Bc7 Kf3 Kd4 Rg4+ Kd3 Re4 Kc3 Ke2 Be5 Re3+ Kd4 Kf3 Bg7 Re4+ Kd5 Rf4 Be5 Rf5 Kd4,"{30003,30003,29723,29851,29395,29579,28371,29419,27915,29139,27795,28363,27355,28179,27147,27843,26747,26579,26595,26243,26131,25555,25963,25491,25163,24931,24547,24779,24155,24059,24035,22227,23499,21379,22195,20851,20827,18787,19955,17595,19355,17507,18691,16939,17051,16595,16651,15763,16451,14323,16235,12827,15875,12539,15083,12163,13427,11947,12571,11619,12299,10971,11627,10507,11363,9451,11123,9203,10571,8899,10291,8659,9795,8571,9603,8507,9451,7643,9355,7507,9139,7099,9019,6987,8835,6835,8707,6227,8483,6099,8323,5835,7971,5307,7779,5203,7019,4771,6315,4435,5755,4203,5467,3955,5307,3835,4803,3667,4627,3435,4443,3187,4003,2883,3763,2795,3643,2659,3299,2571,2659,2251,2379,1979,2187,1891,1827,1747,1475,1683,1331,1603,1139,1539,790,1315,598,1243,184,1075,52,966,0}"
13389,2DxJkZZX,black,Drac25,AlexRubin2000,win,mate,971,983,-12,standard,blitz,blitz,300,0,5+0,lichess.org,19.0,1.83,29.0,,02/07/25 15:09,2025-07-02 18:15:05.498+00,344.847,A05,King's Indian Attack,King's Indian Attack,4,6,11062,3.32,,,,,-5,19908,1.77,,,,,116,58,g3 Nf6 Nf3 d5 Bg2 Nc6 O-O Bf5 e3 e5 d3 e4 dxe4 Bxe4 Nc3 Bb4 Nxe4 dxe4 Qxd8+ Rxd8 Nd2 Bxd2 Bxd2 O-O Bc3 Rd6 Rad1 Rxd1 Rxd1 Rd8 Rxd8+ Nxd8 b3 Nd5 Bd4 c6 Bxe4 Ne6 Bxd5 cxd5 c4 Nxd4 exd4 dxc4 bxc4 Kf8 Kf1 Ke7 Ke2 Kd6 Ke3 f5 c5+ Kd5 Kd3 g5 Kc3 b6 cxb6 axb6 Kd3 h5 f3 f4 gxf4 gxf4 Kc3 b5 Kd3 h4 h3 b4 Kc2 Kxd4 Kb3 Ke3 Kxb4 Kxf3 a4 Kg3 Kc3 f3 Kd2 Kf2 a5 Kg2 Ke1 f2+ Ke2 f1=Q+ Ke3 Qa6 Kf4 Kxh3 Kg5 Qxa5+ Kf4 Kg2 Kg4 Qa4+ Kh5 h3 Kg5 h2 Kf5 h1=R Ke5 Rh5+ Kf6 Qa6+ Kg7 Rb5 Kf7 Rb7+ Ke8 Qa8#,"{30003,30003,30003,29699,30003,29187,30003,28923,30003,28179,29915,27955,29795,27387,29451,26779,29259,26299,29163,26123,29043,25755,28931,25427,28339,23427,28115,22811,28115,21691,27971,21555,27755,21147,27275,20827,26899,20515,26515,20371,26443,20059,26283,19883,26283,19475,26203,19475,26155,19443,26107,19275,25963,19003,25899,18891,25403,18787,25243,18659,25171,18451,24971,18107,24843,17979,24067,16579,23907,16259,23755,15187,22955,15019,22835,14403,22611,14395,22515,14347,22339,14347,22275,14219,21963,13075,21611,12971,21259,12779,21131,12619,20955,12243,20843,12243,20731,12075,20619,11939,20531,11883,20435,11835,20387,11683,20387,11467,20179,11379,20099,11187,19995,11123,19908,11062}"
13390,NsM4xwrG,black,Drac25,swathi0485,win,mate,968,858,110,standard,blitz,blitz,300,0,5+0,lichess.org,27.0,-8.04,47.0,,02/07/25 15:02,2025-07-02 18:08:59.612+00,388.231,A45,Indian Defense: Pawn Push Variation,Indian Defense,3,3,13801,6.75,,,,,-3,9320,8.62,,,,,50,25,d4 Nf6 d5 d6 e3 e6 dxe6 Bxe6 Bb5+ c6 Bd3 d5 Nf3 Bb4+ c3 Bc5 Ng5 Bg4 Qxg4 Nxg4 f3 Qxg5 f4 Qh4+ g3 Qh3 b4 Bxe3 Bxe3 Nxe3 Nd2 O-O Rg1 Na6 Nf3 Rae8 Ng5 Qxh2 Bxh7+ Kh8 Nxf7+ Rxf7 Bg6 Nc2+ Kf1 Nxa1 Bxf7 Re2 c4 Qf2#,"{30003,30003,29875,29267,29659,28747,29515,28595,29059,27923,28747,27011,28595,26483,28355,26339,27051,25587,26099,25435,23667,25123,23515,23891,23331,23579,21891,23315,21659,23163,21243,21891,18891,20587,17635,19851,16779,18995,15939,18715,12283,18267,12219,17203,11051,15475,10715,15155,9320,13801}"
13391,POchYXim,white,Drac25,swathi0485,win,mate,963,863,100,standard,blitz,blitz,300,0,5+0,lichess.org,,5.15,,,02/07/25 14:59,2025-07-02 18:02:21.515+00,175.617,C20,King's Pawn Game: Wayward Queen Attack,King's Pawn Game,3,5,23561,5.86,,,,,-5,19774,10.23,,,,,23,12,e4 e5 Qh5 g6 Qxe5+ Ne7 Qxh8 d5 Qxh7 dxe4 Bc4 Be6 Bxe6 fxe6 Nc3 Nbc6 Nh3 Nd4 Kd1 e5 Nxe4 Ndf5 Nf6#,"{30003,30003,29899,29827,29795,28307,29635,26619,28443,26267,28067,25115,27723,24915,27051,22939,26387,22635,24731,20387,24507,19774,23561}"
13392,uWHu9IUG,black,Drac25,swathi0485,win,outoftime,959,867,92,standard,blitz,blitz,300,0,5+0,lichess.org,15.0,-5.67,50.0,,02/07/25 14:50,2025-07-02 17:59:17.674+00,547.595,C44,King's Pawn Game: Schulze-Müller Gambit,King's Pawn Game,7,4,8223,5.45,,,,,-4,0,7.32,,,,,82,41,e4 Nc6 Nf3 e5 Nxe5 Nxe5 d4 Ng6 Bg5 Qxg5 g3 Qa5+ c3 Qb6 b4 Nf6 e5 Ne4 Qe2 Nxc3 Nxc3 Qxb4 Rc1 Qa5 Bg2 Ba3 Rc2 Bb4 O-O Bxc3 Rfc1 Bxd4 e6 dxe6 Rd2 Bb6 Rcd1 O-O Rd8 c6 Rxf8+ Kxf8 h4 e5 h5 Ne7 Qd3 Nd5 Bxd5 cxd5 Qxd5 Qxd5 Rxd5 Be6 Rd7 Rb8 Rd6 Bxa2 g4 h6 g5 hxg5 h6 gxh6 Rxh6 Ke7 Rh5 f6 Rh7+ Ke6 Rh5 Rd8 Kg2 Bd5+ f3 e4 fxe4 Bxe4+ Kg3 Bf5 Kf3 Rd5,"{30003,30003,29867,29859,29627,29539,29627,29139,29563,28667,29059,28147,28899,27667,28659,24027,28299,23483,27179,21051,26891,20883,25779,20411,24267,19867,23003,18875,21475,18675,20627,17427,19675,16619,16803,15587,13443,15371,12163,14731,11163,14499,9883,14219,9715,13075,8011,11947,6971,11731,6907,11563,6859,11419,6275,10867,5427,10371,5027,10067,3067,9803,2963,9659,2827,9523,2627,9347,2419,9291,2027,9067,1459,8795,1307,8571,1163,8443,793,8331,144,8223,0}"
13393,eTwuMciP,white,Drac25,paragyeole89,loss,outoftime,964,993,-29,standard,blitz,blitz,300,0,5+0,lichess.org,19.0,-3.37,54.0,,02/07/25 14:38,2025-07-02 17:48:22.174+00,572.482,B01,Scandinavian Defense,Scandinavian Defense,2,-5,0,10.72,,,,,5,4805,9.33,,,,,56,28,e4 d5 Qh5 dxe4 Bc4 e6 Bb5+ Nc6 Nc3 Bc5 Qxc5 Bd7 Bxc6 Bxc6 Qe5 Nh6 Qxg7 Rg8 Qxg8+ Nxg8 Nh3 e3 dxe3 Bxg2 Rg1 Qh4 Rxg2 Kf8 Nf4 Rd8 h3 Nh6 Bd2 b5 Rg1 e5 Nfd5 Qh5 e4 Qxh3 Nxb5 Qh2 Kf1 Qh3+ Ke1 Qf3 Bxh6+ Ke8 Nbxc7+ Kd7 Nb5 Qxe4+ Kf1 Qxd5 Ke2 Qxb5+,"{30003,30003,29899,29579,29835,29019,29011,27539,28371,27339,28083,25763,27123,25283,24843,24699,23939,22499,22747,22267,20907,21587,19931,21419,18891,16883,18091,16691,16307,14891,13667,14531,11939,14043,11603,13475,9587,12443,7291,11731,5979,11035,3139,9659,2627,8795,2275,7995,2139,7491,951,6955,449,5467,80,4805,0}"
13394,gTqYgUrJ,white,Drac25,Converse1,win,mate,960,892,68,standard,blitz,blitz,300,0,5+0,lichess.org,26.0,2.85,,,02/07/25 14:30,2025-07-02 17:35:09.52+00,260.84,C20,"King's Pawn Game: Wayward Queen Attack, Kiddie Countergambit",King's Pawn Game,4,4,15880,8.83,2.0,2.0,3.0,49.0,-5,19335,7.11,0.0,1.0,6.0,41.0,33,17,e4 e5 Qh5 Nf6 Qxe5+ Be7 Qg3 O-O Nc3 Bd6 e5 Re8 Nf3 Nh5 Qh3 Bxe5 Nxe5 Rxe5+ Be2 Qe8 O-O g6 Bxh5 Re1 g4 gxh5 gxh5 d6 Qg2+ Kh8 h6 Bf5 Qg7#,"{30003,30003,29915,29995,29707,29467,28995,28731,28315,28515,27739,27571,26091,26763,24563,26059,22563,25619,22379,25227,22227,24795,19947,23507,17067,22867,16635,21843,16347,21275,16291,19335,15880}"
13395,f1GMB2N4,black,Drac25,SergioVerona,win,mate,954,984,-30,standard,blitz,blitz,300,0,5+0,lichess.org,15.0,0.59,60.0,,02/07/25 14:20,2025-07-02 17:30:31.405+00,582.934,C60,Ruy Lopez: Cozio Defense,Ruy Lopez,6,6,1669,4.29,,,,,-6,3108,4.08,,,,,134,67,e4 Nc6 Nf3 e5 Bb5 Nge7 Nc3 a6 Bxc6 Nxc6 d4 Bb4 d5 Bxc3+ bxc3 Ne7 Nxe5 d6 Nd3 Ng6 g3 Bd7 h4 Qc8 a4 Bg4 f3 Bh3 Nf2 Bd7 a5 Ne5 g4 Bb5 Qd4 Nxf3+ Kd1 Nxd4 cxd4 h5 g5 g6 Ra2 Bc4 Rb2 O-O Re1 Qd7 Rxb7 Rab8 Ra7 Rb1 Rxa6 Qa4 Nd3 Bxa6 Ke2 Qxd4 Be3 Rxe1+ Kxe1 Qa1+ Kd2 Bxd3 cxd3 Qxa5+ Ke2 f6 gxf6 Rxf6 Bd2 Qb5 Bg5 Rf7 Ke3 c6 dxc6 Qxc6 Ke2 d5 Ke3 dxe4 dxe4 Rf8 e5 Re8 Kf4 Qc4+ Kg3 Kf7 Bf4 Qd3+ Kf2 Rxe5 Bxe5 Qf5+ Kg3 Qxe5+ Kh3 Kf6 Kg2 Kf5 Kf3 g5 hxg5 Kxg5 Kf2 Qh2+ Kf3 h4 Ke4 Kg4 Kd5 Qg2+ Ke6 h3 Kd6 h2 Ke6 h1=Q Kf6 Qa2 Ke5 Qa4 Kd6 Qb1 Ke6 Qbb5 Kf6 Qaa6+ Kg7 Qbb7+ Kh8 Qaa8#,"{30003,30003,29947,29931,29611,29515,29195,29379,29067,29299,28787,28731,27675,28003,27531,26843,27203,26331,26667,25035,24835,23459,24563,23155,22611,22939,22227,21883,21331,21179,20339,20947,19499,20251,18187,19219,17507,19107,17419,17803,17227,17611,16611,16707,15867,14467,15563,12651,15043,12059,14819,11659,14563,10955,13339,10771,12851,10011,12371,9739,12163,9571,12067,9283,11915,9051,11691,8851,10675,8667,10531,8387,9779,7683,9571,7395,9331,7195,9131,7003,8883,6851,8803,6259,8579,6123,8403,5915,7883,5739,7547,5379,7299,3731,7163,3603,6755,3563,6667,3355,6555,3299,6483,3171,6315,2995,5851,2619,5643,2355,5243,2259,5011,2211,4907,2211,4803,2115,4451,2115,4299,2051,4155,1907,3683,1851,3611,1787,3491,1747,3331,1699,3108,1669}"
13396,LKLi658C,white,Drac25,bilazer,win,timeout,948,957,-9,standard,blitz,blitz,300,0,5+0,lichess.org,,,,,02/07/25 14:18,2025-07-02 17:19:33.875+00,42.072,B20,Sicilian Defense,Sicilian Defense,2,6,26816,10.62,,,,,-23,22605,24.66,,,,,7,4,e4 c5 Qh5 Nf6 Qxc5 d6 Qb4,"{30003,30003,29883,29803,29691,29587,26816,22605}"
13397,S6lWm5i7,black,Drac25,Vitriol88,loss,resign,953,976,-23,standard,blitz,blitz,300,0,5+0,lichess.org,19.0,-4.01,,,02/07/25 14:11,2025-07-02 17:18:10.803+00,401.213,C44,Scotch Game,Scotch Game,5,-5,4556,9.79,,,,,6,16511,5.19,,,,,53,27,e4 Nc6 Nf3 e5 d4 Bb4+ c3 Ba5 b4 Bb6 Bc4 exd4 b5 Na5 Bxf7+ Kxf7 Ng5+ Kf8 Qf3+ Nf6 cxd4 Bxd4 Qa3+ Qe7 Qxa5 Bxa1 Ba3 Nxe4 Bxe7+ Kxe7 Qb4+ Nd6 O-O Bf6 Re1+ Kf8 Qf4 Nxb5 Qb4+ Nd6 Nc3 Bxg5 Nd5 a5 Qc3 b6 Qxc7 Ba6 Qxd6+ Kg8 Nc7 Ra7 Re8+,"{30003,30003,29851,29827,29715,29251,29171,28627,28955,28299,28243,26963,27219,25563,25699,24739,25523,23467,25275,23251,24843,22475,24315,21011,24123,20251,23907,18843,23571,18539,23419,18171,22819,16203,22587,15883,21579,14619,21195,13995,20243,13483,19723,10827,18699,8299,18227,7723,18051,7083,17243,5579,16511,4556}"
13398,uJCcuZ50,white,Drac25,Gewaltbesen,loss,resign,959,980,-21,standard,blitz,blitz,300,0,5+0,lichess.org,21.0,0.01,53.0,,02/07/25 14:03,2025-07-02 17:11:13.505+00,487.404,D01,"Rapport-Jobava System, with e6","Rapport-Jobava System, with e6",5,-6,3341,6.84,,,,,6,9550,5.38,,,,,78,39,d4 d5 Nc3 e6 Bf4 Bd6 e3 Bxf4 exf4 Nc6 Nf3 f6 a3 b6 Bb5 Bb7 O-O Qd6 b3 O-O-O Qd3 Qxf4 Bxc6 Bxc6 Nb5 Bxb5 Qxb5 Kb7 a4 a5 b4 Ra8 Ra3 Ne7 Rfa1 Nc6 c3 g5 bxa5 Rxa5 Qb1 g4 Ne1 g3 hxg3 Qh6 Rb3 Qd2 Nf3 Qh6 Qc1 Qxc1+ Rxc1 Rxa4 c4 dxc4 Rb5 Rd8 d5 exd5 Re1 h5 Re6 f5 Rf6 c3 Rxf5 c2 Rbxd5 c1=Q+ Kh2 Qh6 Rxh5 Qe6 Rde5 Qd6 Rh6 Qxh6+,"{30003,30003,29947,29875,29891,29795,29587,29603,29499,29563,29411,29459,29283,29387,28899,29291,27747,29019,26291,28795,23115,28627,22611,28499,22483,28299,22299,27899,21827,27747,21603,27523,20363,27075,19891,26867,19459,23499,18059,21651,16163,21443,15387,21307,14859,21019,12731,20219,12339,19299,11899,19139,11763,18811,11595,18035,10891,15067,9403,14947,8387,12987,8203,12779,7867,12219,7547,12075,6187,11651,5931,11067,5227,10579,4627,9811,3931,9550,3341}"
13399,0oOsaofc,black,Drac25,Rik_76,loss,outoftime,964,986,-22,standard,blitz,blitz,300,0,5+0,lichess.org,22.0,-0.02,41.0,,01/07/25 22:11,2025-07-02 01:17:11.274+00,364.072,C50,Italian Game: Anti-Fried Liver Defense,Italian Game,6,-5,0,10.0,,,,,5,12553,5.82,,,,,61,31,e4 Nc6 Nf3 e5 Bc4 h6 a3 Bc5 O-O Nf6 Nc3 O-O h3 d6 d3 Nd4 Nxd4 Bxd4 Nd5 c6 Nxf6+ Qxf6 c3 Bb6 b4 Be6 Bxe6 Qxe6 a4 a5 b5 cxb5 axb5 d5 exd5 Qxd5 c4 Qd7 Be3 Bxe3 fxe3 e4 d4 b6 Qe2 Qe6 Rfd1 Rac8 d5 Qe5 d6 Rxc4 Qxc4 Qg3 d7 Qxe3+ Kh2 Rd8 Rf1 Rxd7 Qc8+,"{30003,30003,29891,29859,29547,29651,29259,29539,28995,29067,28747,28363,28523,27939,28395,27755,26443,27099,26139,26659,25139,26491,24923,25659,23035,24827,22243,24539,21907,23219,21443,23003,21267,22563,20435,22219,19723,20427,18755,19539,18507,18779,18219,18067,16979,16891,16347,16187,15899,15755,15523,15475,14683,14963,14219,14611,13883,14163,13435,13337,12553,0}"
13402,d4TYjpCb,black,Drac25,Shanks59,loss,outoftime,969,1003,-34,standard,blitz,blitz,300,0,5+0,lichess.org,30.0,-5.39,43.0,,01/07/25 20:58,2025-07-02 00:07:11.261+00,550.126,B00,"Nimzowitsch Defense: Kennedy Variation, Linksspringer Variation",Nimzowitsch Defense,5,-5,0,8.33,,,,,6,6224,6.61,,,,,73,37,e4 Nc6 d4 e5 d5 Na5 Nc3 c6 Nf3 cxd5 Nxd5 Nf6 Nxf6+ Qxf6 Bg5 Qb6 Nxe5 f6 Qh5+ g6 Qh4 fxg5 Qxg5 Bb4+ c3 Bd6 Qf4 Rf8 Qg5 Qxf2+ Kd1 Bxe5 Qxe5+ Kd8 Qxa5+ b6 Qb4 Re8 Bb5 Bb7 Qd4 Qxd4+ cxd4 Bxe4 Re1 Bxg2 Rxe8+ Kxe8 Kd2 a6 Bc4 a5 Re1+ Kd8 a4 Rc8 Ba6 Rc6 Rg1 Bd5 Bb5 Rd6 Rf1 Bg2 Rf8+ Ke7 Rh8 Rxd4+ Kc3 Rd5 Rxh7+ Kd6 Rh6,"{30003,30003,29339,29771,29131,29043,28931,27859,27379,26883,26915,26059,26691,25635,25747,24579,24995,23147,23043,22563,22411,21707,22099,19483,21691,18251,20779,17019,19643,16667,19227,13579,18819,12571,17835,12211,17243,11307,16435,10683,13699,9707,13531,9539,13139,8795,12867,8699,12795,7691,12083,7507,11763,7219,10331,6491,9907,5771,9547,4851,8851,4403,8371,4187,8051,3899,7323,3699,6795,2523,6579,2292,6224,0}"
13403,ucRZfPxJ,white,Drac25,Ewade,loss,resign,975,946,29,standard,blitz,blitz,300,0,5+0,lichess.org,23.0,-0.64,42.0,,01/07/25 19:29,2025-07-01 22:37:30.955+00,463.338,B00,Pirc Defense,Pirc Defense,2,-6,6259,5.05,,,,,6,10048,4.34,,,,,94,47,e4 d6 Bc4 c6 Qh5 g6 Qf3 Nf6 Nc3 e5 Bb3 Bg7 Qe2 O-O Nf3 Bg4 h3 Bxf3 Qxf3 Nbd7 d3 a5 Bg5 b5 a4 Qb6 axb5 a4 Bxa4 Nc5 Bxf6 Bxf6 O-O Nxa4 Nxa4 Qxb5 Nc3 Qxb2 Ne2 Bg7 Rxa8 Rxa8 Ng3 Ra1 Qg4 Rxf1+ Nxf1 Qxc2 Qc8+ Bf8 Qc7 c5 Qc6 Qxd3 f3 Qd4+ Kh1 h5 Ng3 Qd1+ Kh2 h4 Nh1 Qd2 Qd7 Qf4+ Kg1 c4 Nf2 Qc1+ Kh2 c3 Ng4 Qf4+ Kg1 c2 Qa4 c1=Q+ Kf2 Qg3+ Ke2 Qxg2+ Kd3 Qxf3+ Ne3 Qcxe3+ Kc4 Qexe4+ Kb5 Qxa4+ Kxa4 Qd3 Kb4 e4,"{30003,30003,29499,29819,29251,29507,29099,29435,28619,29355,27891,29035,27731,28739,27595,28299,27115,28139,27035,28019,26435,27707,26099,27419,25075,27043,24083,26043,23283,24851,22971,24587,22787,24171,22155,23963,21723,23411,21187,22955,19779,22547,19107,22371,17963,21579,17819,21491,16795,21283,15075,20987,14219,20707,13715,20395,13571,19715,13187,18827,12979,17907,12443,17059,11731,16499,11411,15331,11075,14563,10515,14243,10235,13355,9779,12907,8667,12323,8547,11475,8187,10995,7723,10811,7347,10499,7179,10355,6987,10275,6907,10115,6731,10048,6259}"
13404,DRMQNdWG,white,Drac25,rekkaa,win,mate,969,948,21,standard,blitz,blitz,300,0,5+0,lichess.org,18.0,-0.39,37.0,,01/07/25 19:26,2025-07-01 22:29:32.727+00,200.567,C20,King's Pawn Game: Wayward Queen Attack,King's Pawn Game,3,6,19995,5.27,,,,,-6,21382,4.79,,,,,39,20,e4 e5 Qh5 Nc6 Bc4 g6 Qf3 Nf6 d3 d6 Bg5 Bg7 Bxf6 Bxf6 Nc3 Be6 Bxe6 fxe6 Nh3 Nd4 Qd1 Qe7 Ne2 Nxe2 Qxe2 O-O-O Qe3 d5 Qxa7 dxe4 O-O exd3 cxd3 Rxd3 Rad1 Rxd1 Rxd1 Rd8 Qa8#,"{30003,30003,29939,29595,29811,29347,29691,29123,29411,28763,29187,28243,28475,28131,28195,27251,27723,27099,26283,26915,25635,26355,25467,25891,25355,25659,24555,24779,24259,24515,23099,24179,22363,23539,20627,23323,20435,21382,19995}"
13405,YYDY18RQ,white,Drac25,edufernandez16,loss,resign,975,1004,-29,standard,blitz,blitz,300,0,5+0,lichess.org,18.0,-0.73,,,01/07/25 19:17,2025-07-01 22:25:54.084+00,490.068,B00,"Nimzowitsch Defense: Scandinavian Variation, Advance Variation",Nimzowitsch Defense,5,-6,1207,11.08,,,,,5,9928,8.03,,,,,52,26,e4 d5 e5 Nc6 d4 f6 Nf3 Bg4 exf6 Nxf6 Bg5 Bxf3 Qxf3 Nxd4 Qd3 e5 Bxf6 Qxf6 Nc3 c6 O-O-O e4 Qh3 Nf5 g4 Nh6 Rg1 Qg5+ Kb1 O-O-O Na4 Kc7 Be2 Nf7 f3 Be7 fxe4 dxe4 Rxd8 Bxd8 Qc3 Ne5 h3 Bf6 Qa5+ Kb8 Nc5 Qe3 Ba6 b6 Qb4 Qxg1+,"{30003,30003,29723,29883,29483,29491,28947,28915,28539,28435,28291,27939,27979,27499,26739,26587,25971,26315,25515,25179,23203,24971,22675,23811,21339,21755,20107,21075,19595,20611,18179,19827,16987,17451,16211,16067,15083,15643,14907,15027,13219,14331,12499,13563,9963,12563,8675,11195,5939,10539,2611,9928,1207}"
13406,YdAbpS9e,black,Drac25,SSSAigul,loss,outoftime,982,858,124,standard,blitz,blitz,300,0,5+0,lichess.org,28.0,-0.4,68.0,,01/07/25 19:07,2025-07-01 22:17:26.231+00,572.434,A00,Van't Kruijs Opening,Van't Kruijs Opening,1,-7,0,7.32,,,,,8,5143,6.06,,,,,83,42,e3 Nc6 Qf3 d5 e4 dxe4 Qxe4 Nf6 Qf3 g6 Qb3 Be6 Bc4 Bxc4 Qxc4 Bg7 Nc3 O-O Qf4 Nh5 Qc4 Nd4 Ne4 Ne6 d3 Nhf4 Kf1 Qd4 Qb5 b6 Ne2 Nxe2 Kxe2 Nf4+ Kf3 Nh5 Qc6 Rac8 Be3 Qxb2 Rab1 Qxa2 g4 Nf6 Nxf6+ exf6 g5 fxg5 Bxg5 Qe6 Qb7 Rce8 Qxc7 Qf5+ Bf4 Be5 Qxa7 Bxf4 Kg2 Bb8 Qxb6 Qg5+ Kf1 Re6 Qd4 Qf5 Re1 Rxe1+ Kxe1 Qf3 Kd2 Qxh1 Kc3 Qxh2 f4 Bxf4 Kc4 Be5 Qd5 Rc8+ Kb5 Qxc2 Qxe5,"{30003,30003,30003,29643,29363,29235,29131,29139,28963,27219,28659,26515,28371,25987,28187,24899,27851,24043,26779,22675,25707,20299,24475,17043,23379,16059,21747,13843,20219,11147,19507,10859,19043,10411,18531,9619,17515,8819,17243,8595,16619,8179,15315,7731,15155,7291,14987,6499,14507,4755,13571,4603,12595,4403,12395,3707,11723,3523,10707,2915,10459,2667,10163,1835,9067,1699,8355,1515,8131,1395,7835,1195,7395,802,7163,618,6579,474,5947,229,5523,145,5143,0}"
13407,hRX2pkVy,black,Drac25,AGOSTINOBOVE,loss,outoftime,987,1026,-39,standard,blitz,blitz,300,0,5+0,lichess.org,23.0,3.72,,,01/07/25 18:20,2025-07-01 21:29:25.784+00,530.401,C45,Scotch Game,Scotch Game,7,-5,0,13.04,,,,,6,8496,9.35,,,,,47,24,e4 e5 Nf3 Nc6 d4 exd4 Nxd4 Ne5 Nc3 Bb4 Bd2 Bxc3 Bxc3 c5 Nf5 Qf6 Bb5 Ne7 O-O O-O Nd6 N7c6 Qd5 Nb4 Qxc5 Nxc2 Rad1 a6 Bxe5 Qe6 Ba4 Qxa2 Bxc2 f6 Bd4 Qe6 Rde1 a5 e5 b6 Qxb6 fxe5 Bxe5 Ra6 Qd4 Rxd6 Bxd6,"{30003,30003,29795,29923,29723,29691,29667,29459,29051,28915,28555,28211,28323,28123,27267,25891,25931,25395,25011,24587,24635,21107,21531,15243,19819,13507,18819,11019,17779,9611,16555,7859,15547,6987,13771,3419,11771,1299,11643,842,10875,650,10483,241,8675,108,8496,0}"
13408,Fqq8kGsE,white,Drac25,MPLubin,win,resign,981,996,-15,standard,blitz,blitz,300,0,5+0,lichess.org,21.0,5.39,47.0,,01/07/25 15:14,2025-07-01 18:20:56.985+00,374.344,B00,Goldsmith Defense,Goldsmith Defense,2,6,3661,11.45,,,,,-6,20245,4.24,,,,,47,24,e4 h5 e5 h4 h3 d6 Nf3 Nf6 exf6 gxf6 Nc3 Be6 d4 c6 Be3 Bh6 Bxh6 Rxh6 Qd2 Rh8 Bd3 Qa5 O-O Bxh3 Rae1 Rg8 Nxh4 Qh5 Qe3 e6 Qxh3 Na6 a3 O-O-O Bxa6 bxa6 g3 f5 Qg2 Rg4 Qxc6+ Kb8 Qf3 Rxg3+ fxg3 f4 Qxh5,"{30003,30003,29579,30003,29411,29923,28587,29123,27419,29011,26651,28867,25019,28211,22955,27963,21747,27843,21275,27483,19787,27019,18875,26819,16667,26651,15707,25435,11619,24347,10371,23659,9403,23411,8283,23235,6595,22163,6267,21515,5587,21387,4483,21083,4219,20531,3661,20245}"
13409,fJLymtsb,black,Drac25,Nitin2209,loss,resign,988,958,30,standard,blitz,blitz,300,0,5+0,lichess.org,25.0,-4.11,,,01/07/25 15:07,2025-07-01 18:13:37.253+00,384.679,B00,Nimzowitsch Defense,Nimzowitsch Defense,2,-7,10137,9.03,,,,,6,11953,8.2,,,,,45,23,e4 Nc6 Qf3 e5 Bc4 Nf6 Qb3 Qe7 Nf3 d6 Ng5 Be6 Nxe6 fxe6 Bxe6 Nd4 Qa4+ c6 Bb3 b5 Qa6 Nxe4 c3 Qf6 f3 Nxf3+ gxf3 Qxf3 Rf1 Qh3 Qxc6+ Ke7 Qxa8 Qh4+ Kd1 Nf2+ Rxf2 Qxf2 Kc2 g6 Na3 Bg7 Qb7+ Kf6 Qf7+,"{30003,30003,29723,29755,29411,29203,28219,27739,26299,27491,25971,26747,25571,26531,24539,26195,23875,25747,23331,25131,22491,22731,22051,22147,21539,21379,21315,21051,19827,19035,19419,17963,18747,16987,17443,15427,15755,15179,14059,14443,13363,12011,13051,11499,11953,10137}"
13414,L7qdkLh3,white,Drac25,LuisHancco_UTP,loss,outoftime,970,997,-27,standard,blitz,blitz,300,0,5+0,lichess.org,20.0,-0.39,50.0,,30/06/25 22:43,2025-07-01 01:53:27.045+00,601.551,B01,Scandinavian Defense: Mieses-Kotroc Variation,Scandinavian Defense,4,-6,0,9.38,,,,,5,1685,9.13,,,,,64,32,e4 d5 exd5 Qxd5 Nc3 Qe5+ Qe2 Qf5 Nf3 Qxc2 g3 Bg4 Bg2 Nf6 O-O Nc6 Qc4 O-O-O Ng5 Rd4 Qxf7 Nh5 Bxc6 bxc6 Ne6 Bxe6 Qxe6+ Kb7 Qe5 c5 Qxh5 g6 Qf3+ Kb6 Nd5+ Ka5 Nc3 e5 Qb7 a6 Qxc7+ Kb4 Qb6+ Kc4 Qxa6+ Kb4 Qa4+ Qxa4 Nxa4 Kxa4 b3+ Kb4 Rd1 e4 Bb2 e3 dxe3 Rxd1+ Rxd1 Rg8 a3+ Kxb3 Bf6 Bh6,"{30003,30003,29627,29707,29467,29475,28891,29347,27043,28827,25611,28243,25291,27083,24587,26379,22995,25547,21835,21899,20611,19659,18739,17155,17611,14899,16651,14611,15691,12619,15243,11643,14923,11219,14019,10475,9571,9547,8115,8123,7595,7547,4779,7019,3683,6571,3451,5219,3291,4971,3003,4755,2115,3707,1811,3075,1363,2531,1067,2331,625,2099,101,1685,0}"
13415,xWRLJIUp,black,Drac25,GanaLieliPrieki,loss,outoftime,974,1094,-120,standard,blitz,blitz,300,0,5+0,lichess.org,20.0,2.66,50.0,,30/06/25 22:33,2025-07-01 01:43:00.715+00,553.048,C60,Ruy Lopez,Ruy Lopez,5,-4,0,7.9,,,,,4,7077,6.03,,,,,77,39,e4 e5 Nf3 Nc6 Bb5 h6 O-O Bd6 Nc3 Nf6 d3 Bc5 Be3 d6 Bxc5 dxc5 Nxe5 O-O Nxc6 bxc6 Bxc6 Rb8 Qf3 Bg4 Qf4 Be6 e5 Nh5 Qa4 Rxb2 Qxa7 Rxc2 Ne4 Qxd3 Nxc5 Qg6 Nxe6 fxe6 Qxc7 Nf4 g3 Ne2+ Kg2 Nd4 Qd6 Nxc6 Rac1 Qe4+ Kg1 Rxc1 Rxc1 Nxe5 Qxe6+ Kh7 Qe7 Nf3+ Kf1 Qxe7 Kg2 Nd4 Rc4 Ne2 Rc2 Nf4+ Kg1 Nh3+ Kg2 Qe4+ f3 Qxc2+ Kxh3 Rf4 gxf4 Qf2 Kg4 Qxf3+ Kxf3,"{30003,30003,29899,29835,29707,29499,29483,29211,29299,28299,28955,28115,28771,27459,28507,27179,28267,26547,28099,26099,27979,26027,26643,24691,26059,23187,24995,22387,23987,21283,23331,20939,22675,18419,22179,15931,21299,15507,20371,14619,19891,13779,19203,10563,14507,9875,14339,9187,13603,6059,10611,4371,10331,3403,9555,2267,8867,1659,8587,1475,8323,1187,8107,754,7827,531,7707,428,7555,300,7403,223,7283,116,7163,50,7077,0}"
13416,bOyjrc4r,white,Drac25,DrDalek994,loss,outoftime,979,977,2,standard,blitz,blitz,300,0,5+0,lichess.org,26.0,2.35,,,30/06/25 21:57,2025-07-01 01:07:30.326+00,619.479,C20,King's Pawn Game: Wayward Queen Attack,King's Pawn Game,3,-5,0,10.72,,,,,7,342,10.99,,,,,56,28,e4 e5 Qh5 Nc6 Bc4 g6 Qf3 Nf6 d3 Nd4 Qe3 Ng4 Qd2 h5 c3 Bh6 Qd1 Qf6 f3 d5 Bxd5 Ne3 Bxe3 Bxe3 cxd4 exd4 Na3 Qd6 Nb5 Qb4+ Nc3 Qxb2 Nce2 f5 a4 fxe4 fxe4 Bg4 Nf3 O-O-O Rb1 Qa3 Bxb7+ Kb8 Ba6+ Ka8 Bb7+ Kb8 Qb3 Bxf3 gxf3 Qd6 Bd5+ Kc8 Qb7+ Kd7,"{30003,30003,29915,29803,29803,29571,29659,29379,29323,28555,26931,27667,25131,26555,24731,26363,24083,25003,21883,22027,20939,21875,19875,21699,19291,20987,16451,15987,16043,15379,12819,15211,11147,11803,8235,11491,7675,11147,7307,10939,5595,5707,5139,5403,4035,5307,3411,4907,2067,3491,829,565,361,388,183,342,0}"
13417,x3bcasjq,black,Drac25,blunder3339,loss,outoftime,985,964,21,standard,blitz,blitz,300,0,5+0,lichess.org,28.0,-5.71,47.0,,30/06/25 21:46,2025-07-01 00:56:53.408+00,619.434,C46,Three Knights Opening,Three Knights Opening,5,-6,0,4.29,,,,,6,4081,3.7,,,,,141,71,e4 Nc6 Nf3 e5 Nc3 a6 a4 Nf6 h3 d5 exd5 Nxd5 Nxd5 Qxd5 Be2 Bc5 O-O e4 c4 Qf5 Nh4 Qf6 d3 Qxh4 dxe4 O-O Be3 Bxe3 fxe3 Qxe4 Qe1 Be6 Bf3 Qxc4 Qc1 Qxc1 Raxc1 Ne5 Be2 Ng6 Rxc7 b5 axb5 axb5 Rb7 Bc4 Bxc4 bxc4 Rc1 Rab8 Rxb8 Rxb8 Rxc4 Rxb2 Rc8+ Nf8 Kh2 Re2 Re8 f6 e4 Kf7 Ra8 Rxe4 Ra7+ Kg6 Ra8 Ne6 Kg3 f5 Ra6 h5 h4 Kf6 Kf3 Rg4 g3 Kf7 Ra7+ Kg6 Ra6 Kf6 Rb6 Ke5 Rb5+ Kd6 Rb6+ Ke7 Rb7+ Kf6 Rb6 g6 Rc6 Rd4 Ra6 Re4 Rb6 g5 hxg5+ Kxg5 Rb8 h4 gxh4+ Kxh4 Rh8+ Kg5 Rg8+ Kf6 Rh8 Ra4 Rh6+ Kg7 Rxe6 Ra3+ Kf4 Kf7 Rb6 Ra4+ Kxf5 Ke7 Rb7+ Kd6 Rb8 Kc7 Rb1 Ra5+ Kf6 Kd6 Rd1+ Kc5 Rc1+ Kb4 Rb1+ Kc3 Rb8 Ra6+ Kf5 Ra5+ Kf4 Ra4+ Kf3,"{30003,30003,29787,29915,29419,29659,29179,27571,28971,26963,28387,26731,28075,26579,27803,25875,27515,25179,26115,24011,24371,22619,23507,22051,22779,20683,21995,18467,21547,18147,21075,17651,20947,17275,19795,16339,19547,14627,19259,14211,19067,13723,18811,13539,17811,12627,17171,12459,16827,11731,16587,11467,16467,11259,16339,11099,15771,10931,15339,10771,15115,10603,14755,10435,14611,10195,14235,9459,13643,9315,12811,8963,12595,8643,12155,7035,11611,6275,11275,6059,11107,5827,10923,5651,10739,5443,10539,5227,10195,5059,10027,4947,9659,4779,9203,4571,8939,4435,8683,4131,8395,3739,8203,3603,8043,3267,7651,3091,7179,2771,7019,2563,6835,2547,6603,2507,6403,1827,6267,1675,6131,1571,5931,1427,5731,1307,5547,1211,5171,1011,5011,729,4867,647,4731,501,4331,309,4219,7,4081,0}"
13418,gMhnKXQL,white,Drac25,nielsonbezerra,loss,outoftime,992,948,44,standard,blitz,blitz,300,0,5+0,lichess.org,21.0,0.39,59.0,,30/06/25 21:35,2025-07-01 00:46:16.677+00,645.004,C20,King's Pawn Game: Wayward Queen Attack,King's Pawn Game,3,-7,0,6.98,,,,,6,1078,6.89,,,,,86,43,e4 e5 Qh5 Nc6 Bc4 Qe7 Nc3 Nf6 Qf3 d6 Nd5 Nxd5 Bxd5 Nd4 Qd3 Be6 Bxb7 Rb8 Bd5 Bxd5 exd5 Qd7 c3 Nb5 a4 a6 axb5 Qxb5 c4 Qb4 Nf3 Ra8 Qe4 f6 O-O Be7 d3 O-O Nh4 g6 Qg4 f5 Nxf5 Rxf5 Bh6 Rf7 Rac1 Qxb2 d4 exd4 Rcd1 a5 Rxd4 a4 Rdd1 a3 Qd4 Qxd4 Rxd4 a2 Ra1 Bf6 Be3 Bxd4 Bxd4 Ra4 Be3 Rxc4 Kf1 Rc2 Ke1 Rb2 Kd1 Rb1+ Rxb1 axb1=Q+ Bc1 Qe4 f3 Qxd5+ Bd2 Qa2 Ke2 Qb1 Kf2 Qh1,"{30003,30003,29939,29875,29787,29587,28979,29411,27955,28819,27595,28603,27427,28467,25707,27859,25187,27499,24891,27235,24763,26131,23987,25379,22699,22755,22115,21107,21171,19651,18403,19171,17515,18131,16667,17955,14363,17379,13923,14531,11563,13763,11099,11907,10619,10203,9227,9523,8691,9059,7979,7179,7411,6979,7283,6819,7211,6571,7035,6435,6939,5923,4979,5483,4883,4323,2603,3491,2211,3091,1723,2883,1547,2683,732,2459,732,2147,512,1763,369,1523,149,1243,10,1078,0}"
13419,wNG8Uzjz,black,Drac25,gbaker2010,loss,mate,997,1042,-45,standard,blitz,blitz,300,0,5+0,lichess.org,18.0,5.96,,,30/06/25 21:32,2025-07-01 00:35:14.587+00,161.734,C50,Italian Game: Anti-Fried Liver Defense,Italian Game,6,-5,24611,5.99,,,,,5,21130,8.87,,,,,21,11,e4 Nc6 Nf3 e5 Bc4 h6 d3 Bc5 O-O Nd4 c3 Nxf3+ Qxf3 f6 b4 Bb6 Be3 d6 Qh5+ Ke7 Qf7#,"{30003,30003,29819,29795,29443,29579,28955,29299,28739,28347,27547,27859,27371,27411,23843,26811,23523,26115,21651,24611,21130}"
13420,8IJSh7oT,white,Drac25,Pl_Manu384,win,resign,990,1059,-69,standard,blitz,blitz,300,0,5+0,lichess.org,15.0,-0.34,37.0,,30/06/25 21:27,2025-07-01 00:32:02.24+00,269.431,C20,King's Pawn Game: Wayward Queen Attack,King's Pawn Game,3,7,12234,6.83,,,,,-7,23632,2.45,,,,,53,27,e4 e5 Qh5 d6 Bc4 g6 Qf3 Nf6 d3 h6 Nc3 Nc6 Be3 Bg7 Nge2 Bg4 Qg3 Bxe2 Nxe2 Qe7 a3 O-O-O d4 d5 dxe5 Qxe5 Qxe5 Nxe5 Bxd5 Nxd5 exd5 Rxd5 O-O Nc4 Nc3 Nxe3 fxe3 Rdd8 Rxf7 Bxc3 bxc3 g5 Kf2 Rhf8 Rxf8 Rxf8+ Ke2 b5 a4 a6 axb5 axb5 Ra8+,"{30003,30003,29891,29875,29651,29875,29411,29875,29059,29435,26427,29339,25579,29107,22459,28715,21747,28395,21427,27947,20955,27843,20411,27651,18979,27499,18323,27499,18211,27379,18091,27267,17507,26435,16523,25819,16251,25379,15587,25307,15339,24963,13875,24707,12859,24707,12819,24371,12579,23987,12379,23987,12234,23632}"
13421,qaHKPSpT,black,Drac25,Rubazhabibi,loss,outoftime,995,992,3,standard,blitz,blitz,180,2,3+2,lichess.org,25.0,1.5,,,30/06/25 18:42,2025-06-30 21:48:02.504+00,311.591,B00,"Nimzowitsch Defense: Scandinavian Variation, Advance Variation",Nimzowitsch Defense,5,-5,0,7.2,,,,,6,15379,1.05,,,,,51,26,e4 Nc6 d4 d5 e5 e6 Bf4 Bb4+ c3 Be7 Bb5 Bd7 Nf3 f6 O-O fxe5 dxe5 a6 Bd3 Bc5 Qb3 b5 a4 b4 c4 Nd4 Nxd4 Bxd4 Qxb4 Rb8 Qd2 Bxb2 Ra2 Bd4 Bg5 Qc8 a5 h6 Bh4 g5 Bg3 Ne7 Qe2 Nf5 Qf3 Nxg3 Qxg3 Qd8 Qf3 Qe7 cxd5,"{18003,18003,17739,17715,17675,17635,17811,17091,17667,17147,17691,17035,17803,16907,17747,16795,17763,14747,17715,13379,17683,12435,17299,10939,17243,10059,17027,9891,16915,9243,15971,8915,15963,8475,15939,4723,15947,3051,15851,2899,15923,2723,15971,1691,15843,1139,15435,1083,15411,1098,15379,0}"
13422,GRaeyewq,white,Drac25,alimohamadifard,loss,outoftime,1002,968,34,standard,blitz,blitz,180,2,3+2,lichess.org,18.0,0.46,50.0,,30/06/25 17:58,2025-06-30 21:04:01.409+00,355.63,D01,Rapport-Jobava System,Rapport-Jobava System,5,-7,0,6.21,,,,,6,13201,1.72,,,,,58,29,d4 d5 Nc3 Nf6 Bf4 a6 Nf3 e6 Ne5 Nfd7 e4 Nxe5 dxe5 dxe4 Nxe4 Be7 Qxd8+ Bxd8 Bg5 Bxg5 Nxg5 f6 exf6 gxf6 Ne4 Nc6 Nxf6+ Kf7 Ne4 Nb4 Bd3 Bd7 O-O Bb5 Ng5+ Ke7 Rae1 Bd7 Bf5 Nxc2 Re2 Nd4 Re5 Nxf5 Rfe1 Ng7 R1e4 h6 Nxe6 Bxe6 Rc5 Rac8 Ra5 Rhd8 h3 c6 f3 Rd5,"{18003,18003,18131,18075,18259,18075,18091,18091,18147,17427,16491,17323,16531,17427,16459,16555,16259,16571,15339,16539,15395,16483,15435,16595,15403,16451,14691,16555,14419,16171,13819,16019,13819,15955,13083,15779,12427,15451,10771,15019,8059,14907,6747,14771,5531,14475,3923,13843,1539,13747,964,13571,888,13507,866,13091,439,13201,0}"
13423,qyB4B8gH,white,Drac25,ngrhmde,loss,outoftime,1008,986,22,standard,blitz,blitz,300,0,5+0,lichess.org,22.0,2.85,47.0,,30/06/25 00:29,2025-06-30 03:39:09.677+00,573.36,C20,King's Pawn Game: Wayward Queen Attack,King's Pawn Game,3,-6,0,6.82,,,,,6,7098,5.33,,,,,88,44,e4 e5 Qh5 Nh6 Qxe5+ Be7 Qxg7 Bf6 Qxh6 Nc6 a3 Nd4 Bc4 Nxc2+ Kd1 Nxa1 Qh5 Qe7 Nf3 c6 d3 d5 exd5 cxd5 Bxd5 Be6 Re1 O-O-O Bxe6+ fxe6 Bg5 Bxg5 Nxg5 Rxd3+ Nd2 Nb3 Rxe6 Rxd2+ Ke1 Qd7 Qg4 h5 Qf5 Nd4 Qc5+ Qc7 Qxc7+ Kxc7 Re7+ Kd8 Rxb7 Re8+ Kxd2 Re2+ Kd3 Rxf2 Kxd4 Rxg2 Ne6+ Ke8 Kd5 Rxh2 Rxa7 Rd2+ Ke5 Re2+ Kf6 h4 Nc7+ Kd7 Nd5+ Kd6 Nc3 Rf2+ Kg6 h3 Rd7+ Ke5 Re7+ Kf4 Nd5+ Kg3 Rh7 h2 Ne3 Kf3 Ng4 h1=Q,"{30003,30003,29931,29755,29707,29571,29547,28675,29259,28067,28427,27747,26667,27387,26339,27387,25963,26843,24995,25819,23563,25699,23243,25699,23003,25595,22307,24907,21859,24779,19155,23859,18955,23227,18195,22811,16131,22515,15739,21443,11787,17611,10043,17467,9691,15331,8547,15187,8171,14867,6579,14651,6363,13747,5835,11507,5123,11443,4875,11227,4723,10899,4459,10747,4283,10587,3731,10347,3323,9939,2731,9803,2371,9619,2139,9091,1819,8907,1563,8715,1339,8491,1091,8323,440,7627,255,7098,0}"
13424,846oKtnb,black,Drac25,markus26938,win,mate,1002,1039,-37,standard,blitz,blitz,300,0,5+0,lichess.org,,2.93,,,30/06/25 00:26,2025-06-30 03:29:17.747+00,173.412,B00,Nimzowitsch Defense: Declined Variation,Nimzowitsch Defense,3,6,20938,8.24,,,,,-6,22977,6.39,,,,,24,12,e4 Nc6 Nf3 Nf6 Bc4 Ne5 Bb3 Nxf3+ Qxf3 h6 e5 e6 exf6 Qxf6 Qd3 Bc5 O-O Bd6 Nc3 Qf5 Qe2 Qe5 Qc4 Qxh2#,"{30003,30003,29795,29443,29051,28443,28051,28219,27939,27747,27747,25179,27347,24731,25675,24403,25547,23467,25307,22475,24779,21507,22977,20938}"
13425,gpJVXudP,black,Drac25,parkwest50,loss,outoftime,1007,1013,-6,standard,blitz,blitz,300,0,5+0,lichess.org,23.0,-5.49,62.0,,30/06/25 00:18,2025-06-30 03:26:05.138+00,482.078,A00,Van Geet Opening,Van Geet Opening,1,-5,0,7.5,,,,,6,14858,3.79,,,,,81,41,Nc3 Nf6 Nf3 d5 d3 d4 Ne4 e5 Nxf6+ Qxf6 Bg5 Qb6 Nxe5 f6 Nc4 Qb4+ c3 Qc5 Bh4 Be6 cxd4 Bxc4 dxc4 Qb4+ Qd2 Qxc4 e3 Qd5 Qe2 Nc6 Qb5 O-O-O Bc4 Qxg2 Ke2 Qg4+ f3 Qxh4 Be6+ Kb8 Bg4 Bd6 a4 h5 Bf5 a6 Qc4 Na5 Qd5 Bb4 Be4 Rxd5 Bxd5 Rd8 Be4 Nc4 b3 f5 Bxf5 Nd6 Be4 Nxe4 fxe4 Qg4+ Kd3 c5 Rac1 Rc8 dxc5 Bxc5 Rhe1 b6 b4 Qd7+ Ke2 Bxb4 Rxc8+ Kxc8 Rd1 Qb5+ Rd3,"{30003,30003,30003,29547,29851,29203,29739,27867,29547,27483,29347,25899,29091,25339,28907,23283,28363,22555,27291,21555,26395,18211,26139,17923,25739,17467,25555,14579,24907,12891,24315,11747,23739,10771,23507,10339,22939,9971,22291,9275,21923,6667,21691,5675,21043,5347,20651,4851,19923,3523,19603,3347,19451,2603,19027,2443,18619,2259,17707,2051,17499,1915,17363,1747,17235,1211,16627,938,16299,788,15715,650,15579,545,15323,439,15171,319,15003,9,14858,0}"
13426,AMIp54gi,white,Drac25,RReyMonte,loss,outoftime,1011,1134,-123,standard,blitz,blitz,300,0,5+0,lichess.org,20.0,-0.39,47.0,,29/06/25 23:18,2025-06-30 02:26:45.523+00,504.34,B23,"Sicilian Defense: Closed, Traditional",Sicilian Defense,4,-4,0,9.68,,,,,4,11267,6.25,,,,,62,31,e4 c5 Nc3 Nc6 a3 d6 Nf3 e6 Bb5 Bd7 O-O e5 d3 Be7 Nd5 Nf6 Bxc6 Bxc6 Nxf6+ Bxf6 Be3 O-O Qd2 Qb6 b3 Bd7 b4 Rac8 bxc5 dxc5 Rab1 Qa6 Bg5 Bd8 Nxe5 Be6 Bxd8 Rfxd8 c4 f6 Nf3 Bxc4 Qf4 Bxd3 Rbd1 Bxf1 Rxf1 Qxa3 Qg4 Qa4 Nh4 Qd1 Qxd1 Rxd1 Rxd1 c4 h3 c3 Rc1 c2 Nf3 b5,"{30003,30003,29403,30003,29115,29875,28475,29803,28067,29555,26883,27899,26211,27811,24923,27403,24483,27251,23251,27131,22371,26843,22139,25971,21595,25259,21323,24667,20235,24435,18715,23883,18011,22707,16875,20379,13371,19939,10435,19267,8467,19091,5267,18563,4515,18379,4323,18107,1803,14611,1555,11827,823,11643,765,11515,514,11435,317,11323,63,11267,0}"
13427,huKmFdqC,white,Drac25,AllenTain,loss,outoftime,1017,1009,8,standard,blitz,blitz,300,0,5+0,lichess.org,21.0,-2.24,58.0,,29/06/25 23:08,2025-06-30 02:18:12.291+00,579.703,B08,Pirc Defense: Classical Variation,Pirc Defense,8,-6,0,8.33,,,,,6,3626,7.54,,,,,72,36,e4 g6 Nf3 Bg7 d4 d6 Nc3 Nf6 e5 dxe5 Nxe5 O-O h3 Nd5 Nxd5 Qxd5 Bc4 Qxg2 Qf3 Qxf3 Nxf3 Bf5 Bd5 c6 Bb3 Na6 a3 Rad8 Be3 Be4 Ke2 Nc7 c4 f5 Bf4 Ne6 Rad1 Nxf4+ Ke3 Ng2+ Ke2 g5 Rhg1 Bxf3+ Kxf3 Nh4+ Ke3 Bh6 Ke2 f4 f3 Nf5 h4 Nxh4 Kd2 Nxf3+ Kc2 Nxg1 Rxg1 f3 Rf1 g4 Kd3 f2 Ke2 g3 c5+ Kh8 d5 g2 Rh1 gxh1=Q,"{30003,30003,29547,29811,28635,29811,27931,29691,27723,29595,27451,28995,25267,28755,24627,28611,22699,28139,21915,26763,21419,25923,20555,25443,19867,24275,19627,24091,19259,23059,17307,21835,16851,20227,16235,18635,13587,18123,12571,18019,11675,13115,10595,11707,9771,11603,8651,10907,6843,8755,5211,7419,4555,7075,2891,6867,1923,6867,1787,6611,1435,6251,1107,5363,806,5187,469,4851,341,3787,285,3626,0}"
13428,NQ1dy61s,black,Drac25,hunlular,win,mate,1012,974,38,standard,blitz,blitz,300,0,5+0,lichess.org,17.0,-1.91,46.0,,29/06/25 22:58,2025-06-30 02:07:28.115+00,527.91,B00,Nimzowitsch Defense,Nimzowitsch Defense,2,5,4762,9.35,,,,,-18,4224,9.55,,,,,56,28,e4 Nc6 d3 e5 Be3 b6 f4 Bc5 Bxc5 bxc5 Nc3 exf4 Nd5 Nf6 c3 Nxd5 exd5 Ne5 d4 cxd4 cxd4 Ng6 Nf3 h6 Qe2+ Qe7 Ne5 O-O Qe4 Qb4+ Kf2 Qxb2+ Be2 f6 Nxg6 d6 Ne7+ Kf7 Rhb1 Qd2 Kf3 Re8 Nc6 Rxe4 Kxe4 Qxe2+ Kxf4 Qg4+ Ke3 Bf5 Rf1 Re8+ Kd2 Qxg2+ Kc1 Qc2#,"{30003,30003,29875,29619,29547,28459,29403,27539,27835,27211,27035,26779,26371,25099,24931,23707,24931,23619,23827,22459,23827,22147,22043,21339,20915,20211,19627,19411,17891,18563,17243,18259,16291,16147,15579,13771,14939,13147,13699,9571,10243,9355,7027,8371,7003,8099,6875,7187,6459,6283,5555,6043,5347,5563,4224,4762}"
13429,KM91w1rc,white,Drac25,hunlular,win,mate,1006,995,11,standard,blitz,blitz,300,0,5+0,lichess.org,24.0,3.3,40.0,,29/06/25 22:50,2025-06-30 01:58:24.705+00,458.962,C23,Bishop's Opening: Boi Variation,Bishop's Opening,4,6,8621,9.3,,,,,-21,10633,8.8,,,,,47,24,e4 e5 Bc4 Bc5 Nf3 Nf6 c3 d5 exd5 Nxd5 Bb3 O-O d4 exd4 cxd4 Re8+ Be3 Nxe3 fxe3 Rxe3+ Kf2 Qe7 dxc5 Bg4 Nbd2 Nc6 h3 Bxf3 Nxf3 Rd8 Qc2 Nd4 Qc4 Re2+ Kg3 Nxf3 gxf3 Qg5+ Qg4 Qxg4+ hxg4 Rxb2 Rad1 Rxd1 Rxd1 Rxa2 Rd8#,"{30003,30003,29515,29115,29387,28859,28715,28747,27515,28571,27051,28171,26371,27587,25675,27003,24803,26507,24675,25691,24131,22851,22947,22283,20707,21571,20515,21331,20387,17363,16107,15707,12579,14835,11667,13955,10955,13019,10051,12323,9931,11235,9019,10723,8787,10633,8621}"
13430,62m7ueW7,black,Drac25,David_Mahoney,win,resign,1000,1008,-8,standard,blitz,blitz,300,0,5+0,lichess.org,27.0,-0.26,51.0,,29/06/25 22:42,2025-06-30 01:50:29.76+00,467.138,C50,Italian Game: Anti-Fried Liver Defense,Italian Game,6,6,4231,5.6,,,,,-6,12711,3.68,,,,,94,47,e4 Nc6 Bc4 e5 Nf3 h6 d3 Bc5 O-O Nf6 h3 d5 exd5 Nxd5 Nc3 Nxc3 bxc3 O-O Bb5 Ne7 Nxe5 Bd6 Nf3 Nf5 Be3 b6 a4 Bc5 Bxc5 bxc5 d4 cxd4 cxd4 Bb7 c3 Bxf3 Qxf3 Nh4 Qg3 Nf5 Qf4 Nd6 Bc6 Rb8 Qe3 Nc4 Qf3 Nd2 Qe3 Nxf1 Rxf1 Re8 Bxe8 Qxe8 Qf3 Qxa4 Qf4 Qc4 Qf5 Qxc3 Rb1 Rxb1+ Qxb1 Qxd4 Qb8+ Kh7 Qxc7 Qa1+ Kh2 a5 Qxf7 a4 Qf5+ Kg8 Qd5+ Kf8 f4 a3 f5 a2 Qc5+ Kg8 Qc4+ Kh7 Qc2 Qb1 f6+ Kg8 Qb3+ Kh7 Qxa2 Qxa2 f7 Qxf7,"{30003,30003,29843,29675,29723,29443,29571,29243,29171,29147,28891,27779,28635,27635,27843,25643,27843,24691,27347,23611,26963,22355,26499,21059,25595,19427,25075,19243,24867,18987,24675,18611,24539,17467,23971,17243,23755,16907,23267,16011,22659,15443,22347,14723,21627,14299,21275,14147,20731,13963,20667,13803,20307,13707,20075,13515,18867,12163,18315,11523,18211,10475,18211,10227,17939,10059,17907,9219,17683,9171,17339,8859,17019,7451,16771,7035,16555,6787,16259,6011,15923,5555,15547,5347,15123,4787,14899,4635,14331,4483,13203,4339,13107,4231,12711}"
13431,NnyY5rIh,black,Drac25,MIGUELDEMIANCZUK,win,mate,994,1067,-73,standard,blitz,blitz,300,0,5+0,lichess.org,18.0,0.71,55.0,,29/06/25 22:32,2025-06-30 01:41:10.255+00,546.386,A01,Nimzo-Larsen Attack: Classical Variation,Nimzo-Larsen Attack,2,6,4147,7.84,,,,,-7,4909,7.6,,,,,68,34,b3 d5 Bb2 Nc6 g3 e5 Bg2 Nf6 Nf3 h6 Bxe5 Nxe5 Nxe5 Bd6 Nf3 Bg4 O-O Qd7 Nc3 Bh3 Nh4 Bxg2 Kxg2 g5 Nf3 c6 e3 Be5 d4 Bd6 Na4 b6 Qd3 Ne4 c4 g4 Nh4 O-O-O cxd5 cxd5 Qa6+ Qb7 Qxb7+ Kxb7 Nf5 Ba3 f3 gxf3+ Rxf3 h5 Ne7 Bxe7 Rxf7 Rhf8 Rxe7+ Kc8 Rxa7 Rf2+ Kh3 Ng5+ Kh4 Rg8 Nxb6+ Kb8 Rd7 Nf3+ Kxh5 Rxh2#,"{30003,30003,30003,29907,29747,29435,29427,29083,29307,28683,29035,26955,28307,26787,28019,26227,27571,25923,26891,25611,25595,24675,24179,24403,23291,23963,22363,23723,22011,23155,21563,21475,20747,20827,19875,20211,19211,18099,17811,17811,17387,16539,17011,16355,15691,14699,14107,13955,13859,12363,12091,12163,11819,10283,11147,9691,10939,7155,10595,6259,10299,5099,9611,4803,7003,4387,4909,4147}"
13432,baB2sg6G,white,Drac25,khaled-a-ymen,loss,mate,999,992,7,standard,blitz,blitz,180,2,3+2,lichess.org,25.0,-0.14,62.0,,29/06/25 19:39,2025-06-29 22:48:29.573+00,522.74,C20,King's Pawn Game: Wayward Queen Attack,King's Pawn Game,3,-5,2036,3.63,,,,,6,2007,3.64,,,,,90,45,e4 e5 Qh5 Nc6 Bc4 g6 Qf3 Nf6 d3 Nd4 Qd1 Bg7 Nf3 c5 c3 Nxf3+ Qxf3 O-O Bg5 Qb6 Qe3 h6 Bxh6 Bxh6 Qxh6 d5 exd5 Qxb2 O-O Qxa1 Qg5 Nh7 Qxe5 Bf5 Nd2 Qb2 Ne4 Bxe4 Qxe4 Rfe8 Qf4 Kg7 d6 Qxc3 Qxf7+ Kh8 h3 Qf6 Qxb7 Qxd6 Qb2+ Qe5 Qb5 Rab8 Qa6 Qe7 Qa3 Rbc8 Bb5 Rb8 Qxc5 Rxb5 Qxb5 Qe5 d4 Qxb5 Kh2 Qb2 Kg1 Qxd4 Kh2 Nf6 f3 Qe5+ Kg1 Qe3+ Kh2 Qd2 Kg1 Qxa2 Kh2 Qe2 Kg1 Nd5 Kh2 Ne3 Kg1 Qxf1+ Kh2 Qxg2#,"{18003,18003,18139,17771,18131,16195,18171,16243,18027,15683,15675,15755,15203,15283,14131,15283,14115,15035,13603,13643,12779,13163,12691,9899,12651,8843,12027,8899,9491,8611,8939,7683,8299,6259,7931,6195,6579,5507,6179,5443,5651,4755,5435,4211,4475,2779,3899,2171,3739,2051,3195,2027,2771,1387,2723,1267,2331,1035,2011,1139,1859,1203,1875,1219,1619,1307,1555,1251,1643,1323,1651,1467,1539,1523,1611,1627,1707,1547,1787,1627,1867,1731,1995,1787,2083,1899,1931,2019,2036,2007}"
13433,Ztm5Atzt,black,Drac25,championking2022,draw,draw,1000,991,9,standard,blitz,blitz,300,0,5+0,lichess.org,13.0,0.32,24.0,,28/06/25 22:44,2025-06-29 01:54:32.846+00,597.913,B00,Nimzowitsch Defense,Nimzowitsch Defense,2,-1,1010,4.6,,,,,0,4004,4.06,,,,,128,64,e4 Nc6 Nc3 Nf6 Bb5 e5 Bxc6 dxc6 Nf3 Bg4 h3 Bxf3 Qxf3 Bb4 O-O O-O a3 Bxc3 Qxc3 b5 f3 Qd4+ Qxd4 exd4 d3 c5 Bg5 Nh5 Rf2 f6 Bd2 c4 dxc4 bxc4 g4 c6 gxh5 c5 c3 dxc3 bxc3 h6 Be3 Rac8 Rb1 f5 exf5 Rxf5 Rb7 Re5 Bf4 Rxh5 Kh2 a6 Rb6 a5 Rb5 a4 Ra5 Rf8 Bd6 Rd8 Bxc5 Rd3 Ra8+ Kh7 Bb4 Rb5 Re2 Rxb4 cxb4 Rxf3 Re4 c3 Rc8 Rf2+ Kg3 Rd2 Rxc3 g5 Re7+ Kg6 Rc6+ Kh5 Rcc7 Rd3+ Kf2 Rxh3 Rh7 Rxa3 Rc6 Ra2+ Ke3 Kg4 Rhxh6 Rb2 Rb6 a3 Ra6 Rxb4 Rxa3 Rf4 Rg6 Rf3+ Ke2 Rxa3 Rf6 Ra2+ Kd3 Kg3 Rg6 g4 Ke4 Rf2 Ke3 Rf3+ Ke2 Kh3 Rh6+ Kg3 Rg6 Rf2+ Ke3 Rf3+ Ke4 Rf4+ Ke3 Rf3+,"{30003,30003,29803,29467,29667,27603,29499,27123,29387,26955,28979,26803,28915,26795,28667,26059,28411,25803,28219,25395,28091,24427,27395,24291,27307,24011,26475,23163,25107,21227,24131,20739,23971,20491,23883,20267,23635,19387,23291,18971,23131,18195,22739,16427,22411,15931,21747,15691,20155,14507,18811,13915,17979,13675,17427,13419,16275,13187,15995,12923,15275,12803,15083,12315,14451,12043,14219,10955,13195,10251,13003,9995,12307,9691,12155,9171,11891,8771,11531,8307,11187,8139,11003,7979,10291,7859,10059,7371,9211,6251,8691,5411,8411,4819,8219,4475,8003,4171,7475,3811,7315,3387,6715,3259,6539,3211,6251,2883,6115,2683,5923,2531,5675,2451,5355,2339,5195,2243,4715,2011,4467,1875,4315,1507,4155,1211,4003,1010,4004}"
13434,YbOTQmcZ,white,Drac25,Raul_Basurto,win,resign,994,971,23,standard,blitz,blitz,300,0,5+0,lichess.org,19.0,3.27,,,28/06/25 22:41,2025-06-29 01:43:42.325+00,123.432,A45,Indian Defense,Indian Defense,2,6,22980,4.13,,,,,-6,25593,2.76,,,,,34,17,d4 Nf6 Nc3 e6 Bf4 Bb4 e3 Nc6 Ne2 Qe7 a3 Ba5 b4 Bb6 b5 Nxd4 exd4 d5 Na4 a6 Nxb6 cxb6 bxa6 Rxa6 Ng3 Ne4 Bxa6 bxa6 Nxe4 dxe4 O-O f5 Qh5+ g6,"{30003,30003,29699,29891,29419,29787,28787,29267,28699,28899,28603,28651,28395,28499,28267,27595,27907,27443,27003,27051,26739,26731,26099,26571,25627,26283,25403,26067,25235,25915,24747,25819,23515,25593,22980}"
13435,Kygq3ECm,black,Drac25,bohnbohn93,loss,mate,999,1040,-41,standard,blitz,blitz,300,0,5+0,lichess.org,26.0,3.96,,,28/06/25 22:37,2025-06-29 01:41:00.189+00,211.921,D02,Queen's Pawn Game: Chigorin Variation,Queen's Pawn Game,4,-5,16733,8.85,,,,,23,23673,3.96,,,,,33,17,d4 Nc6 Nf3 d5 Nc3 Nf6 Qd3 Bg4 h3 Bxf3 exf3 e5 dxe5 Nxe5 Qb5+ Nc6 Bg5 Qb8 O-O-O d4 Re1+ Be7 Ne4 O-O Bxf6 Bxf6 Bd3 a6 Qh5 Qd8 Nxf6+ Qxf6 Qxh7#,"{30003,30003,29907,29883,29811,29523,29619,27891,29355,27683,29219,26915,28027,26731,27731,24379,27539,23667,26755,22115,26507,21579,26027,21267,25651,20451,25195,18931,24443,16947,23827,16733,23673}"
13436,VVjbWkxR,white,Drac25,bhavnark,loss,outoftime,1005,967,38,standard,blitz,blitz,300,0,5+0,lichess.org,16.0,2.72,58.0,,28/06/25 22:28,2025-06-29 01:36:58.745+00,534.138,C20,King's Pawn Game: Wayward Queen Attack,King's Pawn Game,3,-6,0,5.09,,,,,7,11280,3.23,,,,,118,59,e4 e5 Qh5 Qf6 Nf3 g6 Qh4 g5 Qg3 h6 Qxe5+ Qxe5 Nxe5 d6 Nc4 b5 Ne3 Bg7 Nd5 f5 Nxc7+ Kd7 Nxa8 Bb7 Bxb5+ Kc8 exf5 Bxa8 O-O Nf6 Nc3 a6 Bc4 Bc6 d3 Ba8 Be3 Nc6 a3 Ne5 Bb3 Neg4 h3 Nxe3 fxe3 Re8 e4 h5 Rae1 Kd7 g3 h4 gxh4 gxh4 Re2 Rg8 Bxg8 Nxg8 f6 Nxf6 e5 dxe5 Ne4 Nxe4 dxe4 Bc6 Rd1+ Ke6 Kg2 Bb5 Red2 Bf8 Rd8 Be7 Kf3 Bxd8 Kg4 Bc6 Rxd8 Bxe4 Kxh4 Bxc2 Re8+ Kd5 Kg5 e4 Kf4 Kd4 h4 Kd3 h5 a5 h6 Kd2 h7 e3 Rxe3 Bxh7 Kf3 Kc2 Re2+ Kb3 Ke3 Ka4 Kd2 Bg8 Kc3 Kb5 Re4 Ba2 Re5+ Kc6 Kd4 a4 Rc5+ Kb6 Ke5 Bb3,"{30003,30003,29947,29811,29563,29715,29203,29267,28259,28795,28099,28475,27931,28387,26555,28195,25691,27459,25427,26891,25099,26339,24835,26267,24179,26019,21787,25883,21555,25595,20683,24643,19467,24411,19115,24267,18331,23987,17779,23795,17163,23147,16763,22939,16555,22595,16339,21675,14747,21419,13131,20955,12531,20811,11163,20099,10891,19779,10371,19491,9795,19355,7387,18939,7099,18691,6331,18371,5707,18139,4907,17579,4571,17395,3995,17171,3731,17035,3139,16795,2987,16691,2811,16467,2643,16363,2411,15971,2147,15323,1987,14763,1867,14339,1331,14275,1163,13979,841,13683,283,13539,271,13363,271,13003,271,12579,266,12275,266,12091,75,11611,75,11475,75,11280,0}"
13437,KVRK1D6E,black,Drac25,Cris_Torres,win,resign,1000,1016,-16,standard,blitz,blitz,300,0,5+0,lichess.org,,-3.96,,,28/06/25 22:26,2025-06-29 01:27:27.424+00,83.307,B00,Nimzowitsch Defense: Declined Variation,Nimzowitsch Defense,3,5,26632,4.21,,,,,-32,25699,5.38,,,,,17,9,e4 Nc6 Nf3 Nf6 Nc3 d5 d3 d4 Nb5 a6 Nbxd4 Nxd4 Nxd4 Qxd4 Be3 Qxb2 Rb1,"{30003,30003,29947,29619,29683,29259,28827,28923,27339,27811,26819,27643,26611,27467,26131,27195,25699,26632}"
13438,0Oyzji3N,black,Drac25,mercman123,loss,outoftime,1007,890,117,standard,blitz,blitz,300,0,5+0,lichess.org,38.0,0.18,,,28/06/25 22:17,2025-06-29 01:24:51.234+00,417.667,A00,Van't Kruijs Opening,Van't Kruijs Opening,1,-7,0,11.11,,,,,7,20325,3.58,,,,,55,28,e3 Nc6 Qh5 Nf6 Qf5 d5 Qd3 g6 f3 Bf5 Qb5 Qc8 e4 dxe4 fxe4 Bxe4 d3 Bd5 c4 a6 Qb3 Na5 Qd1 Bc6 b4 Nxc4 dxc4 Bg7 b5 axb5 cxb5 Bd7 Bg5 O-O a4 b6 Ra3 Qb7 Qxd7 Rad8 Qh3 Rd5 Bxf6 Bxf6 Bc4 Re5+ Ne2 Rh5 Qd3 e6 a5 Rd8 Qf3 Qxf3 gxf3,"{30003,30003,29771,29659,29387,28803,29131,27523,29027,27307,28659,24483,28083,23979,27883,23163,27571,22387,27083,21211,26843,20691,26667,20099,25971,18619,25491,17203,24963,16963,24763,14867,24507,14179,24147,12707,23627,10891,23411,9627,22667,8547,22475,7803,22283,7147,22035,2499,21483,1835,21243,1515,20435,1107,20325,0}"
13439,p35CYnGc,black,Drac25,marioalejo,win,timeout,1003,918,85,standard,blitz,blitz,300,0,5+0,lichess.org,15.0,-0.31,29.0,,28/06/25 22:11,2025-06-29 01:16:12.449+00,267.12,B00,Nimzowitsch Defense: Declined Variation,Nimzowitsch Defense,3,4,15272,7.01,,,,,-4,12387,8.01,,,,,44,22,e4 Nc6 Nf3 d5 exd5 Qxd5 Nc3 Qe6+ Qe2 Qxe2+ Nxe2 Bg4 h3 Bxf3 gxf3 e5 Nc3 Nf6 Nb5 O-O-O Bd3 Bc5 b3 Nb4 Ba3 Nxd3+ cxd3 Bxa3 Nxa3 Kb8 Ke2 a6 Nc4 Rd4 Nxe5 Rhd8 Rhg1 Re8 Rg5 h6 Rg4 Rxg4 hxg4 Rxe5+,"{30003,30003,29875,29123,29523,28947,29347,27907,29227,27731,28027,27203,27763,27059,27715,26219,27587,25691,27219,24907,26515,21803,26235,20811,25667,19683,25531,19571,25323,19339,24851,19203,24595,18307,24315,17819,23123,17435,22203,15891,22011,15443,21915,15272,12387}"
13440,dWx8NXck,black,Drac25,MAMASTIFFLERA,loss,resign,1008,1019,-11,standard,blitz,blitz,300,0,5+0,lichess.org,,,,,28/06/25 22:07,2025-06-29 01:08:58.376+00,59.302,B00,"Nimzowitsch Defense: Scandinavian Variation, Exchange Variation",Nimzowitsch Defense,6,-5,23716,10.48,1.0,0.0,1.0,51.0,6,28553,2.42,0.0,0.0,0.0,97.0,13,7,e4 Nc6 d4 d5 exd5 Qxd5 Nf3 Bg4 Be2 Bxf3 Bxf3 Qxd4 Bxc6+,"{30003,30003,29899,28763,29523,28571,29323,27643,29027,26611,28939,26403,28553,23716}"
13441,lLQ2Tiyz,white,Drac25,ks2000,win,mate,1001,1119,-118,standard,blitz,blitz,300,0,5+0,lichess.org,23.0,-1.55,52.0,,28/06/25 21:54,2025-06-29 01:03:11.248+00,540.541,B00,Nimzowitsch Defense,Nimzowitsch Defense,2,7,1874,5.63,4.0,3.0,1.0,91.0,-7,7424,4.61,5.0,3.0,4.0,83.0,101,51,e4 Nc6 Qg4 Ne5 Qh5 d6 d4 Ng4 h3 N4f6 Qf3 e5 Bg5 exd4 Bb5+ c6 Bc4 Qd7 Bxf6 Nxf6 Ne2 b5 Bb3 Qe7 O-O Nxe4 Nxd4 Nd2 Nxd2 d5 Nxc6 Qc7 Rae1+ Be6 Bxd5 Rd8 Bxe6 fxe6 Nxd8 Qxd8 Rxe6+ Kd7 Qg4 Kc7 Nb3 h5 Qf4+ Kb7 Qf7+ Kc8 Re8 Qxe8 Qxe8+ Kc7 Qxb5 Rh6 Qa5+ Kb7 Nc5+ Bxc5 Qxc5 Rc6 Qxh5 a6 Qh7 Rc7 Rc1 g5 Qe4+ Kc8 Qg4+ Kb7 Qxg5 Kc6 h4 Kd6 h5 Kc6 Qg6+ Kb7 h6 Rc6 Qxc6+ Kxc6 h7 Kd7 h8=Q Kc6 Rd1 Kc5 Qh5+ Kc6 Rd8 Kc7 Rh8 Kc6 Rh6+ Kd7 Qf7+ Kd8 Rh8#,"{30003,30003,29931,29811,26891,29027,26275,28171,25331,27747,24451,26915,23907,26467,22523,25715,22387,24739,22139,24379,21483,23499,20859,23211,20251,22363,19827,21003,19291,20555,19139,20075,18707,19715,17963,19219,17603,18843,15931,18707,15355,18043,14179,17507,12803,16291,10083,15451,9659,14155,9379,13739,9219,13707,7747,13067,5963,12619,5483,12451,5291,12267,5043,11971,4595,11699,4259,11051,3771,10507,3267,10371,3171,10131,3083,9803,2899,9627,2763,9379,2731,9179,2419,9051,2419,8987,2331,8939,2195,8715,2195,8611,2115,8051,2115,7915,2075,7731,2019,7424,1874}"
13442,Ot9gNyQT,white,Drac25,Grandmasjer,loss,resign,1007,956,51,standard,blitz,blitz,300,0,5+0,lichess.org,15.0,-1.38,23.0,,28/06/25 21:44,2025-06-29 00:54:03.782+00,568.685,C24,Bishop's Opening: Berlin Defense,Bishop's Opening,4,-6,999,5.0,,,,,12,6454,4.13,,,,,116,58,e4 e5 Bc4 Nf6 d3 Nc6 Bg5 Bc5 Bxf6 Qxf6 Nf3 Nd4 O-O Nxf3+ Qxf3 Qxf3 gxf3 O-O Nc3 Bd4 Rae1 Bxc3 bxc3 d6 Re3 Bh3 Rfe1 c6 d4 exd4 cxd4 Rfe8 f4 Be6 f5 Bxc4 a4 d5 e5 f6 exf6 Rxe3 Rxe3 gxf6 Re6 Kf7 f4 Rg8+ Kf2 h5 Rd6 Ke7 Re6+ Kf7 h4 Rg4 Kf3 Rxh4 Kg3 Rh1 Kg2 Rf1 Kg3 Rc1 Rd6 Rxc2 Rd7+ Ke8 Rxb7 Rc3+ Kh4 Be2 Rxa7 Rf3 Ra8+ Kd7 Kxh5 Rh3+ Kg6 Bh5+ Kg7 Rg3+ Kf8 Rf3 Ra7+ Kd6 a5 Rxf4 a6 Rxd4 Rb7 Ra4 a7 d4 Kg7 Bf3 Kxf6 c5 Re7 d3 Re6+ Kd5 Re5+ Kc6 Re7 d2 Ke5 d1=Q f6 Qe2+ Kf5 Qc2+ Ke6 Qc4+ Kf5 Qf4+,"{30003,30003,29851,29539,29379,29051,29267,28667,29051,28419,27883,28035,27259,27283,27099,26963,26971,26875,26763,26091,25891,25899,25755,25579,25435,25219,25291,24523,23955,24187,23683,24139,22259,22939,22035,22811,21003,22611,20643,21883,19219,21699,19075,21547,18795,21283,17627,21019,17491,19475,17147,19075,16731,18827,16467,18651,16115,18475,15643,18307,14979,18123,14787,17115,14523,15091,13963,14963,13787,14899,13611,14611,13043,14323,12443,14115,12203,13867,11939,13451,11539,12835,11339,12435,10595,12243,9179,11371,8787,11243,8171,11083,7971,10171,7267,9835,6819,9723,6299,9211,5739,9091,5171,8771,4411,8363,3683,8075,2843,7955,2587,6987,1635,6723,1131,6454,999}"
13443,rtFP76is,white,Drac25,myselfakshai,win,outoftime,1003,887,116,standard,blitz,blitz,300,0,5+0,lichess.org,33.0,6.22,66.0,,28/06/25 21:33,2025-06-29 00:43:57.964+00,649.682,B00,Pirc Defense,Pirc Defense,2,4,549,4.91,2.0,5.0,2.0,90.0,-12,0,5.0,7.0,6.0,2.0,84.0,121,61,e4 d6 Bc4 Qd7 Nf3 Nc6 c3 e5 Ng5 h5 Qf3 g6 Bxf7+ Ke7 Be6 Qe8 Bd5 Nb8 Nf7 Rh7 Ng5 Rh6 Bxg8 Bg4 Qf7+ Kd8 Qxe8+ Kxe8 Bc4 d5 exd5 a5 d4 Ra6 Bxa6 bxa6 Ne6 Be7 Bxh6 Nc6 Nxc7+ Kd7 Nxa6 Nd8 O-O exd4 cxd4 h4 Nc3 a4 Nxa4 h3 gxh3 Bxh3 Rfe1 Bh4 N6c5+ Kc7 Ne4 Bc8 h3 g5 Rac1+ Kd7 Rxc8 Kxc8 Bxg5 Kd7 Bxh4 Nf7 Nac3 Nh6 a4 Kc7 a5 Kb7 Ra1 Ka6 d6 Nf7 d7 Nd8 f4 Nc6 f5 Nxd4 f6 Ne6 f7 Kb7 d8=Q Nxd8 f8=N Nc6 Rc1 Nxa5 Nd5 Ka6 Be1 Nb3 Rc6+ Kb5 Rc1 Ka4 Bh4 Nxc1 Be1 Na2 h4 Kb3 h5 Kc2 h6 Nc3 h7 Nxe4 h8=Q Nd2 Qh7+ Ne4 Ba5,"{30003,30003,29467,29755,28611,29643,27691,29083,27275,27915,26539,27811,24939,26499,22851,25811,19723,24283,18003,23483,17475,22475,16539,21011,14779,19579,12939,19243,12123,18307,11675,18307,11107,18307,10891,18195,10107,18195,9899,16251,9691,15747,9499,15235,9307,14163,9019,13411,8803,12787,8563,11603,7923,11443,7523,10227,6899,9763,5867,8827,5131,7451,4907,7123,4683,6883,4171,6827,4043,6019,3867,5075,3691,4715,3595,4371,3483,4171,3243,3347,3131,3291,2843,3203,2643,3075,2539,2907,2427,2443,2147,2219,2035,1859,1931,1715,1827,1627,1579,1627,1403,1467,1291,1259,1243,1235,899,1051,899,967,876,862,876,785,876,688,738,119,678,25,549,0}"
13444,qeGCAYHy,black,Drac25,grisha00,loss,timeout,1007,1111,-104,standard,blitz,blitz,180,2,3+2,lichess.org,18.0,1.74,,,27/06/25 22:13,2025-06-28 01:16:41.949+00,200.367,D02,Queen's Pawn Game: Chigorin Variation,Queen's Pawn Game,4,-4,6163,9.11,,,,,4,14260,2.88,,,,,27,14,d4 d5 Nf3 Nc6 a3 Nf6 g3 h6 Bg2 Bf5 O-O e6 Nh4 g5 Nxf5 exf5 e3 Ne4 c3 Bd6 Qb3 f4 Qxd5 fxg3 Qxe4+ Qe7 fxg3,"{18003,18003,18059,17731,18091,17795,18059,17291,18099,14627,17947,12299,17907,12163,17947,12211,16715,11755,16611,10803,16451,8987,15563,8795,15435,8083,14260,6163}"
13445,Po4vSbJ9,white,Drac25,Gege_123,loss,resign,1014,982,32,standard,blitz,blitz,300,0,5+0,lichess.org,32.0,-0.57,52.0,,27/06/25 21:58,2025-06-28 01:06:26.913+00,462.593,C20,"King's Pawn Game: Wayward Queen Attack, Kiddie Countergambit",King's Pawn Game,4,-7,6447,7.85,,,,,6,10173,6.61,,,,,61,31,e4 e5 Qh5 Nf6 Qxe5+ Be7 Bc4 O-O Qg3 Nc6 Nf3 Nxe4 Qf4 Nd6 d3 Nb4 Na3 Nxc4 Qxc4 Nc6 O-O Na5 Qg4 d5 Qd4 c5 Qc3 Bf6 d4 Nc4 Nxc4 dxc4 Bg5 Bxg5 Nxg5 Qxg5 dxc5 b5 c6 Qc5 Qf3 Be6 Rad1 a5 Rd2 a4 Rfd1 h6 Rd6 a3 Rd8 Raxd8 Rxd8 Rxd8 h3 axb2 Kh2 b1=Q c7 Re8 Qb7,"{30003,30003,29939,29811,29763,29651,29211,29459,28131,29235,26715,29075,25755,28147,25243,27427,24843,27075,24099,25507,23219,24771,21563,24403,19731,23491,16555,23035,16035,21003,15619,20867,15171,20115,14563,19883,14267,19147,13803,17603,12979,16651,11763,15651,10235,15195,10059,14939,9555,13363,9131,12819,8531,12483,8083,12267,7451,11907,7451,11219,6447,10173}"
13446,W6UE0jq0,black,Drac25,AylakAdam00,win,resign,1009,950,59,standard,blitz,blitz,180,2,3+2,lichess.org,19.0,1.4,34.0,,27/06/25 20:26,2025-06-27 23:35:09.369+00,503.298,B00,Nimzowitsch Defense,Nimzowitsch Defense,2,5,2908,2.9,,,,,-4,7134,2.05,,,,,106,53,e4 Nc6 g3 Nf6 Nc3 e5 Bg2 Bb4 Nf3 Bxc3 bxc3 Ne7 Nxe5 d5 d3 dxe4 dxe4 Qxd1+ Kxd1 Bg4+ Nxg4 Nxg4 Ke1 O-O Bh3 Nf6 f3 Ng6 Bg5 Nd7 f4 f6 Bxd7 fxg5 f5 Ne5 Be6+ Kh8 h4 gxh4 gxh4 Rad8 Rd1 h5 Rd5 Nf3+ Kf2 Rxd5 Bxd5 Ne5 Bxb7 g6 Ke3 gxf5 exf5 Ng4+ Kf4 Nf2 Rg1 Nh3+ Ke5 Nxg1 Bc8 Ne2 Be6 Nxc3 f6 Re8 f7 Rf8 Kf6 Kh7 Ke7 Kg7 a3 a5 Kd7 c5 Kc6 c4 Bxc4 Ne4 Kb5 Nd6+ Kc5 Nxc4 Kxc4 Rxf7 Kb5 Rf4 Kxa5 Rxh4 c4 Rxc4 Kb5 Rc1 a4 h4 a5 Ra1 a6 h3 Kb6 h2 a7 h1=Q,"{18003,18003,17987,17907,18019,17523,17915,17531,17827,17179,17611,15643,17467,14899,16715,14587,16627,14539,16611,14139,16603,14091,16699,13179,16675,13059,16571,12715,16275,11763,16059,11779,16067,11771,16003,11571,15947,11075,15171,10707,15251,9939,14963,9155,14227,8171,14139,7179,13779,7043,13195,6563,11131,6267,11219,5683,11139,5203,10651,5099,10323,5171,10019,5075,10043,4891,9955,4059,9803,3675,9875,3403,8923,3251,8091,2883,7163,2915,6419,2899,6427,2547,6411,2443,6323,2539,6459,2667,6635,2723,6835,2859,6947,2915,7139,3051,7235,3211,7379,3267,7579,3339,7635,3299,7771,2908,7134}"
13447,4Pe5hvRS,black,Drac25,jomjom,win,mate,1002,1064,-62,standard,blitz,blitz,180,2,3+2,lichess.org,22.0,1.01,,,27/06/25 20:20,2025-06-27 23:26:04.639+00,348.115,B00,Nimzowitsch Defense,Nimzowitsch Defense,2,7,2221,7.89,,,,,-7,8945,4.53,,,,,42,21,e4 Nc6 Nc3 Nf6 Nf3 b6 e5 Ng4 d4 Bb7 Bc4 e6 Ng5 Nh6 O-O f6 exf6 Qxf6 Nge4 Qg6 Ng3 Bd6 Nce4 Bxg3 Nxg3 O-O-O Bf4 Nf5 Bd3 Ncxd4 c3 Nc6 Nxf5 exf5 b4 Rhe8 b5 Ne5 Qa4 Nxd3 Qxa7 Qxg2#,"{18003,18003,18003,17643,18099,17299,18123,15779,18115,15395,18147,15043,17723,13507,17595,12803,17315,12235,16923,11659,15315,10691,13947,9995,13971,9683,12971,9395,12411,6875,12171,4723,11083,4451,9771,3731,9155,3387,9035,2819,8945,2221}"
13448,S6mmMrLw,white,Drac25,Ibn-iOMER,win,outoftime,996,1001,-5,standard,blitz,blitz,180,2,3+2,lichess.org,16.0,-0.69,,,27/06/25 20:14,2025-06-27 23:19:03.667+00,266.019,C20,King's Pawn Game: Wayward Queen Attack,King's Pawn Game,3,6,10470,5.79,,,,,-6,0,13.85,,,,,27,14,e4 e5 Qh5 d6 Bc4 g6 Qf3 Nf6 g4 Bxg4 Qb3 d5 exd5 b6 d3 Bc5 Bg5 O-O Nd2 h6 f3 hxg5 fxg4 Nxg4 O-O-O Be3 Kb1,"{18003,18003,18139,18203,17947,18275,17987,18235,17675,18043,16187,14827,15563,13731,14475,13323,14323,13243,12739,11763,12147,10915,12011,11075,11739,5857,10470,0}"
13449,99JDpcfo,black,Drac25,Nachesco,win,outoftime,991,981,10,standard,blitz,blitz,300,0,5+0,lichess.org,18.0,-0.33,30.0,,27/06/25 19:56,2025-06-27 23:06:58.43+00,616.152,A45,Indian Defense,Indian Defense,2,5,3533,4.99,,,,,-5,0,5.56,,,,,108,54,d4 Nf6 e3 e6 c4 Bb4+ Bd2 Nc6 Bxb4 Nxb4 a3 Na6 d5 b6 dxe6 dxe6 Qxd8+ Kxd8 Nc3 Ke7 O-O-O c6 b4 Rd8 Rxd8 Kxd8 c5 bxc5 Bxa6 Bxa6 bxc5 Nd5 Nxd5 exd5 f3 Rb8 e4 d4 Ne2 d3 Nd4 Kc7 Kd2 Rd8 Nf5 Bc4 Nxg7 Rg8 Nf5 Rxg2+ Kc3 Rc2+ Kd4 d2 Ne3 Rc1 Rd1 Bb3 Rxd2 Ra1 Nc4 Bxc4 Kxc4 Rxa3 f4 Ra4+ Kb3 Rxe4 f5 Re5 f6 Rxc5 Rg2 Rb5+ Kc4 a5 Rg7 Rb4+ Kc5 Rb2 Rxf7+ Kd8 Kxc6 Rc2+ Kd6 Rd2+ Kc6 a4 Rxh7 Ke8 f7+ Kf8 Rh4 a3 Ra4 a2 h4 Kxf7 h5 Kg7 Kb5 Kh6 Kb4 Kxh5 Kb3 Rh2 Rxa2 Rh3+,"{30003,30003,29715,28811,29355,28539,29083,27891,28827,27739,28251,27155,27875,26459,27683,25795,27467,25731,26979,24643,26715,24403,25531,22923,25291,22787,25099,21931,24907,21795,24659,21043,24459,20835,23827,20291,23259,20091,22563,19915,21227,19499,20107,19243,19667,17835,19011,17491,18027,17283,17595,16331,16875,15907,16507,14091,14307,13203,12883,12195,12315,11299,12059,11243,11779,11099,11363,10899,10891,10507,10083,10323,9835,10091,9475,9803,9195,9307,8843,7723,8515,7419,7891,7075,7523,6571,7243,6059,6603,5363,6419,5219,4971,5059,3179,4867,2075,4603,1363,4435,677,4283,423,4003,289,3827,49,3533,0}"
13450,DSLSw7y9,black,Drac25,Abalandari1968,loss,outoftime,997,981,16,standard,blitz,blitz,300,0,5+0,lichess.org,21.0,-4.03,38.0,,27/06/25 19:46,2025-06-27 22:56:22.443+00,602.555,A00,Global Opening,Global Opening,3,-6,0,6.82,,,,,6,3735,5.97,,,,,89,45,h3 e5 a3 Bc5 e4 Qh4 Qe2 Nf6 Nf3 Qxe4 Qxe4 Nxe4 Nxe5 Nxf2 Rg1 Ne4 d3 Bf2+ Ke2 Bxg1 dxe4 d6 Nf3 Bb6 Nc3 c6 Be3 Nd7 Bxb6 Nxb6 Re1 O-O Kd2 Be6 Kc1 Bc4 Bxc4 Nxc4 Kb1 b5 g4 f6 h4 a5 g5 fxg5 Nxg5 Rae8 Re2 b4 axb4 axb4 Na4 h6 Nf3 Rxf3 b3 Ne5 Nb6 Rf7 Nc4 d5 Nd6 dxe4 Nxe8 Rf1+ Kb2 Kf8 Nd6 Nf3 Rxe4 Kg8 h5 Ng5 Rxb4 Rf6 Ne8 Rf8 Nd6 Rd8 Nf5 Ne6 Rg4 Nf4 Rxg7+ Kf8 Rh7 Kg8 Rg7+,"{30003,30003,29835,29483,29571,29227,29075,27787,28907,26795,28035,26603,27899,25371,27531,25291,26883,23691,25083,22611,24979,21803,23747,20579,23323,20235,23139,19499,22955,19339,22795,19067,22643,18131,22195,17955,21467,17827,21395,17139,20731,16459,20531,16131,19563,15507,19339,13955,16323,12955,16083,12771,15115,11667,14595,11059,12955,10819,12483,9051,10931,8163,10731,6883,10219,6547,9971,3939,9747,3627,9411,2787,8459,2091,7483,1819,6571,1259,6259,871,5851,683,4891,469,4635,278,4347,117,3735,0}"
13451,2ypeUMlm,white,Drac25,rstolia123,win,mate,992,911,81,standard,blitz,blitz,300,0,5+0,lichess.org,14.0,4.73,55.0,,27/06/25 19:38,2025-06-27 22:45:51.939+00,459.693,C20,King's Pawn Game: Wayward Queen Attack,King's Pawn Game,3,5,6363,6.06,,,,,-5,10480,5.14,,,,,79,40,e4 e5 Qh5 Qe7 Nf3 g6 Qxe5 Qxe5 Nxe5 Bd6 Nc4 b5 Nxd6+ cxd6 Bxb5 a6 Ba4 Ne7 Nc3 O-O d4 Bb7 d5 f5 f3 fxe4 fxe4 Rf2 Kxf2 g5 Bxg5 Ng6 Kg3 Kg7 Raf1 h6 Be3 Ne5 Bd4 Kg6 Bxe5 dxe5 Rf5 d6 Rhf1 Ra7 Rf6+ Kg7 Rxd6 Bc8 Rff6 Re7 Rxh6 Bd7 Bxd7 Nxd7 Rdg6+ Kf7 d6 Re8 Nd5 Nc5 Kg4 Nxe4 Rh4 Nf2+ Kf3 Nd1 Rf6+ Kg7 Rhh6 Nxb2 Rfg6+ Kf7 Rg5 e4+ Kg4 Nc4 Rf6#,"{30003,30003,29931,29603,29347,29491,29163,29171,29051,28195,28259,26483,27587,26227,27283,25675,26587,25203,25771,25123,24675,22867,23619,22123,21939,21835,21699,21139,21267,20667,20883,20131,19811,19835,17475,19707,16035,19587,15451,17979,15259,17931,14579,17771,14323,17139,13963,16843,13819,16507,13315,16347,13043,15363,12867,15139,12403,14787,11971,13987,11459,13131,10483,12987,9531,12819,8611,11835,8267,11611,7955,10995,7739,10739,7011,10643,6715,10480,6363}"
